grupo,variable,n,pearson,spearman,abs_pearson,abs_spearman
ARQ,rival_historico_duelWonPercent,492,-0.1347014710339884,-0.13625838498634252,0.1347014710339884,0.13625838498634252
ARQ,rival_historico_passes,492,-0.12012274004407682,-0.13124243003211333,0.12012274004407682,0.13124243003211333
ARQ,rival_historico_accuratePasses,492,-0.12072707046715413,-0.12998486118700722,0.12072707046715413,0.12998486118700722
ARQ,rival_historico_yellowCards,492,0.09024496258470674,0.12114912502560488,0.09024496258470674,0.12114912502560488
ARQ,rival_historico_ballPossession,492,-0.1062986608304556,-0.11593506219769902,0.1062986608304556,0.11593506219769902
ARQ,rival_historico_fouls,492,0.1086847352759056,0.11364817596570169,0.1086847352759056,0.11364817596570169
ARQ,rival_historico_freeKicks,492,-0.11142824597947115,-0.1109536372441428,0.11142824597947115,0.1109536372441428
ARQ,rival_historico_totalClearance,492,0.07382843631713197,0.10868205909820153,0.07382843631713197,0.10868205909820153
ARQ,rival_historico_groundDuelsPercentage,492,-0.09265615781670213,-0.104162802566788,0.09265615781670213,0.104162802566788
ARQ,historico_shotsOffGoal,496,-0.07381289914480889,-0.10238340789500486,0.07381289914480889,0.10238340789500486
ARQ,rival_historico_shotsOnGoal,492,-0.07556294681538048,-0.09644817418942524,0.07556294681538048,0.09644817418942524
ARQ,historico_accurateCross,496,-0.08652874419221772,-0.09553972431770374,0.08652874419221772,0.09553972431770374
ARQ,rival_historico_fouledFinalThird,492,-0.08714777921974988,-0.08828092109578407,0.08714777921974988,0.08828092109578407
ARQ,rival_historico_ballRecovery,492,-0.057470038871509865,-0.08124957466021203,0.057470038871509865,0.08124957466021203
ARQ,historico_totalClearance,496,-0.07034055337207915,-0.08064177081110599,0.07034055337207915,0.08064177081110599
ARQ,rival_historico_aerialDuelsPercentage,492,0.05459800332972212,0.07857819755384729,0.05459800332972212,0.07857819755384729
ARQ,historico_wonTacklePercent,496,-0.0778454613677864,-0.07759216158492849,0.0778454613677864,0.07759216158492849
ARQ,historico_accurateLongBalls,496,0.050424979706883394,0.06996971359012602,0.050424979706883394,0.06996971359012602
ARQ,historico_totalTackle,496,-0.060670418475370136,-0.06509724445586945,0.060670418475370136,0.06509724445586945
ARQ,historico_offsides,496,0.052047979171264865,0.06446234695337996,0.052047979171264865,0.06446234695337996
ARQ,rival_historico_dispossessed,492,0.04940675048795829,0.06411145398515651,0.04940675048795829,0.06411145398515651
ARQ,rival_historico_dribblesPercentage,492,-0.07758433682507208,-0.05990832674039335,0.07758433682507208,0.05990832674039335
ARQ,historico_blockedScoringAttempt,496,0.011210401578396735,0.057085274240462384,0.011210401578396735,0.057085274240462384
ARQ,rival_historico_expectedGoals,188,0.004339637318891772,-0.05607548801369911,0.004339637318891772,0.05607548801369911
ARQ,rival_historico_interceptionWon,492,0.043716878441717746,0.05025581691485112,0.043716878441717746,0.05025581691485112
ARQ,rival_historico_wonTacklePercent,492,0.054353051171948746,0.04649009967818847,0.054353051171948746,0.04649009967818847
ARQ,historico_dispossessed,496,-0.0216731252533648,-0.04645382996394671,0.0216731252533648,0.04645382996394671
ARQ,historico_totalShotsInsideBox,496,-0.05086343424839407,-0.045058339491893966,0.05086343424839407,0.045058339491893966
ARQ,historico_expectedGoalsOnTarget,190,-0.006932070403830036,0.04474837952721871,0.006932070403830036,0.04474837952721871
ARQ,rival_historico_accurateLongBalls,492,-0.02489381318686687,-0.044138187358567,0.02489381318686687,0.044138187358567
ARQ,historico_totalShotsOnGoal,496,-0.033845729376147965,-0.043953104141877204,0.033845729376147965,0.043953104141877204
ARQ,historico_bigChanceMissed,494,0.04054792844467101,0.043760339360689446,0.04054792844467101,0.043760339360689446
ARQ,rival_historico_expectedGoalsOnTarget,188,-0.002133725735210881,-0.04000433462981575,0.002133725735210881,0.04000433462981575
ARQ,rival_historico_totalShotsInsideBox,492,-0.023997394139677688,-0.039121478692295146,0.023997394139677688,0.039121478692295146
ARQ,rival_historico_touchesInOppBox,492,-0.019631897374342254,-0.03647471132129675,0.019631897374342254,0.03647471132129675
ARQ,rival_historico_offsides,492,-0.023923130652052465,-0.036084498155644705,0.023923130652052465,0.036084498155644705
ARQ,rival_historico_bigChanceCreated,492,-0.04971042905607592,-0.03492454037269576,0.04971042905607592,0.03492454037269576
ARQ,rival_historico_totalShotsOnGoal,492,-0.018727405495301306,-0.0338525879388626,0.018727405495301306,0.0338525879388626
ARQ,historico_dribblesPercentage,496,-0.07157393452622533,-0.03311501299828374,0.07157393452622533,0.03311501299828374
ARQ,historico_cornerKicks,496,-0.031870343896977314,-0.03031874977648263,0.031870343896977314,0.03031874977648263
ARQ,rival_historico_finalThirdEntries,492,0.041283891452022534,0.029778229567526283,0.041283891452022534,0.029778229567526283
ARQ,historico_bigChanceCreated,496,0.030999146707801815,0.02940001254441245,0.030999146707801815,0.02940001254441245
ARQ,rival_historico_shotsOffGoal,492,0.004680480356136769,0.025644050292022973,0.004680480356136769,0.025644050292022973
ARQ,historico_duelWonPercent,496,0.0195116045058211,0.023506287857887862,0.0195116045058211,0.023506287857887862
ARQ,historico_finalThirdEntries,496,0.040170503158629425,0.021539867558199744,0.040170503158629425,0.021539867558199744
ARQ,historico_fouls,496,-0.008929202520550275,-0.020671265230614657,0.008929202520550275,0.020671265230614657
ARQ,rival_historico_bigChanceMissed,490,-0.03175748790495355,-0.020558023621675324,0.03175748790495355,0.020558023621675324
ARQ,historico_passes,496,0.017460342253844255,0.02012262061064338,0.017460342253844255,0.02012262061064338
ARQ,historico_yellowCards,496,0.023933491917544958,-0.019227145611343616,0.023933491917544958,0.019227145611343616
ARQ,historico_goalkeeperSaves,496,0.009521823165247995,-0.01790133855311936,0.009521823165247995,0.01790133855311936
ARQ,historico_accuratePasses,496,0.012445054891849723,0.017106971864467104,0.012445054891849723,0.017106971864467104
ARQ,historico_interceptionWon,496,-0.004515520917501327,-0.016417866381881918,0.004515520917501327,0.016417866381881918
ARQ,historico_freeKicks,496,0.020646802808434873,0.01582022928762034,0.020646802808434873,0.01582022928762034
ARQ,historico_groundDuelsPercentage,496,-0.052819180904896956,-0.01552795277157765,0.052819180904896956,0.01552795277157765
ARQ,rival_historico_goalkeeperSaves,492,-0.010717687158786349,0.012352141913477426,0.010717687158786349,0.012352141913477426
ARQ,historico_aerialDuelsPercentage,496,-0.01535931380933403,-0.010526063466689476,0.01535931380933403,0.010526063466689476
ARQ,historico_ballPossession,496,0.0028834221644438354,0.00992222237443718,0.0028834221644438354,0.00992222237443718
ARQ,historico_touchesInOppBox,496,-0.03864014338251428,-0.009336963486878095,0.03864014338251428,0.009336963486878095
ARQ,historico_shotsOnGoal,496,0.006696585887050309,0.008990330826678133,0.006696585887050309,0.008990330826678133
ARQ,historico_totalShotsOutsideBox,496,-0.005117134182968896,-0.008956394775423654,0.005117134182968896,0.008956394775423654
ARQ,rival_historico_accurateCross,492,-0.02601062193384383,-0.008859343561961408,0.02601062193384383,0.008859343561961408
ARQ,rival_historico_totalShotsOutsideBox,492,-0.006810898997275396,-0.008641912574594067,0.006810898997275396,0.008641912574594067
ARQ,historico_ballRecovery,496,-0.00651603498087636,-0.0073599570260288105,0.00651603498087636,0.0073599570260288105
ARQ,historico_expectedGoals,190,-0.04250020347926393,0.00733375268064934,0.04250020347926393,0.00733375268064934
ARQ,historico_fouledFinalThird,496,0.008829016749093331,-0.0021278448280244813,0.008829016749093331,0.0021278448280244813
ARQ,rival_historico_blockedScoringAttempt,492,0.020034015494489212,0.001599843144673182,0.020034015494489212,0.001599843144673182
ARQ,rival_historico_cornerKicks,492,0.0014048892811024435,-0.0005905747953497683,0.0014048892811024435,0.0005905747953497683
ARQ,rival_historico_totalTackle,492,0.011224755473911533,-0.0001654333609323406,0.011224755473911533,0.0001654333609323406
DEF,historico_passes,2515,0.1810011970738652,0.16396620645044802,0.1810011970738652,0.16396620645044802
DEF,historico_accuratePasses,2515,0.18065247707581847,0.16352789581872026,0.18065247707581847,0.16352789581872026
DEF,historico_ballPossession,2515,0.16421971417393352,0.15574471418574432,0.16421971417393352,0.15574471418574432
DEF,historico_totalClearance,2515,-0.1332881270186738,-0.1496636035440221,0.1332881270186738,0.1496636035440221
DEF,rival_historico_expectedGoals,968,-0.09464180109329619,-0.12572439286934967,0.09464180109329619,0.12572439286934967
DEF,historico_fouledFinalThird,2515,0.09760403886381207,0.12017889000645429,0.09760403886381207,0.12017889000645429
DEF,historico_duelWonPercent,2515,0.10728298429299948,0.1172920879686738,0.10728298429299948,0.1172920879686738
DEF,historico_cornerKicks,2515,0.1185050838514214,0.1135885362378215,0.1185050838514214,0.1135885362378215
DEF,historico_freeKicks,2515,0.10705371969584702,0.11234825831000021,0.10705371969584702,0.11234825831000021
DEF,historico_fouls,2515,-0.10612667042532382,-0.11028972452948813,0.10612667042532382,0.11028972452948813
DEF,rival_historico_ballPossession,2490,-0.09054134635497503,-0.1053172716368325,0.09054134635497503,0.1053172716368325
DEF,historico_shotsOnGoal,2515,0.09914311987335425,0.10384750478530448,0.09914311987335425,0.10384750478530448
DEF,rival_historico_duelWonPercent,2490,-0.09098908618364974,-0.10063285135343282,0.09098908618364974,0.10063285135343282
DEF,historico_totalShotsOnGoal,2515,0.09640876275385299,0.09982818901663894,0.09640876275385299,0.09982818901663894
DEF,historico_yellowCards,2515,-0.08804078844358458,-0.09955485863984612,0.08804078844358458,0.09955485863984612
DEF,rival_historico_groundDuelsPercentage,2490,-0.08639371555919968,-0.09717220457148645,0.08639371555919968,0.09717220457148645
DEF,historico_ballRecovery,2515,0.08247165509933457,0.09714477034034268,0.08247165509933457,0.09714477034034268
DEF,historico_totalShotsOutsideBox,2515,0.09285527176052694,0.0970415494140161,0.09285527176052694,0.0970415494140161
DEF,historico_groundDuelsPercentage,2515,0.08375468716968429,0.0966600634323241,0.08375468716968429,0.0966600634323241
DEF,historico_aerialDuelsPercentage,2515,-0.08697025606236404,-0.09361277038305411,0.08697025606236404,0.09361277038305411
DEF,rival_historico_fouls,2490,0.07993824565058814,0.09298199890417982,0.07993824565058814,0.09298199890417982
DEF,rival_historico_totalClearance,2490,0.06459893499026402,0.08952786035488135,0.06459893499026402,0.08952786035488135
DEF,historico_touchesInOppBox,2515,0.075512580399905,0.08920331710915132,0.075512580399905,0.08920331710915132
DEF,rival_historico_accuratePasses,2490,-0.09165729533882169,-0.08591776809414832,0.09165729533882169,0.08591776809414832
DEF,rival_historico_freeKicks,2490,-0.08846856960430143,-0.08424790197809297,0.08846856960430143,0.08424790197809297
DEF,rival_historico_passes,2490,-0.08839894205368674,-0.08334339765454636,0.08839894205368674,0.08334339765454636
DEF,rival_historico_shotsOnGoal,2490,-0.08528145499655733,-0.08326068686991439,0.08528145499655733,0.08326068686991439
DEF,rival_historico_expectedGoalsOnTarget,968,-0.04954649750534223,-0.08226909372194377,0.04954649750534223,0.08226909372194377
DEF,historico_totalShotsInsideBox,2515,0.06309217685675128,0.07639933077163634,0.06309217685675128,0.07639933077163634
DEF,historico_expectedGoalsOnTarget,978,0.06896827614912773,0.076224466935733,0.06896827614912773,0.076224466935733
DEF,historico_blockedScoringAttempt,2515,0.06258855821051616,0.07260640492290986,0.06258855821051616,0.07260640492290986
DEF,rival_historico_dribblesPercentage,2490,-0.0646154647691859,-0.06940127108235164,0.0646154647691859,0.06940127108235164
DEF,rival_historico_yellowCards,2490,0.045501738542778544,0.06505194017142879,0.045501738542778544,0.06505194017142879
DEF,rival_historico_fouledFinalThird,2490,-0.06127314352605842,-0.06309184986456251,0.06127314352605842,0.06309184986456251
DEF,historico_shotsOffGoal,2515,0.07212780148002146,0.06196852618128757,0.07212780148002146,0.06196852618128757
DEF,historico_offsides,2515,0.058202618187560014,0.05904133520799817,0.058202618187560014,0.05904133520799817
DEF,rival_historico_totalShotsInsideBox,2490,-0.05686945914880176,-0.05898513653121141,0.05686945914880176,0.05898513653121141
DEF,rival_historico_dispossessed,2490,0.0357380153160967,0.057120098581183915,0.0357380153160967,0.057120098581183915
DEF,historico_goalkeeperSaves,2515,-0.04302157003856745,-0.055921777455413234,0.04302157003856745,0.055921777455413234
DEF,rival_historico_finalThirdEntries,2490,0.0646497874689825,0.0533993306741113,0.0646497874689825,0.0533993306741113
DEF,historico_expectedGoals,978,0.04024093051742429,0.050289445517325775,0.04024093051742429,0.050289445517325775
DEF,rival_historico_bigChanceCreated,2490,-0.06412042543463688,-0.048299154383074715,0.06412042543463688,0.048299154383074715
DEF,rival_historico_aerialDuelsPercentage,2490,0.05172486758130263,0.047908853582352307,0.05172486758130263,0.047908853582352307
DEF,rival_historico_touchesInOppBox,2490,-0.03461421955278604,-0.047393837224312826,0.03461421955278604,0.047393837224312826
DEF,historico_bigChanceMissed,2506,0.062491757907716085,0.04685625637252722,0.062491757907716085,0.04685625637252722
DEF,rival_historico_offsides,2490,-0.024470086726248296,-0.039792273836248185,0.024470086726248296,0.039792273836248185
DEF,rival_historico_totalShotsOnGoal,2490,-0.03128155080326703,-0.03799710057805563,0.03128155080326703,0.03799710057805563
DEF,rival_historico_interceptionWon,2490,0.0058757574476703605,0.03757612810667359,0.0058757574476703605,0.03757612810667359
DEF,historico_accurateCross,2515,0.047178302715936524,0.036769160518351045,0.047178302715936524,0.036769160518351045
DEF,historico_interceptionWon,2515,-0.014299747606381247,-0.03545756175280737,0.014299747606381247,0.03545756175280737
DEF,rival_historico_accurateLongBalls,2490,-0.028992605802493923,-0.03510811975545626,0.028992605802493923,0.03510811975545626
DEF,historico_accurateLongBalls,2515,0.04674776651631665,0.03360742398864723,0.04674776651631665,0.03360742398864723
DEF,rival_historico_blockedScoringAttempt,2490,-0.012922333135900018,-0.03244041282694773,0.012922333135900018,0.03244041282694773
DEF,historico_dribblesPercentage,2515,0.044048858652328354,0.03080646581561542,0.044048858652328354,0.03080646581561542
DEF,rival_historico_cornerKicks,2490,-0.018486217604925952,-0.029953261530339982,0.018486217604925952,0.029953261530339982
DEF,rival_historico_goalkeeperSaves,2490,0.0010703280285493271,0.024747330084075446,0.0010703280285493271,0.024747330084075446
DEF,rival_historico_bigChanceMissed,2480,-0.05085431319088799,-0.0226897918429324,0.05085431319088799,0.0226897918429324
DEF,historico_bigChanceCreated,2515,0.04576014672079306,0.021788752304173913,0.04576014672079306,0.021788752304173913
DEF,historico_finalThirdEntries,2515,-0.017576683738514048,-0.020762528603669533,0.017576683738514048,0.020762528603669533
DEF,rival_historico_accurateCross,2490,0.021640730846639894,0.020743769272820987,0.021640730846639894,0.020743769272820987
DEF,rival_historico_shotsOffGoal,2490,0.015201494379017846,0.020468837078317068,0.015201494379017846,0.020468837078317068
DEF,rival_historico_wonTacklePercent,2490,0.016887082177647207,0.019521961741512203,0.016887082177647207,0.019521961741512203
DEF,rival_historico_ballRecovery,2490,-0.004413437641001739,-0.01440400855651888,0.004413437641001739,0.01440400855651888
DEF,historico_totalTackle,2515,-0.003102235176089858,0.01313635446166278,0.003102235176089858,0.01313635446166278
DEF,rival_historico_totalShotsOutsideBox,2490,0.0048651630685515685,0.007579013308259325,0.0048651630685515685,0.007579013308259325
DEF,rival_historico_totalTackle,2490,-0.004074334028117847,-0.004784672918780044,0.004074334028117847,0.004784672918780044
DEF,historico_wonTacklePercent,2515,-0.022274650907782235,-0.0026263082683663005,0.022274650907782235,0.0026263082683663005
DEF,historico_dispossessed,2515,0.01277076836840981,-0.0005572500237867456,0.01277076836840981,0.0005572500237867456
VOL,historico_accuratePasses,3031,0.17389596766124688,0.16364156799944757,0.17389596766124688,0.16364156799944757
VOL,historico_passes,3031,0.17155661873804917,0.1613844664864905,0.17155661873804917,0.1613844664864905
VOL,historico_totalClearance,3031,-0.12008204346106881,-0.14981425621678218,0.12008204346106881,0.14981425621678218
VOL,historico_fouls,3031,-0.14702542840303348,-0.14393688397282556,0.14702542840303348,0.14393688397282556
VOL,historico_ballPossession,3031,0.13780957807458646,0.14016938636296425,0.13780957807458646,0.14016938636296425
VOL,historico_yellowCards,3031,-0.11859084146102841,-0.1320110910762399,0.11859084146102841,0.1320110910762399
VOL,historico_duelWonPercent,3031,0.1366455888498716,0.12807299884936219,0.1366455888498716,0.12807299884936219
VOL,historico_aerialDuelsPercentage,3031,-0.11902167762471368,-0.1251465889511129,0.11902167762471368,0.1251465889511129
VOL,historico_groundDuelsPercentage,3031,0.12223914584390887,0.11696088367889892,0.12223914584390887,0.11696088367889892
VOL,historico_freeKicks,3031,0.11761756815662347,0.11349731817633442,0.11761756815662347,0.11349731817633442
VOL,historico_ballRecovery,3031,0.08938362871645263,0.10869108094282662,0.08938362871645263,0.10869108094282662
VOL,rival_historico_ballPossession,3049,-0.10679417266689188,-0.10846915818292782,0.10679417266689188,0.10846915818292782
VOL,rival_historico_accuratePasses,3049,-0.10745893368987276,-0.10195861799818574,0.10745893368987276,0.10195861799818574
VOL,historico_shotsOnGoal,3031,0.0996385531100962,0.10119707258828672,0.0996385531100962,0.10119707258828672
VOL,rival_historico_totalClearance,3049,0.07513529617169785,0.1001202892182164,0.07513529617169785,0.1001202892182164
VOL,rival_historico_passes,3049,-0.1052908900355732,-0.09981737539376241,0.1052908900355732,0.09981737539376241
VOL,historico_expectedGoals,1132,0.08299335731796473,0.09098360667417238,0.08299335731796473,0.09098360667417238
VOL,rival_historico_fouls,3049,0.06809332005154614,0.08182805573268791,0.06809332005154614,0.08182805573268791
VOL,rival_historico_duelWonPercent,3049,-0.06530433486544684,-0.08060165013923264,0.06530433486544684,0.08060165013923264
VOL,historico_totalShotsInsideBox,3031,0.08339372566742329,0.08021743032011648,0.08339372566742329,0.08021743032011648
VOL,rival_historico_fouledFinalThird,3049,-0.0699739858732159,-0.07865669443883523,0.0699739858732159,0.07865669443883523
VOL,historico_touchesInOppBox,3031,0.0713438394195489,0.07556253088345544,0.0713438394195489,0.07556253088345544
VOL,rival_historico_freeKicks,3049,-0.07669203256610485,-0.0747211074204502,0.07669203256610485,0.0747211074204502
VOL,historico_cornerKicks,3031,0.065800180718558,0.07431078665236908,0.065800180718558,0.07431078665236908
VOL,rival_historico_yellowCards,3049,0.0527673021809692,0.07369530279781447,0.0527673021809692,0.07369530279781447
VOL,historico_dribblesPercentage,3031,0.089322994741351,0.07134772221904782,0.089322994741351,0.07134772221904782
VOL,historico_totalShotsOnGoal,3031,0.06844516850467706,0.07036775622743317,0.06844516850467706,0.07036775622743317
VOL,rival_historico_shotsOnGoal,3049,-0.06991671094550267,-0.06718404352621328,0.06991671094550267,0.06718404352621328
VOL,historico_accurateLongBalls,3031,0.07519324818897637,0.06605633598112755,0.07519324818897637,0.06605633598112755
VOL,rival_historico_dispossessed,3049,0.042624961514584885,0.060381739748758115,0.042624961514584885,0.060381739748758115
VOL,historico_fouledFinalThird,3031,0.05695957983840404,0.05895152640406432,0.05695957983840404,0.05895152640406432
VOL,rival_historico_aerialDuelsPercentage,3049,0.058194224555456864,0.05538060351272372,0.058194224555456864,0.05538060351272372
VOL,rival_historico_goalkeeperSaves,3049,0.034716168340622716,0.05518963933149692,0.034716168340622716,0.05518963933149692
VOL,rival_historico_groundDuelsPercentage,3049,-0.034707328693208764,-0.053256303417000286,0.034707328693208764,0.053256303417000286
VOL,rival_historico_cornerKicks,3049,-0.04965566294174722,-0.04924657540822081,0.04965566294174722,0.04924657540822081
VOL,historico_bigChanceCreated,3031,0.07866862753496677,0.047015193404138456,0.07866862753496677,0.047015193404138456
VOL,rival_historico_expectedGoals,1144,-0.034174152172020085,-0.04618201451184315,0.034174152172020085,0.04618201451184315
VOL,rival_historico_accurateLongBalls,3049,-0.04038834683011163,-0.04456296738059019,0.04038834683011163,0.04456296738059019
VOL,rival_historico_totalShotsInsideBox,3049,-0.0419413978483047,-0.04414487821212276,0.0419413978483047,0.04414487821212276
VOL,rival_historico_totalShotsOnGoal,3049,-0.044831995343306445,-0.04334721128354577,0.044831995343306445,0.04334721128354577
VOL,rival_historico_bigChanceCreated,3049,-0.05693393156371567,-0.042307039042036365,0.05693393156371567,0.042307039042036365
VOL,rival_historico_touchesInOppBox,3049,-0.029352084180855064,-0.040853441736418354,0.029352084180855064,0.040853441736418354
VOL,historico_bigChanceMissed,3021,0.08167484388336634,0.04056019140578472,0.08167484388336634,0.04056019140578472
VOL,historico_blockedScoringAttempt,3031,0.0369696870431793,0.03864460834080131,0.0369696870431793,0.03864460834080131
VOL,historico_offsides,3031,0.05155122406132105,0.03776705731241626,0.05155122406132105,0.03776705731241626
VOL,historico_finalThirdEntries,3031,-0.05218811602540034,-0.03746336110659588,0.05218811602540034,0.03746336110659588
VOL,rival_historico_blockedScoringAttempt,3049,-0.02741491050502576,-0.03735926981364284,0.02741491050502576,0.03735926981364284
VOL,historico_goalkeeperSaves,3031,-0.030447729552837276,-0.03637558266262164,0.030447729552837276,0.03637558266262164
VOL,historico_totalShotsOutsideBox,3031,0.028449168302468065,0.03440743229320083,0.028449168302468065,0.03440743229320083
VOL,historico_shotsOffGoal,3031,0.030901716779648192,0.031305491591757925,0.030901716779648192,0.031305491591757925
VOL,rival_historico_expectedGoalsOnTarget,1144,-0.02166590299920713,-0.03089010613674481,0.02166590299920713,0.03089010613674481
VOL,rival_historico_wonTacklePercent,3049,0.034889042322790366,0.027485139124090417,0.034889042322790366,0.027485139124090417
VOL,rival_historico_accurateCross,3049,0.025478665548835336,0.02679258743444285,0.025478665548835336,0.02679258743444285
VOL,rival_historico_ballRecovery,3049,-0.018015229560651415,-0.02556877675595815,0.018015229560651415,0.02556877675595815
VOL,historico_totalTackle,3031,0.02355150352591882,0.025362680829582724,0.02355150352591882,0.025362680829582724
VOL,historico_accurateCross,3031,0.025466616465792256,0.025150605229135287,0.025466616465792256,0.025150605229135287
VOL,rival_historico_totalShotsOutsideBox,3049,-0.03122989144511779,-0.024501950730312704,0.03122989144511779,0.024501950730312704
VOL,rival_historico_bigChanceMissed,3036,-0.051471943184004915,-0.023616583583951384,0.051471943184004915,0.023616583583951384
VOL,historico_dispossessed,3031,-0.018671440659785522,-0.022501224818762537,0.018671440659785522,0.022501224818762537
VOL,rival_historico_totalTackle,3049,0.030259587026632062,0.02049584614195107,0.030259587026632062,0.02049584614195107
VOL,rival_historico_dribblesPercentage,3049,-0.012940088549052934,-0.019891335685050908,0.012940088549052934,0.019891335685050908
VOL,rival_historico_finalThirdEntries,3049,0.01678240814805839,0.019635829727531327,0.01678240814805839,0.019635829727531327
VOL,historico_wonTacklePercent,3031,0.016696871390070925,0.014071944946688087,0.016696871390070925,0.014071944946688087
VOL,rival_historico_offsides,3049,-0.0055200552503328875,-0.01388852169145635,0.0055200552503328875,0.01388852169145635
VOL,historico_expectedGoalsOnTarget,1132,-0.0012181633595786353,0.005551039518581191,0.0012181633595786353,0.005551039518581191
VOL,rival_historico_interceptionWon,3049,-0.013347278774515747,-0.0038265621042624714,0.013347278774515747,0.0038265621042624714
VOL,historico_interceptionWon,3031,0.017110089849417955,-0.0026736314092836717,0.017110089849417955,0.0026736314092836717
VOL,rival_historico_shotsOffGoal,3049,-0.01418996866569264,0.0009381915521432623,0.01418996866569264,0.0009381915521432623
DEL,historico_expectedGoals,584,0.13252196882085088,0.1766551204641136,0.13252196882085088,0.1766551204641136
DEL,historico_shotsOnGoal,1539,0.11543062481364588,0.14493077470012375,0.11543062481364588,0.14493077470012375
DEL,rival_historico_expectedGoalsOnTarget,586,-0.10464819829439018,-0.13939456233396885,0.10464819829439018,0.13939456233396885
DEL,historico_duelWonPercent,1539,0.11706560941527552,0.1380425838500157,0.11706560941527552,0.1380425838500157
DEL,historico_dispossessed,1539,-0.11063447971384435,-0.13626424794258288,0.11063447971384435,0.13626424794258288
DEL,historico_accuratePasses,1539,0.1080955605361775,0.12481018850021505,0.1080955605361775,0.12481018850021505
DEL,historico_passes,1539,0.10476551919577469,0.11981119557254055,0.10476551919577469,0.11981119557254055
DEL,rival_historico_ballPossession,1564,-0.09744865463002204,-0.11864054572323456,0.09744865463002204,0.11864054572323456
DEL,rival_historico_passes,1564,-0.11220147761673467,-0.11790505263924682,0.11220147761673467,0.11790505263924682
DEL,rival_historico_accuratePasses,1564,-0.11069440960961227,-0.11730775776983303,0.11069440960961227,0.11730775776983303
DEL,historico_ballPossession,1539,0.099343431699413,0.11620388470115432,0.099343431699413,0.11620388470115432
DEL,rival_historico_expectedGoals,586,-0.08985268087556866,-0.11234055631386584,0.08985268087556866,0.11234055631386584
DEL,rival_historico_totalClearance,1564,0.10199165519084702,0.11055813980389155,0.10199165519084702,0.11055813980389155
DEL,historico_bigChanceCreated,1539,0.11773179920150796,0.10648772171156771,0.11773179920150796,0.10648772171156771
DEL,historico_groundDuelsPercentage,1539,0.06381626492290562,0.10578380433287868,0.06381626492290562,0.10578380433287868
DEL,historico_expectedGoalsOnTarget,584,0.07499901921143953,0.10343942578645411,0.07499901921143953,0.10343942578645411
DEL,historico_fouls,1539,-0.09192499599713916,-0.09481191704925969,0.09192499599713916,0.09481191704925969
DEL,historico_freeKicks,1539,0.06510323649424911,0.09119207894506433,0.06510323649424911,0.09119207894506433
DEL,historico_interceptionWon,1539,-0.07704050005275487,-0.09027109970293597,0.07704050005275487,0.09027109970293597
DEL,historico_yellowCards,1539,-0.05911330299298165,-0.09013883970316972,0.05911330299298165,0.09013883970316972
DEL,historico_fouledFinalThird,1539,0.06846770718674289,0.09000414359960507,0.06846770718674289,0.09000414359960507
DEL,rival_historico_shotsOnGoal,1564,-0.05914490985555788,-0.0870049788560698,0.05914490985555788,0.0870049788560698
DEL,rival_historico_duelWonPercent,1564,-0.07317278153578652,-0.08579214578582293,0.07317278153578652,0.08579214578582293
DEL,rival_historico_fouls,1564,0.07611495285652177,0.07972103133579109,0.07611495285652177,0.07972103133579109
DEL,rival_historico_freeKicks,1564,-0.06602189573765867,-0.07389582293924334,0.06602189573765867,0.07389582293924334
DEL,rival_historico_yellowCards,1564,0.035458217947215806,0.07148570291892549,0.035458217947215806,0.07148570291892549
DEL,historico_totalClearance,1539,-0.027658740260013845,-0.07038684660129224,0.027658740260013845,0.07038684660129224
DEL,historico_finalThirdEntries,1539,-0.08067972201839893,-0.07009761214854762,0.08067972201839893,0.07009761214854762
DEL,historico_totalShotsInsideBox,1539,0.04466205949148639,0.06494763286302066,0.04466205949148639,0.06494763286302066
DEL,rival_historico_blockedScoringAttempt,1564,-0.04183366186533235,-0.0646696709978771,0.04183366186533235,0.0646696709978771
DEL,rival_historico_totalShotsOnGoal,1564,-0.04686436911921081,-0.05924554255839684,0.04686436911921081,0.05924554255839684
DEL,historico_aerialDuelsPercentage,1539,-0.029701489129154178,-0.05713736725186212,0.029701489129154178,0.05713736725186212
DEL,rival_historico_offsides,1564,-0.04477521171373998,-0.05673055491282719,0.04477521171373998,0.05673055491282719
DEL,historico_accurateCross,1539,-0.06106934626850744,-0.056073781650525165,0.06106934626850744,0.056073781650525165
DEL,historico_dribblesPercentage,1539,0.05373554021320831,0.055786133190788484,0.05373554021320831,0.055786133190788484
DEL,historico_shotsOffGoal,1539,-0.03035828859833768,-0.055299705067600465,0.03035828859833768,0.055299705067600465
DEL,rival_historico_fouledFinalThird,1564,-0.038378033149011594,-0.05507112051661432,0.038378033149011594,0.05507112051661432
DEL,rival_historico_totalShotsOutsideBox,1564,-0.05377221821319489,-0.05381643154453346,0.05377221821319489,0.05381643154453346
DEL,rival_historico_dispossessed,1564,0.027214463239962152,0.05354739293543251,0.027214463239962152,0.05354739293543251
DEL,rival_historico_groundDuelsPercentage,1564,-0.013091756355073054,-0.05281131709943684,0.013091756355073054,0.05281131709943684
DEL,historico_totalShotsOnGoal,1539,0.033670284499402486,0.052429614364158876,0.033670284499402486,0.052429614364158876
DEL,rival_historico_cornerKicks,1564,-0.05474988121055407,-0.051328514062986344,0.05474988121055407,0.051328514062986344
DEL,rival_historico_bigChanceMissed,1557,-0.05339985269314237,-0.04920322167752707,0.05339985269314237,0.04920322167752707
DEL,rival_historico_interceptionWon,1564,0.02651136171035596,0.04851437759912901,0.02651136171035596,0.04851437759912901
DEL,rival_historico_bigChanceCreated,1564,-0.044609092622113426,-0.04533993370219429,0.044609092622113426,0.04533993370219429
DEL,historico_goalkeeperSaves,1539,-0.018907871783028222,-0.043399559455072845,0.018907871783028222,0.043399559455072845
DEL,rival_historico_touchesInOppBox,1564,-0.007477211994277131,-0.04288437685881698,0.007477211994277131,0.04288437685881698
DEL,rival_historico_wonTacklePercent,1564,0.04913303487983835,0.041576786579830986,0.04913303487983835,0.041576786579830986
DEL,historico_offsides,1539,0.021586991641128702,0.0403006043159924,0.021586991641128702,0.0403006043159924
DEL,historico_touchesInOppBox,1539,0.013534459623435167,0.04006162298605748,0.013534459623435167,0.04006162298605748
DEL,rival_historico_totalShotsInsideBox,1564,-0.02039479124813494,-0.039715119950033226,0.02039479124813494,0.039715119950033226
DEL,historico_ballRecovery,1539,-0.00034927532400606657,0.03598040117347003,0.00034927532400606657,0.03598040117347003
DEL,rival_historico_aerialDuelsPercentage,1564,0.03831701463308663,0.03559445092486898,0.03831701463308663,0.03559445092486898
DEL,rival_historico_ballRecovery,1564,-0.018679874629651937,-0.035236206811597455,0.018679874629651937,0.035236206811597455
DEL,rival_historico_goalkeeperSaves,1564,0.013977602765267992,0.03478333190819693,0.013977602765267992,0.03478333190819693
DEL,historico_accurateLongBalls,1539,5.101639392717813e-05,0.03181503442093422,5.101639392717813e-05,0.03181503442093422
DEL,historico_bigChanceMissed,1532,0.06109985867973807,0.031619699972209536,0.06109985867973807,0.031619699972209536
DEL,historico_wonTacklePercent,1539,-0.053492671385403985,-0.03086334943191969,0.053492671385403985,0.03086334943191969
DEL,rival_historico_accurateCross,1564,0.029515100613966106,0.029503394392860594,0.029515100613966106,0.029503394392860594
DEL,rival_historico_totalTackle,1564,0.03806051116544696,0.02818527253650952,0.03806051116544696,0.02818527253650952
DEL,historico_cornerKicks,1539,0.02491700566732702,0.01957103787227168,0.02491700566732702,0.01957103787227168
DEL,historico_totalTackle,1539,-0.005775899463543826,0.019334031666010484,0.005775899463543826,0.019334031666010484
DEL,rival_historico_accurateLongBalls,1564,-0.015642564719863198,-0.01758629784490539,0.015642564719863198,0.01758629784490539
DEL,historico_blockedScoringAttempt,1539,0.0013574752524212206,0.01392189951081245,0.0013574752524212206,0.01392189951081245
DEL,rival_historico_finalThirdEntries,1564,0.012069762273085611,0.011686213973290277,0.012069762273085611,0.011686213973290277
DEL,rival_historico_shotsOffGoal,1564,-0.01932094394170063,-0.003037739517147903,0.01932094394170063,0.003037739517147903
DEL,rival_historico_dribblesPercentage,1564,0.028656785909446907,0.002415618924870713,0.028656785909446907,0.002415618924870713
DEL,historico_totalShotsOutsideBox,1539,0.01173492628090698,0.0013768067230419815,0.01173492628090698,0.0013768067230419815
