player_name,team_name,position,partidos_historial,promedio_winning,promedio_ponderado
Ignacio Arce,Deportivo Riestra,ARQ,26,9.614,9.566
Gino Santilli,Banfield,ARQ,2,8.227,8.956
Manuel Vicentini,Club Atlético Belgrano,ARQ,1,8.893,8.893
Lautaro Petruchi,Gimnasia y Esgrima Mendoza,ARQ,2,8.57,8.784
Thyago Ayala,Sarmiento,ARQ,6,8.783,8.571
Julián Kadijevic,Gimnasia y Esgrima,ARQ,2,7.462,8.314
Nicolás Sumavil,Club Atlético Platense,ARQ,1,8.098,8.098
Nicolás Bolcato,Independiente Rivadavia,ARQ,23,8.042,8.087
Thiago Cardozo,Club Atlético Belgrano,ARQ,28,8.007,8.025
Tomás Marchiori,Vélez Sarsfield,ARQ,8,7.622,8.014
Leandro Brey,Boca Juniors,ARQ,7,7.661,7.95
Guido Herrera,CA Talleres,ARQ,17,7.686,7.823
Juan Espínola,Barracas Central,ARQ,6,7.758,7.814
Matías Borgogno,Defensa y Justicia,ARQ,9,7.78,7.762
Marcos Ledesma,Instituto De Córdoba,ARQ,10,7.769,7.753
Brayan Cortés,Argentinos Juniors,ARQ,28,7.681,7.67
Álvaro Montero,Vélez Sarsfield,ARQ,17,7.678,7.647
Orlando Gill,San Lorenzo,ARQ,19,7.569,7.627
Cesar Rigamonti,Gimnasia y Esgrima Mendoza,ARQ,23,7.562,7.575
Nelson Insfrán,Gimnasia y Esgrima,ARQ,25,7.396,7.441
Juan Cozzani,Club Atlético Platense,ARQ,7,6.897,7.315
Nahuel Losada,CA Lanús,ARQ,25,7.22,7.272
Rodrigo Rey,CA Independiente,ARQ,25,7.204,7.229
Jeremías Ledesma,Rosario Central,ARQ,23,7.469,7.215
Hernán Galíndez,Huracán,ARQ,27,7.093,7.191
Matías Borgogno,Club Atlético Platense,ARQ,16,7.074,7.147
Luis Ingolotti,Atlético Tucumán,ARQ,25,7.099,7.113
Cristopher Fiermarín,Defensa y Justicia,ARQ,16,6.816,7.028
Franco Petroli,CA Lanús,ARQ,2,7.224,7.016
Josué Reinatti,Newell's Old Boys,ARQ,14,7.247,7.009
Javier Burrai,Sarmiento,ARQ,16,7.11,6.988
Santiago Beltrán,River Plate,ARQ,29,6.805,6.981
Matías Mansilla,Club Atlético Unión de Santa Fe,ARQ,27,7.021,6.928
Manuel Roffo,Instituto De Córdoba,ARQ,16,7.053,6.921
Facundo Cambeses,Racing Club,ARQ,28,7.012,6.917
José Devecchi,San Lorenzo,ARQ,8,6.52,6.907
Fernando Muslera,Estudiantes de La Plata,ARQ,18,6.945,6.905
Felipe Zenobio,Tigre,ARQ,23,6.75,6.847
Álvaro Montero,Boca Juniors,ARQ,8,6.433,6.79
Lucas Acosta,Aldosivi,ARQ,6,6.86,6.742
Facundo Sanguinetti,Banfield,ARQ,20,6.686,6.623
Agustín Marchesín,Boca Juniors,ARQ,12,6.593,6.445
Javier Vallejos,Central Córdoba,ARQ,4,6.735,6.37
Agustín Lastra,Estudiantes de Río Cuarto,ARQ,11,6.4,6.354
Fabricio Iacovich,Estudiantes de La Plata,ARQ,9,6.49,6.326
Lucas Bruera,Estudiantes de Río Cuarto,ARQ,10,5.999,6.216
Alan Aguerre,Central Córdoba,ARQ,23,6.137,6.102
Ignacio Chicco,Aldosivi,ARQ,4,6.079,6.075
Ezequiel Unsaín,CA Talleres,ARQ,8,6.007,6.033
Renzo Bacchia,Estudiantes de Río Cuarto,ARQ,5,5.803,5.811
Axel Werner,Aldosivi,ARQ,15,5.709,5.723
Diego Rodríguez,Banfield,ARQ,4,5.816,5.697
Williams Barlasina,Newell's Old Boys,ARQ,5,5.533,5.472
Sebastián Meza,Huracán,ARQ,1,5.022,5.022
Tomás Sultani,Tigre,ARQ,1,4.889,4.889
Ramiro Macagno,Independiente Rivadavia,ARQ,1,3.84,3.84
Mateo Del Blanco,Club Atlético Unión de Santa Fe,DEF,18,11.322,11.413
Leandro Lozano,Argentinos Juniors,DEF,14,10.787,10.679
Lautaro Blanco,Boca Juniors,DEF,23,10.326,10.472
Lucas Carrizo,Newell's Old Boys,DEF,4,11.234,10.41
Francisco Álvarez,Argentinos Juniors,DEF,27,10.046,9.984
Sebastián Prieto,Argentinos Juniors,DEF,26,9.946,9.966
Lucas Martínez Quarta,River Plate,DEF,28,9.652,9.783
Lisandro López,Club Atlético Belgrano,DEF,24,9.626,9.64
Facundo Zabala,CA Independiente,DEF,23,9.352,9.603
Marcos Acuña,River Plate,DEF,20,9.601,9.581
Joaquín Laso,Tigre,DEF,17,9.425,9.545
Lautaro Di Lollo,Boca Juniors,DEF,20,9.175,9.405
Nicolás Figal,Boca Juniors,DEF,7,9.435,9.384
Tobías Ramírez,Argentinos Juniors,DEF,1,9.372,9.372
Kevin Coronel,Argentinos Juniors,DEF,16,9.256,9.355
Enzo Martínez,Gimnasia y Esgrima,DEF,24,9.189,9.352
César Ibáñez,Huracán,DEF,23,9.141,9.312
Franco Vázquez,Argentinos Juniors,DEF,7,8.975,9.287
David Martínez,Defensa y Justicia,DEF,19,9.483,9.278
Danilo Arboleda,San Lorenzo,DEF,6,9.276,9.257
Gastón Benedetti,Estudiantes de La Plata,DEF,20,9.027,9.239
Tomás Palacios,Estudiantes de La Plata,DEF,18,9.116,9.202
Elías Gómez,Vélez Sarsfield,DEF,24,9.212,9.194
Carlos Izquierdoz,CA Lanús,DEF,23,9.013,9.162
Thiago Silvero,Vélez Sarsfield,DEF,12,9.187,9.107
Ignacio Vazquez,Club Atlético Platense,DEF,17,9.063,9.105
Mariano Bracamonte,Deportivo Riestra,DEF,15,8.843,9.098
Román Riquelme,Argentinos Juniors,DEF,13,9.373,9.075
Gonzalo Montiel,River Plate,DEF,24,8.995,9.001
Sasha Marcich,CA Lanús,DEF,26,9.015,8.965
Alejandro Maciel,Central Córdoba,DEF,23,8.832,8.94
Lautaro Vargas,Club Atlético Unión de Santa Fe,DEF,22,9.024,8.927
Néstor Breitenbruch,Aldosivi,DEF,9,8.176,8.844
Nicolás Otamendi,River Plate,DEF,9,8.626,8.819
Gastón Ávila,Rosario Central,DEF,21,8.914,8.809
Damián Fernández,Defensa y Justicia,DEF,21,8.944,8.788
José Canale,CA Lanús,DEF,19,8.538,8.637
Sheyko Studer,Independiente Rivadavia,DEF,19,8.708,8.616
Lucas Blondel,Huracán,DEF,20,8.242,8.613
Alan Barrionuevo,Tigre,DEF,24,8.603,8.559
Lautaro Rivero,River Plate,DEF,21,8.236,8.559
Lisandro Magallán,Vélez Sarsfield,DEF,20,8.355,8.532
Sebastián Valdez,CA Independiente,DEF,16,8.188,8.421
Fernando Alarcón,Instituto De Córdoba,DEF,23,8.693,8.421
Lautaro Giannetti,Newell's Old Boys,DEF,9,8.608,8.399
Federico Álvarez,Tigre,DEF,19,8.492,8.392
Valentín Moreno,Tigre,DEF,16,8.229,8.377
Ezequiel Muñoz,Gimnasia y Esgrima Mendoza,DEF,22,8.363,8.37
Nicolás Zalazar,Aldosivi,DEF,20,8.418,8.366
Santiago Núñez,Estudiantes de La Plata,DEF,18,8.519,8.363
Joaquín García,Vélez Sarsfield,DEF,21,8.447,8.336
Marco Pellegrino,Boca Juniors,DEF,10,7.932,8.332
Maizon Rodriguez,Club Atlético Unión de Santa Fe,DEF,23,8.272,8.296
Eugenio Raggio,Club Atlético Platense,DEF,8,8.195,8.294
Marcos Rojo,Racing Club,DEF,17,8.169,8.263
Juan Barinaga,Boca Juniors,DEF,9,8.022,8.258
Leandro González Pírez,Estudiantes de La Plata,DEF,18,8.027,8.153
Danilo Arboleda,Banfield,DEF,16,8.313,8.142
Gabriel Báez,CA Talleres,DEF,13,8.116,8.125
Juan Pablo Ludueña,Club Atlético Unión de Santa Fe,DEF,26,8.21,8.114
Kevin Jappert,Barracas Central,DEF,19,8.237,8.097
Ignacio Ovando,Rosario Central,DEF,23,8.113,8.076
Matías Catalán,CA Talleres,DEF,20,8.068,8.067
Saúl Salcedo,Newell's Old Boys,DEF,14,7.783,8.052
Ezequiel Herrera,San Lorenzo,DEF,22,8.166,8.027
Armando Méndez,Newell's Old Boys,DEF,14,8.112,8.022
Yonatthan Rak,Barracas Central,DEF,12,7.721,8.022
Eric Meza,Estudiantes de La Plata,DEF,20,7.703,8.018
Adrián Spörle,Club Atlético Belgrano,DEF,25,7.894,8.002
Máximo Palazzo,Huracán,DEF,17,7.599,7.981
Lucas Carrizo,Huracán,DEF,16,8.016,7.974
Leonel Mosevich,Instituto De Córdoba,DEF,26,8.02,7.973
Dylan Gorosito,Boca Juniors,DEF,6,8.327,7.944
Lucas Ayala,Club Atlético Unión de Santa Fe,DEF,7,8.069,7.933
Kevin Lomónaco,CA Independiente,DEF,23,7.939,7.91
Ayrton Costa,Boca Juniors,DEF,17,7.712,7.902
Emiliano Amor,Defensa y Justicia,DEF,15,7.499,7.878
Fernando Román,Defensa y Justicia,DEF,9,7.66,7.87
Emiliano Amor,San Lorenzo,DEF,7,7.853,7.869
Fabio Pereyra,Huracán,DEF,21,7.602,7.864
Valentín Loza,Defensa y Justicia,DEF,7,7.83,7.842
Nicolás Demartini,Barracas Central,DEF,19,7.757,7.827
Román Riquelme,CA Talleres,DEF,4,7.97,7.803
Santiago Fernandez,CA Talleres,DEF,18,7.566,7.798
Brandon Oviedo,Banfield,DEF,9,7.339,7.777
Clever Ferreira,Atlético Tucumán,DEF,19,7.722,7.775
Maximiliano Villa,Atlético Tucumán,DEF,16,7.691,7.771
Germán Conti,Gimnasia y Esgrima,DEF,9,7.945,7.748
Emanuel Mammana,Vélez Sarsfield,DEF,22,7.829,7.734
Joaquin Pereyra,Estudiantes de La Plata,DEF,4,7.001,7.734
Nahuel Banegas,Tigre,DEF,12,7.53,7.731
Agustín Seyral,Sarmiento,DEF,11,7.301,7.702
Marco Di Cesare,Racing Club,DEF,17,7.822,7.688
Leonardo Morales,Club Atlético Belgrano,DEF,27,7.787,7.676
Víctor Cuesta,Club Atlético Platense,DEF,14,7.889,7.646
Jonathan Galván,Instituto De Córdoba,DEF,23,7.632,7.635
Gonzalo Maffini,Estudiantes de Río Cuarto,DEF,21,7.469,7.602
Jhohan Romaña,San Lorenzo,DEF,15,7.738,7.598
Cristian Paz,Deportivo Riestra,DEF,25,7.549,7.595
Renzo Giampaoli,Gimnasia y Esgrima,DEF,21,7.49,7.58
Juan Miguel Arrayago,CA Independiente,DEF,5,7.73,7.572
Gonzalo Perez,CA Lanús,DEF,13,6.971,7.571
Augusto Schott,CA Talleres,DEF,24,7.406,7.568
Sergio Vittor,Banfield,DEF,13,7.465,7.564
Diego Mondino,Gimnasia y Esgrima Mendoza,DEF,18,7.71,7.529
Santiago Arias,CA Independiente,DEF,18,7.406,7.524
Franco Saavedra,Gimnasia y Esgrima Mendoza,DEF,13,7.52,7.489
Elías López,Aldosivi,DEF,7,7.151,7.416
Marcelo Weigandt,Boca Juniors,DEF,11,8.233,7.4
Tomás Fagioli,Club Atlético Unión de Santa Fe,DEF,4,7.182,7.334
Juan Villalba,Tigre,DEF,8,7.024,7.331
Renzo Orihuela,Sarmiento,DEF,14,7.454,7.315
Matias Valenti,Estudiantes de Río Cuarto,DEF,19,7.165,7.312
Fabricio Bustos,River Plate,DEF,6,6.994,7.289
Iván Villalba,Independiente Rivadavia,DEF,22,7.157,7.275
Juan Manuel Insaurralde,Sarmiento,DEF,21,7.531,7.25
Imanol González,Gimnasia y Esgrima Mendoza,DEF,7,6.84,7.242
Agustín Sández,Rosario Central,DEF,22,7.224,7.238
Martín Ortega,Newell's Old Boys,DEF,10,7.612,7.237
Ramiro Funes Mori,Estudiantes de La Plata,DEF,6,7.721,7.184
Alcides Benítez,Club Atlético Belgrano,DEF,21,7.054,7.184
Matias Recalde,Gimnasia y Esgrima Mendoza,DEF,20,6.987,7.169
Nicolás Meriano,Banfield,DEF,22,7.235,7.101
Mathias de Ritis,San Lorenzo,DEF,18,7.344,7.075
Mateo Martinez,Racing Club,DEF,3,6.957,7.073
Ezequiel Cannavo,Racing Club,DEF,23,7.072,7.07
Nicolás Pasquini,Sarmiento,DEF,7,6.295,7.044
Luciano Romero,CA Lanús,DEF,1,7.021,7.021
Agustín Falcón,Club Atlético Belgrano,DEF,8,6.391,7.016
Lucas Souto,Defensa y Justicia,DEF,18,6.99,7.0
Gonzalo Escudero,Racing Club,DEF,3,7.859,6.976
Mateo Mendia,Club Atlético Platense,DEF,9,7.268,6.893
Fernando Tobio,Barracas Central,DEF,17,6.549,6.887
Santiago Daniele,Banfield,DEF,11,6.952,6.883
Gastón Suso,Atlético Tucumán,DEF,16,6.782,6.883
Lucas Suárez,Sarmiento,DEF,18,6.798,6.832
Nicolás Goitea,Newell's Old Boys,DEF,12,6.965,6.821
Gastón Campi,Barracas Central,DEF,9,6.826,6.792
Juan Antonini,Estudiantes de Río Cuarto,DEF,15,6.785,6.743
Alexis Soto,Rosario Central,DEF,21,6.892,6.736
Bautista Barros Schelotto,Gimnasia y Esgrima,DEF,12,6.661,6.711
Joaquin Pombo,Aldosivi,DEF,9,6.365,6.668
Juan Pintado,Club Atlético Unión de Santa Fe,DEF,8,6.883,6.646
Luciano Gómez,Independiente Rivadavia,DEF,15,6.539,6.639
Sergio Ojeda,Estudiantes de Río Cuarto,DEF,15,6.531,6.624
Alejo Osella,Independiente Rivadavia,DEF,18,6.339,6.62
José Luis Palomino,CA Talleres,DEF,8,6.394,6.593
Santiago Moyano,Central Córdoba,DEF,23,6.571,6.59
Luciano Vallejo,Atlético Tucumán,DEF,15,6.733,6.567
Ignacio Galván,Atlético Tucumán,DEF,20,6.626,6.567
Leonel Di Plácido,Atlético Tucumán,DEF,14,6.79,6.505
Facundo Mallo,Rosario Central,DEF,13,6.29,6.494
Santiago Moya,Aldosivi,DEF,9,6.733,6.443
Gonzalo Gonzalez,Estudiantes de Río Cuarto,DEF,10,6.062,6.412
Eros Mancuso,Estudiantes de La Plata,DEF,19,6.555,6.41
Leonard Costa,Independiente Rivadavia,DEF,23,6.461,6.406
Leonardo Godoy,CA Independiente,DEF,15,6.136,6.405
Juan Pablo Pignani,Central Córdoba,DEF,8,7.137,6.374
Tobías Ostchega,Estudiantes de Río Cuarto,DEF,11,5.917,6.328
Thiago Santamaría,Sarmiento,DEF,16,6.159,6.325
Gianluca Ferrari,Atlético Tucumán,DEF,9,6.463,6.32
Agustín Massaccesi,Instituto De Córdoba,DEF,10,6.514,6.307
Hugo Nervo,Huracán,DEF,18,6.243,6.296
Nicolas Capraro,Barracas Central,DEF,19,6.157,6.285
Nicolás Sansotre,Deportivo Riestra,DEF,23,6.248,6.235
Juan Fedorco,CA Independiente,DEF,16,6.431,6.176
Facundo Miño,Deportivo Riestra,DEF,22,6.191,6.175
Valente Pierani,Estudiantes de La Plata,DEF,3,6.101,6.097
Aarón Quirós,Vélez Sarsfield,DEF,7,5.703,6.084
Franco Pardo,Racing Club,DEF,14,5.805,6.072
Facundo Cobos,Estudiantes de Río Cuarto,DEF,12,6.512,6.063
Ignacio Campo,Huracán,DEF,12,5.951,6.062
Elías Verón,Rosario Central,DEF,7,6.502,6.061
Nazareno Colombo,Racing Club,DEF,13,5.685,6.045
Luciano Paredes,Gimnasia y Esgrima Mendoza,DEF,21,6.254,6.005
Simon Escobar,Vélez Sarsfield,DEF,6,5.513,5.975
Pedro Ramírez,Deportivo Riestra,DEF,17,5.874,5.869
Milton Valenzuela,CA Independiente,DEF,7,5.727,5.857
Rafael Barrios,Barracas Central,DEF,18,6.04,5.843
Timoteo Chamorro,CA Talleres,DEF,9,5.904,5.781
Juan Franco,Gimnasia y Esgrima Mendoza,DEF,10,5.495,5.739
Joaquín Novillo,Aldosivi,DEF,8,5.766,5.737
Federico Ricca,Club Atlético Belgrano,DEF,12,5.749,5.67
Matías Viña,River Plate,DEF,10,6.108,5.628
Lucas Rodríguez,Aldosivi,DEF,11,6.198,5.363
Bruno Cabrera,Newell's Old Boys,DEF,12,5.341,5.353
Claudio Bravo,Argentinos Juniors,DEF,9,5.691,5.303
Alex Vigo,Independiente Rivadavia,DEF,5,5.935,5.294
Gastón Martirena,Racing Club,DEF,8,6.148,5.278
Agustin Quiroga,Central Córdoba,DEF,13,5.488,5.277
Carlos Quintana,Deportivo Riestra,DEF,7,5.919,5.274
Ezequiel Bonifacio,Independiente Rivadavia,DEF,14,5.505,5.234
Valentín Fascendini,Club Atlético Unión de Santa Fe,DEF,5,4.609,5.134
Nehuén Paz,Huracán,DEF,5,5.603,5.079
Agustín Lagos,Club Atlético Platense,DEF,12,5.39,5.071
Matías Morello,Aldosivi,DEF,4,4.997,5.071
Damián Martínez,Barracas Central,DEF,14,4.959,5.036
Rodrigo Guth,CA Talleres,DEF,2,4.82,4.995
Guzmán Corujo,San Lorenzo,DEF,6,4.979,4.982
Miguel Barbieri,Deportivo Riestra,DEF,9,5.226,4.91
Ramón Arias,Tigre,DEF,7,4.543,4.769
Alex Vigo,CA Talleres,DEF,9,5.202,4.711
Elías Pereyra,Barracas Central,DEF,7,3.993,4.67
Carlos Quintana,Rosario Central,DEF,7,4.355,4.644
Paulo Díaz,River Plate,DEF,5,5.44,4.477
Gonzalo Errecalde,Gimnasia y Esgrima,DEF,4,4.342,4.457
Nicolás Morgantini,CA Lanús,DEF,4,4.439,4.322
Bruno Pittón,Club Atlético Unión de Santa Fe,DEF,16,4.155,4.302
Leonardo Marchi,Central Córdoba,DEF,7,4.124,4.264
Iván Erquiaga,Instituto De Córdoba,DEF,2,3.5,4.187
Gastón Arturia,Sarmiento,DEF,11,4.33,4.078
Álvaro Ocampo,Club Atlético Belgrano,DEF,9,4.372,4.078
Elías Pereyra,Defensa y Justicia,DEF,11,3.756,4.052
Fabricio López,San Lorenzo,DEF,6,4.807,3.981
Leandro Lescano,Huracán,DEF,8,3.678,3.93
Darío Cáceres,Defensa y Justicia,DEF,8,4.053,3.889
Luca Raffin,Rosario Central,DEF,8,4.139,3.844
Facundo Sánchez,CA Lanús,DEF,4,3.904,3.82
Emiliano Álvarez,Club Atlético Unión de Santa Fe,DEF,4,2.836,3.747
Matías Melluso,Gimnasia y Esgrima,DEF,5,3.24,3.742
Mateo Vales,Aldosivi,DEF,4,4.11,3.74
Ulises Giménez,River Plate,DEF,1,3.688,3.688
Agustín Bravo,Instituto De Córdoba,DEF,2,4.289,3.663
Celías Ingenthron,Club Atlético Platense,DEF,5,4.135,3.319
Hernán de la Fuente,Instituto De Córdoba,DEF,3,3.061,2.827
Leonardo Rios,Rosario Central,DEF,1,2.477,2.477
Nicolás Freire,CA Independiente,DEF,2,2.785,2.427
Emanuel Iñíguez,Aldosivi,DEF,2,2.323,2.374
Diego Mastrangelo,Gimnasia y Esgrima,DEF,5,2.671,2.076
Nazareno Roselli,Defensa y Justicia,DEF,3,1.883,1.56
Gonzalo Gonzalez,Gimnasia y Esgrima,DEF,1,0.0,0.0
Maximiliano Salas,Independiente Rivadavia,DEL,5,7.562,8.187
Adrián Balboa,Banfield,DEL,2,6.807,6.807
Matias Reali,San Lorenzo,DEL,14,6.826,6.764
Julián Fernández,Rosario Central,DEL,14,6.784,6.403
Rubén Botta,Defensa y Justicia,DEL,13,6.083,6.289
Alex Luna,Instituto De Córdoba,DEL,24,6.15,6.197
Ronaldo Martinez,Vélez Sarsfield,DEL,2,5.281,6.089
Leandro Fernández,Defensa y Justicia,DEL,9,6.29,6.074
Sebastián Driussi,River Plate,DEL,19,5.162,5.417
Santiago Solari,Racing Club,DEL,20,5.105,5.411
Maximiliano Gutiérrez,CA Independiente,DEL,14,4.976,5.329
Lucas Janson,Boca Juniors,DEL,3,5.164,5.284
Giovanni Cantizano,Rosario Central,DEL,10,6.147,5.266
Damián Pizarro,Racing Club,DEL,2,4.789,5.179
Rodrigo Atencio,Independiente Rivadavia,DEL,19,5.104,5.115
Marcelo Estigarribia,Club Atlético Unión de Santa Fe,DEL,25,5.028,5.048
Gabriel Ávalos,CA Independiente,DEL,22,5.03,5.032
Ignacio Russo,Tigre,DEL,25,4.904,4.947
Fabricio Pérez,Estudiantes de La Plata,DEL,21,4.854,4.897
Miguel Merentiel,Boca Juniors,DEL,21,4.812,4.85
Lautaro Díaz,Racing Club,DEL,8,4.978,4.809
Guido Carrillo,Estudiantes de La Plata,DEL,20,4.473,4.723
Joaquín Freitas,River Plate,DEL,20,4.603,4.695
Alexis Cuello,San Lorenzo,DEL,25,4.697,4.68
Ivan Guaraz,Barracas Central,DEL,11,4.636,4.583
Adam Bareiro,Boca Juniors,DEL,10,4.528,4.582
Tomás Molina,Argentinos Juniors,DEL,23,4.467,4.329
Gregorio Rodriguez,San Lorenzo,DEL,14,4.275,4.227
Agustín Auzmendi,Gimnasia y Esgrima,DEL,27,4.078,4.188
Franco Torres,Gimnasia y Esgrima,DEL,22,3.991,4.185
Ronaldo Martinez,CA Talleres,DEL,21,4.012,4.142
Gaspar Duarte,Rosario Central,DEL,12,3.9,4.131
Walter Bou,CA Lanús,DEL,12,3.954,4.117
Gastón Verón,Argentinos Juniors,DEL,9,4.525,3.999
Michael Santos,Central Córdoba,DEL,19,3.834,3.997
Facundo Jainikoski,Argentinos Juniors,DEL,23,4.079,3.968
Alex Arce,Independiente Rivadavia,DEL,18,4.124,3.921
Marcelo Torres,Gimnasia y Esgrima,DEL,21,3.902,3.897
Iván Morales,Argentinos Juniors,DEL,17,3.688,3.84
Ignacio Peluffo,Tigre,DEL,5,2.988,3.837
Horacio Tijanovich,Central Córdoba,DEL,20,3.653,3.777
Nicolás Fernández,Club Atlético Belgrano,DEL,26,3.843,3.776
Jordy Caicedo,Huracán,DEL,25,3.771,3.772
Thomas Rodríguez,Banfield,DEL,2,3.458,3.771
Florián Monzón,Vélez Sarsfield,DEL,16,3.593,3.754
Agustín Álvarez,CA Talleres,DEL,4,4.193,3.71
Enzo Copetti,Rosario Central,DEL,24,3.79,3.68
Mauro Méndez,Banfield,DEL,16,3.815,3.667
Ignacio Sabatini,Gimnasia y Esgrima Mendoza,DEL,13,3.693,3.613
Agustín Modica,Gimnasia y Esgrima Mendoza,DEL,21,3.633,3.605
Enner Valencia,Boca Juniors,DEL,4,4.338,3.513
Allan Wlk,CA Lanús,DEL,10,4.003,3.469
Alexander Díaz,Deportivo Riestra,DEL,20,3.492,3.462
Matías Cóccaro,Newell's Old Boys,DEL,17,3.445,3.441
Norberto Briasco,Barracas Central,DEL,17,3.268,3.418
Rodrigo Sayavedra,Deportivo Riestra,DEL,5,3.646,3.409
Tiziano Perrotta,Banfield,DEL,17,3.402,3.293
Tomás Conechny,Racing Club,DEL,24,3.273,3.291
Jonathan Herrera,Sarmiento,DEL,8,3.82,3.287
Rodrigo Auzmendi,San Lorenzo,DEL,17,3.437,3.273
Jhonatan Candia,Barracas Central,DEL,23,3.084,3.215
Nicolás Cordero,Aldosivi,DEL,20,3.111,3.159
Alejo Véliz,Rosario Central,DEL,17,3.387,3.133
Junior Marabel,Sarmiento,DEL,24,3.253,3.132
Diego Porcel,Argentinos Juniors,DEL,22,3.058,3.104
Franco García,Newell's Old Boys,DEL,8,2.654,3.085
Matias Arias,Vélez Sarsfield,DEL,6,3.214,3.054
Valentino Simoni,Gimnasia y Esgrima Mendoza,DEL,17,2.932,3.04
Gonzalo Flores,Deportivo Riestra,DEL,5,3.107,3.036
Lautaro Mora,Huracán,DEL,10,3.173,3.034
Diego Churin,Sarmiento,DEL,20,3.248,3.019
Duván Vergara,Racing Club,DEL,20,2.899,3.011
David Romero,Tigre,DEL,12,2.759,2.998
Dilan Godoy,Vélez Sarsfield,DEL,19,2.899,2.995
Gonzalo Morales,Barracas Central,DEL,12,3.138,2.99
Luca Rafaelli,Instituto De Córdoba,DEL,9,2.952,2.974
Lisandro Piñero,Banfield,DEL,20,2.997,2.939
Santiago Rodríguez,Gimnasia y Esgrima Mendoza,DEL,14,2.985,2.92
Adolfo Gaich,Estudiantes de La Plata,DEL,15,3.055,2.914
Mauro Méndez,Tigre,DEL,5,2.715,2.88
Adrián Martínez,Racing Club,DEL,22,2.854,2.87
Maximiliano Salas,River Plate,DEL,14,3.06,2.866
Diego Diaz,Club Atlético Unión de Santa Fe,DEL,7,2.929,2.83
Leandro Díaz,Atlético Tucumán,DEL,20,2.918,2.818
Matías Tissera,Instituto De Córdoba,DEL,16,3.035,2.817
Jonathan Herrera,Deportivo Riestra,DEL,16,2.68,2.793
Gonzalo Zelarayán,Club Atlético Belgrano,DEL,3,2.604,2.756
Matías Fonseca,Instituto De Córdoba,DEL,17,2.702,2.721
Valentin Davila,CA Talleres,DEL,24,2.544,2.675
Braian Romero,Vélez Sarsfield,DEL,10,2.592,2.653
Nicolás Benegas,Deportivo Riestra,DEL,19,2.623,2.643
Franco Jara,Instituto De Córdoba,DEL,11,2.957,2.627
Gonzalo Gelini,Boca Juniors,DEL,5,2.659,2.602
Tomás Pérez,Racing Club,DEL,2,2.625,2.567
Fabricio Oviedo,Rosario Central,DEL,3,2.567,2.555
Misael Aguirre,Club Atlético Unión de Santa Fe,DEL,17,2.692,2.51
Augusto Lotti,Club Atlético Platense,DEL,9,2.38,2.477
Ezequiel Naya,Central Córdoba,DEL,18,2.427,2.445
Leandro Fernández,Argentinos Juniors,DEL,7,2.518,2.366
Ángel Stringa,Deportivo Riestra,DEL,2,2.758,2.334
Nicolás Guerra,Instituto De Córdoba,DEL,20,2.349,2.327
Junior Arias,Aldosivi,DEL,11,2.36,2.319
Abiel Osorio,Defensa y Justicia,DEL,4,2.506,2.282
Ryoga Kida,Argentinos Juniors,DEL,5,1.843,2.281
Bruno Sepúlveda,Banfield,DEL,17,2.243,2.191
Lucas Passerini,Club Atlético Belgrano,DEL,23,2.293,2.188
Facundo Valdéz,CA Independiente,DEL,6,1.761,2.183
Alexis González,Sarmiento,DEL,2,1.655,2.15
Iker Zufiaurre,Boca Juniors,DEL,9,2.115,2.132
Alexis Segovia,Atlético Tucumán,DEL,7,1.97,2.13
Lautaro Gutierrez,Club Atlético Belgrano,DEL,18,2.135,2.123
Leonardo Sequeira,Huracán,DEL,10,1.96,2.103
Carlos Abeldano,Atlético Tucumán,DEL,9,1.997,2.088
Gonzalo Lencina,Club Atlético Platense,DEL,14,2.058,2.087
Manuel Fernandez,Tigre,DEL,6,1.891,2.082
Blas Armoa,Gimnasia y Esgrima Mendoza,DEL,9,2.153,2.058
Facundo Altamira,Defensa y Justicia,DEL,6,2.342,2.025
Lucas Varaldo,Central Córdoba,DEL,14,2.102,1.949
Mateo Bajamich,Estudiantes de Río Cuarto,DEL,19,1.957,1.945
Eric Ramírez,Huracán,DEL,10,1.811,1.911
Matías Hernández,San Lorenzo,DEL,2,2.87,1.831
Emiliano Chiavassa,CA Talleres,DEL,9,1.486,1.781
Luciano Giménez,Huracán,DEL,7,1.69,1.772
Manuel Brondo,Atlético Tucumán,DEL,12,1.876,1.746
Francisco Scarpeccio,Newell's Old Boys,DEL,11,1.581,1.626
Jeremías Lucco,Club Atlético Belgrano,DEL,3,1.884,1.478
David Fernández,Defensa y Justicia,DEL,3,1.03,1.279
Javier Ferreira,Estudiantes de Río Cuarto,DEL,18,1.159,1.173
Agustín Morales,Estudiantes de Río Cuarto,DEL,1,1.14,1.14
Federico Anselmo,Banfield,DEL,9,1.247,1.123
Joaquin Flores,Central Córdoba,DEL,7,1.307,1.088
Alfio Oviedo,Tigre,DEL,13,1.253,1.035
Benjamin Acosta,CA Lanús,DEL,3,0.72,0.775
Thomas de Martis,CA Lanús,DEL,5,0.451,0.745
Ramón Ábila,Estudiantes de Río Cuarto,DEL,8,0.65,0.663
José Ingratti,Deportivo Riestra,DEL,1,0.642,0.642
Benjamín Bosch,Club Atlético Platense,DEL,2,0.524,0.624
Lucas Román,Atlético Tucumán,DEL,1,0.2,0.2
Jorge de Asis,Gimnasia y Esgrima,DEL,2,-0.208,-0.562
Thiago Almada,River Plate,VOL,5,12.795,12.84
Leandro Paredes,Boca Juniors,VOL,20,10.795,10.637
Franco Ibarra,Rosario Central,VOL,25,10.877,10.633
Gastón Lodico,Instituto De Córdoba,VOL,15,10.113,10.507
Kevin Gutiérrez,Argentinos Juniors,VOL,9,9.958,10.486
Giuliano Cerato,Instituto De Córdoba,VOL,26,10.521,10.469
Rodrigo Fernández,Huracán,VOL,7,9.888,10.09
Federico Fattori,Argentinos Juniors,VOL,19,10.216,10.009
Tobías Andrada,River Plate,VOL,6,9.845,9.762
Ángel Di María,Rosario Central,VOL,22,9.81,9.707
Cristian Zabala,Sarmiento,VOL,23,9.329,9.308
Iván Marcone,CA Independiente,VOL,23,9.061,9.224
Julián Mavilla,Sarmiento,VOL,7,9.045,9.195
Aníbal Moreno,River Plate,VOL,24,9.311,9.154
Lucas Zelarayán,Club Atlético Belgrano,VOL,24,9.236,9.126
Jalil Elias,Estudiantes de La Plata,VOL,1,9.103,9.103
Ángel Correa,River Plate,VOL,8,8.03,9.067
Nicolas Oroz,Argentinos Juniors,VOL,27,8.826,9.038
Santiago Sosa,Racing Club,VOL,20,9.048,9.022
Tobías Andrada,Vélez Sarsfield,VOL,17,8.743,8.938
Matias Galarza,CA Talleres,VOL,24,8.999,8.915
Malcom Braida,Boca Juniors,VOL,7,9.108,8.804
Fausto Vera,River Plate,VOL,23,8.471,8.796
Agustín Cardozo,CA Lanús,VOL,23,8.593,8.769
José Florentín,Independiente Rivadavia,VOL,24,8.548,8.557
Facundo Waller,Huracán,VOL,23,8.604,8.532
Alan Lescano,Argentinos Juniors,VOL,25,8.588,8.458
Ignacio Miramón,Gimnasia y Esgrima,VOL,22,8.299,8.406
Nicolás Tripichio,San Lorenzo,VOL,25,8.321,8.335
Nicolás Barros Schelotto,Gimnasia y Esgrima,VOL,21,8.22,8.327
Facundo Lencioni,Gimnasia y Esgrima Mendoza,VOL,25,8.264,8.281
Vicente Pizarro,Rosario Central,VOL,27,8.354,8.127
Ezequiel Piovi,Estudiantes de La Plata,VOL,22,8.267,8.104
Leonardo Gil,Huracán,VOL,27,8.071,8.029
Jaminton Campaz,Rosario Central,VOL,20,8.156,7.965
Julián Palacios,Club Atlético Unión de Santa Fe,VOL,24,8.089,7.962
Ignacio Malcorra,CA Independiente,VOL,15,7.765,7.885
Enzo Giménez,Rosario Central,VOL,17,7.956,7.85
Luca Regiardo,Newell's Old Boys,VOL,20,7.949,7.828
Manuel Lanzini,Vélez Sarsfield,VOL,25,7.739,7.818
Ignacio Malcorra,Club Atlético Unión de Santa Fe,VOL,7,8.22,7.798
Augusto Max,Gimnasia y Esgrima,VOL,21,7.74,7.782
Leonel Vega,Atlético Tucumán,VOL,13,8.147,7.773
César Pérez,Defensa y Justicia,VOL,12,7.752,7.7
Maximiliano Amarfil,Club Atlético Platense,VOL,16,7.528,7.698
Milton Delgado,Boca Juniors,VOL,22,7.715,7.622
Rafael Profini,Club Atlético Unión de Santa Fe,VOL,18,7.417,7.617
Tomás Galván,River Plate,VOL,28,7.294,7.591
Tomás Bottari,Independiente Rivadavia,VOL,19,7.607,7.541
Santiago Sosa,Defensa y Justicia,VOL,24,7.603,7.502
Mauro Pittón,Club Atlético Unión de Santa Fe,VOL,18,7.617,7.486
Milton Celiz,Deportivo Riestra,VOL,10,7.246,7.482
Juan Sforza,CA Talleres,VOL,19,7.04,7.393
Gustavo Abregú,Instituto De Córdoba,VOL,24,7.477,7.351
Oscar Cortés,Huracán,VOL,26,7.226,7.322
Manuel Insaurralde,San Lorenzo,VOL,12,7.62,7.217
Mauricio Martínez,Sarmiento,VOL,19,7.274,7.183
Francisco Romero,Estudiantes de Río Cuarto,VOL,15,7.282,7.149
Alejandro Cabrera,Estudiantes de Río Cuarto,VOL,16,7.556,7.148
Nicolás Laméndola,Atlético Tucumán,VOL,23,6.974,7.127
Tomás Porra,Barracas Central,VOL,26,7.101,7.041
Ander Herrera,Boca Juniors,VOL,9,6.941,7.035
Emmanuel Ojeda,Huracán,VOL,19,7.022,7.007
Franco Vázquez,Club Atlético Belgrano,VOL,26,6.933,6.966
Matías Vera,Central Córdoba,VOL,24,7.01,6.924
Rodrigo Insúa,Barracas Central,VOL,25,6.78,6.845
Williams Alarcón,Boca Juniors,VOL,8,6.25,6.831
Claudio Baeza,Vélez Sarsfield,VOL,20,6.858,6.784
Jalil Elias,Tigre,VOL,19,6.746,6.732
Franco Zapiola,Club Atlético Platense,VOL,22,6.533,6.718
Santiago Ascacíbar,Boca Juniors,VOL,21,6.886,6.716
Bruno Leyes,Tigre,VOL,19,7.027,6.702
Tiago Palacios,Estudiantes de La Plata,VOL,18,6.536,6.674
Matías Fernández,Independiente Rivadavia,VOL,22,6.855,6.651
Rodrigo Aliendro,Vélez Sarsfield,VOL,25,6.46,6.621
Lucas Robertone,Vélez Sarsfield,VOL,23,6.65,6.616
Walter Mazzantti,Newell's Old Boys,VOL,17,7.069,6.615
Mateo Seoane,Gimnasia y Esgrima,VOL,13,6.752,6.591
Martín Garay,Tigre,VOL,18,6.625,6.564
Franco Cristaldo,CA Talleres,VOL,17,6.505,6.543
Santiago González,Tigre,VOL,9,6.315,6.533
Matías Pellegrini,Vélez Sarsfield,VOL,19,6.418,6.53
Carlos Palacios,Boca Juniors,VOL,2,5.881,6.484
Iván Tapia,Barracas Central,VOL,26,6.402,6.365
Camilo Rey Domenech,Boca Juniors,VOL,7,5.616,6.344
Lucas Menossi,Club Atlético Unión de Santa Fe,VOL,14,6.208,6.342
Martín Barrios,Club Atlético Platense,VOL,14,6.019,6.333
Tomas Adoryan,Banfield,VOL,20,6.338,6.303
Gastón Lodico,Racing Club,VOL,5,6.86,6.284
Diego Valdés,Vélez Sarsfield,VOL,18,6.272,6.28
Federico Fattori,CA Talleres,VOL,6,6.614,6.279
Pol Fernández,Rosario Central,VOL,16,6.148,6.26
Mikel Amondarain,Estudiantes de La Plata,VOL,16,6.214,6.25
Esteban Fernández,Gimnasia y Esgrima Mendoza,VOL,17,6.139,6.209
Santiago Longo,Club Atlético Belgrano,VOL,19,6.03,6.203
Julian Ceballos,Gimnasia y Esgrima Mendoza,VOL,12,5.952,6.202
Ivan Gómez,Club Atlético Platense,VOL,12,6.607,6.194
Kevin Ortíz,Atlético Tucumán,VOL,15,6.232,6.184
Alexis Castro,Estudiantes de La Plata,VOL,24,6.027,6.18
Gabriel Neves,Estudiantes de La Plata,VOL,18,6.622,6.145
Felipe Peña Biafore,CA Lanús,VOL,26,6.011,6.125
Eduardo Salvio,CA Lanús,VOL,26,6.184,6.116
Jabes Saralegui,Tigre,VOL,17,6.139,6.049
Esteban Rolón,Aldosivi,VOL,14,5.736,6.045
Lucas González,Central Córdoba,VOL,23,5.829,6.008
Matías Gallardo,Instituto De Córdoba,VOL,17,6.359,5.941
Rodrigo Herrera,Newell's Old Boys,VOL,20,5.674,5.911
Jeremías Lucco,Defensa y Justicia,VOL,5,5.673,5.896
Ulises Ortegoza,Racing Club,VOL,10,5.572,5.823
Tomás Belmonte,Boca Juniors,VOL,14,5.978,5.822
Santiago López,Tigre,VOL,24,5.82,5.818
Rick,CA Talleres,VOL,23,5.798,5.807
Francisco González Metilli,Club Atlético Belgrano,VOL,21,5.693,5.765
Fermin Antonini,Gimnasia y Esgrima Mendoza,VOL,21,5.946,5.754
José Sosa,Estudiantes de La Plata,VOL,12,5.692,5.739
Pablo Monje,Deportivo Riestra,VOL,22,5.805,5.677
Ulises Ortegoza,CA Talleres,VOL,15,5.678,5.658
Emiliano Viveros,Argentinos Juniors,VOL,17,5.352,5.646
Nicolás Gaitán,Aldosivi,VOL,7,5.466,5.62
Emilio Giaccone,Club Atlético Unión de Santa Fe,VOL,9,5.792,5.61
Gonzalo Ríos,Independiente Rivadavia,VOL,24,5.358,5.501
Nicolás Linares,Gimnasia y Esgrima Mendoza,VOL,8,5.934,5.494
Santiago Lencina,River Plate,VOL,5,4.815,5.486
Lautaro Giaccone,Argentinos Juniors,VOL,11,5.254,5.444
Lautaro Millán,CA Independiente,VOL,20,5.5,5.35
Ignacio Perruzzi,San Lorenzo,VOL,19,5.446,5.345
Adrián Fernández,Racing Club,VOL,18,5.329,5.333
Julian Contrera,Sarmiento,VOL,20,5.306,5.331
Leonel Pérez,Racing Club,VOL,6,6.051,5.331
Santiago Esquivel,Banfield,VOL,16,5.166,5.323
Matko Miljevic,Racing Club,VOL,24,5.071,5.313
Ulises Sánchez,Gimnasia y Esgrima Mendoza,VOL,16,5.184,5.307
Lautaro Villegas,Banfield,VOL,18,5.415,5.305
Franco Nicola,Atlético Tucumán,VOL,23,5.266,5.27
Yair Arismendi,Sarmiento,VOL,10,5.444,5.26
Alan Rodríguez,Rosario Central,VOL,4,6.413,5.252
Ramiro Hernandes,Club Atlético Belgrano,VOL,27,5.182,5.222
Jerónimo Gómez Mattar,Newell's Old Boys,VOL,20,5.658,5.219
Mateo Perez Curci,CA Independiente,VOL,16,4.954,5.191
Matías Sepúlveda,CA Lanús,VOL,23,5.101,5.175
Ramiro Carrera,CA Lanús,VOL,22,5.352,5.145
Agustín Medina,CA Lanús,VOL,21,5.312,5.141
Renzo Tesuri,Atlético Tucumán,VOL,25,5.275,5.139
Tiago Cravero,Central Córdoba,VOL,17,4.958,5.116
Leonel Bucca,Independiente Rivadavia,VOL,13,5.138,5.095
Giovanni Baroni,CA Talleres,VOL,18,4.835,5.071
Edwuin Cetré,Estudiantes de La Plata,VOL,21,5.201,5.061
Facundo Kalinger,Huracán,VOL,16,4.89,5.061
Tomas Gonzalez,Estudiantes de Río Cuarto,VOL,24,5.045,5.014
Gabriel Alanís,Estudiantes de Río Cuarto,VOL,23,5.155,5.001
Nicolás Talpone,Estudiantes de Río Cuarto,VOL,21,4.812,4.994
Javier Domínguez,Atlético Tucumán,VOL,12,5.273,4.951
Bruno Zuculini,Racing Club,VOL,16,5.35,4.91
Juan Cardozo,Central Córdoba,VOL,10,4.751,4.887
Carlos Villalba,Sarmiento,VOL,11,4.459,4.791
Kevin Zenón,Boca Juniors,VOL,8,5.383,4.76
Nicolas Watson,Deportivo Riestra,VOL,21,4.563,4.715
Manuel Garcia,Sarmiento,VOL,14,5.072,4.714
Nahuel Barboza,Gimnasia y Esgrima Mendoza,VOL,17,4.489,4.697
Alan Forneris,Racing Club,VOL,4,4.14,4.691
Ignacio Méndez,Instituto De Córdoba,VOL,20,4.595,4.685
Franco Watson,CA Lanús,VOL,18,4.46,4.67
Éver Banega,Defensa y Justicia,VOL,10,4.458,4.669
Facundo Gulli,San Lorenzo,VOL,22,4.783,4.648
Brahian Cuello,Club Atlético Unión de Santa Fe,VOL,20,4.569,4.638
Kendry Páez,River Plate,VOL,10,4.876,4.633
Marcelo Esponda,Newell's Old Boys,VOL,6,4.311,4.623
Rodrigo Bogarín,Barracas Central,VOL,7,4.027,4.611
Ezequiel Ham,Atlético Tucumán,VOL,16,4.659,4.586
Gabriel Florentín,Argentinos Juniors,VOL,12,4.366,4.572
Julián Mavilla,Club Atlético Belgrano,VOL,6,4.921,4.562
Gonzalo Abrego,San Lorenzo,VOL,12,4.642,4.468
Siro Rosane,Estudiantes de Río Cuarto,VOL,23,4.389,4.454
Matías Zaracho,Racing Club,VOL,24,4.471,4.453
Julián López,Defensa y Justicia,VOL,7,4.798,4.446
Yonatan Goitia,Deportivo Riestra,VOL,23,4.277,4.437
Matias Garcia,Deportivo Riestra,VOL,10,4.276,4.421
Lucas Gómez,Argentinos Juniors,VOL,11,4.494,4.408
Rodrigo Fernández,CA Independiente,VOL,12,4.576,4.395
Lautaro Carrera,Gimnasia y Esgrima Mendoza,VOL,13,4.312,4.39
Mateo Caceres,CA Talleres,VOL,15,4.348,4.335
Lautaro Ríos,Banfield,VOL,5,3.993,4.267
Tomás Fernández,Aldosivi,VOL,15,4.149,4.247
Santiago Segovia,Rosario Central,VOL,2,3.442,4.23
Felipe Bussio,Club Atlético Platense,VOL,12,4.598,4.196
Tiago Serrago,Tigre,VOL,19,4.045,4.195
Giuliano Galoppo,River Plate,VOL,10,3.802,4.059
Bautista Merlini,Club Atlético Platense,VOL,19,4.049,3.998
Martin Garcia,Aldosivi,VOL,17,4.203,3.977
Diego Crego,Independiente Rivadavia,VOL,10,4.083,3.97
Jeremías Merlo,Gimnasia y Esgrima,VOL,7,3.781,3.95
Valentino Acuña,Newell's Old Boys,VOL,6,4.053,3.938
Kevin Vázquez,Independiente Rivadavia,VOL,6,4.927,3.934
Jonas Acevedo,Instituto De Córdoba,VOL,12,4.147,3.882
Jhon Renteria,Sarmiento,VOL,9,4.002,3.788
Franco Leys,Aldosivi,VOL,11,3.748,3.773
Federico Navarro,Rosario Central,VOL,20,3.766,3.766
Facundo Farías,Estudiantes de La Plata,VOL,12,3.754,3.762
Lautaro Gomez,Banfield,VOL,24,3.868,3.738
Antony Alonso,Deportivo Riestra,VOL,25,3.73,3.689
Mauricio Cardillo,San Lorenzo,VOL,9,3.559,3.522
Stefano Moreyra,Independiente Rivadavia,VOL,7,3.562,3.481
Ezequiel Pérez,Racing Club,VOL,1,3.46,3.46
Nicolas Palavecino,Club Atlético Unión de Santa Fe,VOL,7,3.135,3.452
Thaiel Peralta,Huracán,VOL,16,3.363,3.438
Augusto Solari,Club Atlético Unión de Santa Fe,VOL,10,3.219,3.356
Alejandro Martínez,Huracán,VOL,12,3.29,3.306
Luis Sequeira,Independiente Rivadavia,VOL,6,2.956,3.2
Luca Feler,Vélez Sarsfield,VOL,10,2.967,3.177
Ignacio Pussetto,CA Independiente,VOL,10,3.452,3.114
Martín Rio,CA Talleres,VOL,9,2.962,3.085
Favio Álvarez,Banfield,VOL,7,2.947,3.009
Gonzalo Sosa,Racing Club,VOL,3,2.477,2.997
Facundo Alaggia,Sarmiento,VOL,4,2.971,2.98
Kevin Castaño,River Plate,VOL,5,2.878,2.957
Pablo Aguiar,Gimnasia y Esgrima,VOL,5,3.217,2.949
Jonatan Gómez,Sarmiento,VOL,12,3.44,2.939
Sebastián Medina,Tigre,VOL,12,2.759,2.858
Neyder Moreno,Banfield,VOL,9,2.852,2.848
Joaquin Mosqueira,Tigre,VOL,6,2.595,2.82
Franco Fragapane,Club Atlético Unión de Santa Fe,VOL,7,3.109,2.686
Luciano Cabral,CA Independiente,VOL,12,2.542,2.619
Leonardo Heredia,Club Atlético Platense,VOL,19,2.617,2.599
Francisco Perruzzi,San Lorenzo,VOL,4,2.56,2.481
Manuel Duarte,Barracas Central,VOL,5,2.352,2.254
Mateo Aguiar,Defensa y Justicia,VOL,9,1.846,2.229
Santiago Grella,Club Atlético Unión de Santa Fe,VOL,4,2.032,2.216
Michael Hoyos,Newell's Old Boys,VOL,9,1.991,2.096
Ramiro Tulián,Club Atlético Belgrano,VOL,6,2.173,2.004
Franco Moyano,Instituto De Córdoba,VOL,3,2.032,1.882
Franco Orozco,Newell's Old Boys,VOL,3,1.938,1.866
Tomás Ortiz,Gimnasia y Esgrima Mendoza,VOL,1,1.63,1.63
Tobías Leiva,Estudiantes de Río Cuarto,VOL,3,0.735,0.988
Federico Mancuello,CA Independiente,VOL,1,0.42,0.42
Federico Rodriguez,Central Córdoba,VOL,1,-0.04,-0.04
