player_id,player_name,team_id,team_name,position,rival,es_local,partidos_historicos,partidos_club_ultimos_3,participaciones_ultimos_3,activo_ultimos_3,titulares_ultimos_3,titular_2_de_3,weighted_recent,promedio,p90,std,minimo,maximo,confianza,estabilidad,factor_confianza,factor_contexto,score_base,score_contextual,starter_fecha10
p_3lQo2d,Marcos Ledesma,t_2rXlDo,Instituto,ARQ,Talleres,True,10,3,3,True,3,True,5.96956,8.839229999999999,12.049679999999999,3.31628605020402,3.0985,13.0368,0.8796694652934813,0.2316806598007406,0.9879669465293481,1.1179999999999999,8.637457999999999,9.540478720747675,True
p_1xKto7,Jonathan Galván,t_2rXlDo,Instituto,DEF,Talleres,True,23,3,3,True,3,True,9.77416,7.930234782608696,11.205060000000001,3.368084722483401,2.12,14.8087,1.0,0.22893328850807337,1.0,1.1179999999999999,9.394314913043479,10.502844072782608,True
p_3x6Yqh,Leonel Mosevich,t_2rXlDo,Instituto,DEF,Talleres,True,26,3,3,True,3,True,16.220493333333334,9.020226923076923,13.5747,4.532609317870464,2.9167,19.3028,1.0,0.18074654155860517,1.0,1.1179999999999999,12.678938435897436,14.175053171333332,True
p_1qCu0J,Fernando Alarcón,t_2rXlDo,Instituto,DEF,Talleres,True,23,3,3,True,3,True,8.664746666666668,9.128026086956522,14.38236,4.542685331108722,0.583,15.9925,1.0,0.18041796354330772,1.0,1.1179999999999999,10.279461768115942,11.492438256753623,True
p_3I0XnJ,Giuliano Cerato,t_2rXlDo,Instituto,VOL,Talleres,True,26,3,3,True,3,True,15.631686666666667,12.425053846153844,17.852,4.899593689948649,3.3454,24.22,1.0,0.16950319844970616,1.0,1.1179999999999999,14.904111871794871,16.662797072666663,True
p_287xJj,Gustavo Abregú,t_2rXlDo,Instituto,VOL,Talleres,True,24,3,3,True,3,True,9.160406666666667,8.435608333333333,11.70599,3.5906367335197595,2.4712,16.18,1.0,0.21783470530312996,1.0,1.1179999999999999,9.506883166666666,10.628695380333331,True
p_4T6aUk,Ignacio Méndez,t_2rXlDo,Instituto,VOL,Talleres,True,20,3,3,True,2,True,8.282313333333333,5.11999,11.8252,3.5053508309890735,1.218,13.658,1.0,0.22195829748079063,1.0,1.1179999999999999,7.903105666666667,8.835672135333333,True
p_39c8jY,Diego Sosa,t_2rXlDo,Instituto,DEF,Talleres,True,26,3,3,True,3,True,11.9546,11.008746153846154,16.06815,4.052048661428514,4.0545,18.764,1.0,0.19793950276742597,1.0,1.1179999999999999,12.604645961538463,14.091994184999999,True
p_28dMyW,Jeremías Lázaro,t_2rXlDo,Instituto,VOL,Talleres,True,21,3,3,True,2,True,5.720980000000001,5.922819047619048,12.8723,5.306683450105069,0.246,21.9371,1.0,0.15856194589619685,1.0,1.1179999999999999,7.589545619047619,8.485112002095237,True
p_0t17ZI,Alex Luna,t_2rXlDo,Instituto,DEL,Talleres,True,24,3,3,True,3,True,10.212033333333332,8.137104166666667,14.354,4.743386530691664,-0.99,14.8326,1.0,0.17411330312807138,1.0,1.1179999999999999,10.417553333333332,11.646824626666664,True
p_4Dwu6c,Matías Tissera,t_2rXlDo,Instituto,DEL,Talleres,True,16,3,3,True,3,True,3.5740866666666666,4.128712500000001,9.79765,4.131471654810184,-0.1371,13.8412,1.0,0.19487586939364873,1.0,1.1179999999999999,5.351827833333334,5.9833435176666665,True
p_0kjymf,Agustín Massaccesi,t_2rXlDo,Instituto,DEF,Talleres,True,10,3,3,True,0,False,4.847980000000001,6.79538,12.52341,3.6387732437671296,2.7853,13.4838,0.8764481806194621,0.21557423643064388,0.9876448180619463,1.1179999999999999,7.545797500000001,8.331970799304125,False
p_0Hy7kK,Agustín Bravo,t_2rXlDo,Instituto,DEF,Talleres,True,2,3,3,True,0,False,2.6628333333333334,3.53925,5.64265,3.7183210088694603,0.91,6.1685,0.6090546262022815,0.21193979767807414,0.9609054626202281,1.1179999999999999,3.758354166666667,4.037570969018452,False
p_2YgDN7,Hernán de la Fuente,t_2rXlDo,Instituto,DEF,Talleres,True,3,3,3,True,0,False,5.1817,4.405633333333333,6.43266,2.434684645561583,2.4886,7.145,0.65822950885999,0.29114754429995027,0.965822950885999,1.1179999999999999,5.184013333333333,5.597646063526182,False
p_2AQDyY,Jhon Córdoba,t_2rXlDo,Instituto,VOL,Talleres,True,22,3,3,True,1,False,4.626006666666667,6.872886363636363,10.837610000000003,4.205109988629531,2.6246,22.3478,1.0,0.19211889896361112,1.0,1.1179999999999999,7.07765937878788,7.912823185484849,False
p_1JEoJq,Jonás Acevedo,t_2rXlDo,Instituto,VOL,Talleres,True,12,3,3,True,0,False,5.905013333333333,4.2307999999999995,6.27,2.0875341739173345,0.3271,7.1725,0.9647766109569076,0.32388305478453755,0.9964776610956908,1.1179999999999999,5.326574666666666,5.934134560019561,False
p_0Gnu2O,Nicolás Guerra,t_2rXlDo,Instituto,DEL,Talleres,True,20,3,3,True,0,False,3.1574066666666663,2.7737449999999995,5.948110000000004,3.176156445748292,-1.43,11.7618,1.0,0.23945463082880697,1.0,1.1179999999999999,3.7016178333333336,4.1384087376666665,False
p_12xt1i,Facundo Suárez,t_2rXlDo,Instituto,DEL,Talleres,True,6,3,3,True,0,False,3.0568400000000002,3.6236499999999996,8.939350000000001,4.569124594821202,-0.44,11.6254,0.7359122868585095,0.17956143429254798,0.973591228685851,1.1179999999999999,4.7541915,5.174818562872183,False
p_3PzK4u,Matías Fonseca,t_2rXlDo,Instituto,DEL,Talleres,True,17,3,3,True,0,False,2.7291799999999995,3.2603470588235295,6.36328,3.032381207507898,-0.5643,12.4559,1.0,0.24799242644472655,1.0,1.1179999999999999,3.8501718235294113,4.3044920987058815,False
p_2HsKZ1,Ezequiel Unsain,t_02LuKO,Talleres,ARQ,Instituto,False,8,3,3,True,3,True,7.71776,6.2565875,9.14358,2.570969426076753,2.2991,10.25,0.8226738669914619,0.2800360016239765,0.9822673866991463,0.899,7.489746,6.613882974183886,True
p_23S3AO,Augusto Schott,t_02LuKO,Talleres,DEF,Instituto,False,24,3,3,True,3,True,8.55526,7.9805625000000004,13.466179999999998,3.9302173517517924,-0.0984,15.0041,1.0,0.20283081427326574,1.0,0.899,9.553111000000001,8.588246789000001,True
p_43mFql,Matías Catalán,t_02LuKO,Talleres,DEF,Instituto,False,20,3,3,True,3,True,8.937199999999999,8.75994,13.33285,3.6888554452852347,2.4012,16.6184,1.0,0.21327166334494826,1.0,0.899,9.9652085,8.958722441499999,True
p_3mV8zU,Román Riquelme,t_02LuKO,Talleres,DEF,Instituto,False,4,3,1,True,1,False,5.557840000000001,4.844775,7.26965,2.565616856787726,3.1006,8.6489,0.6894246095508741,0.28045638108770404,0.9689424609550874,0.899,5.700566500000001,4.965645319079969,True
p_2usscp,Gabriel Báez,t_02LuKO,Talleres,DEF,Instituto,False,13,3,3,True,3,True,9.35764,7.577238461538462,12.015300000000002,3.563218322092745,0.0538,12.4278,0.977162049358535,0.21914358012600818,0.9977162049358536,0.899,9.309894384615385,8.350480611901096,True
p_3mEDPS,Federico Fattori,t_02LuKO,Talleres,VOL,Instituto,False,6,3,1,True,1,False,7.125106666666667,6.6143,10.2104,3.7657928811871746,2.5629,13.3206,0.741965734765666,0.20982867382832987,0.9741965734765666,0.899,7.692107333333334,6.736768521645627,True
p_0tQtiw,Juan Sforza,t_02LuKO,Talleres,VOL,Instituto,False,19,3,3,True,2,True,8.246886666666667,7.118921052631579,10.927239999999998,3.2239525600622856,2.9151,13.6203,1.0,0.2367450831373102,1.0,0.899,8.465788754385965,7.610744090192983,True
p_3GiPCr,Rick,t_02LuKO,Talleres,DEL,Instituto,False,23,3,3,True,3,True,7.136213333333333,6.536795652173913,11.171100000000001,3.3861419111214115,0.85,14.7832,1.0,0.22799079926356702,1.0,0.899,7.905167927536231,7.1067459668550725,True
p_3weO8u,Franco Cristaldo,t_02LuKO,Talleres,VOL,Instituto,False,17,3,3,True,2,True,6.881146666666667,7.476023529411765,14.60542,5.277997933346675,-1.3488,19.9656,1.0,0.15928644937716951,1.0,0.899,9.05016574509804,8.136099004843139,True
p_1baCzH,Valentín Depietri,t_02LuKO,Talleres,DEL,Instituto,False,18,3,3,True,3,True,11.52354,6.011627777777778,12.100780000000002,5.314156256951865,-0.5443,19.545,1.0,0.1583742877599843,1.0,0.899,9.463085111111111,8.507313514888889,True
p_14TOcz,Agustín Álvarez,t_02LuKO,Talleres,DEL,Instituto,False,4,3,3,True,3,True,10.075410000000002,8.6927,16.290290000000002,7.715821431750911,1.842,19.3088,0.6562801090980844,0.11473387882375548,0.9656280109098084,0.899,11.076046000000002,9.615110900685263,True
p_2nrS5l,Valentín Fascendini,t_02LuKO,Talleres,DEF,Instituto,False,6,3,3,True,2,True,5.993800000000001,5.545883333333333,7.1160499999999995,1.7344593133500326,3.4307,7.2035,0.7731406018819043,0.3657030094095213,0.9773140601881904,0.899,6.095195833333333,5.35527160817791,False
p_4PWmyN,Timoteo Chamorro,t_02LuKO,Talleres,DEF,Instituto,False,9,3,3,True,1,False,7.88442,6.171766666666667,10.57712,4.61477019850393,-0.6575,13.01,0.8356203358159325,0.17810167907966254,0.9835620335815933,0.899,7.872533666666667,6.961069575140977,False
p_0V59vw,Santiago Fernández,t_02LuKO,Talleres,DEF,Instituto,False,18,3,3,True,0,False,6.50888,8.066227777777778,11.811810000000001,3.2113121730396155,1.7987,12.6706,1.0,0.23745568101122885,1.0,0.899,8.45755161111111,7.6033388983888885,False
p_0rvVb2,Alexandro Maidana,t_02LuKO,Talleres,DEF,Instituto,False,12,3,3,True,0,False,2.7197000000000005,7.196883333333335,13.54761,5.885117246045058,0.362,20.5267,0.9290481618326665,0.14524080916333254,0.9929048161832666,0.899,7.217550833333334,6.4425405441343315,False
p_209otm,Giovanni Baroni,t_02LuKO,Talleres,VOL,Instituto,False,18,3,3,True,0,False,2.6954933333333333,5.307222222222222,10.81563,4.256356009208368,0.2624,14.2352,1.0,0.1902458658142915,1.0,0.899,5.770219055555556,5.1874269309444445,False
p_2l1GSH,Lautaro Ortíz,t_02LuKO,Talleres,VOL,Instituto,False,2,3,3,True,1,False,6.78,8.275,11.863,6.342747827243331,3.79,12.76,0.5939044262500685,0.13618879791700916,0.9593904426250068,0.899,8.64875,7.459477753497072,False
p_1GQOph,Bruno Trey,t_02LuKO,Talleres,VOL,Instituto,False,1,3,3,True,0,False,4.23,4.23,4.23,0.0,4.23,4.23,0.7333333333333334,1.0,0.9733333333333334,0.899,4.23,3.701362800000001,False
p_2mFTYm,Valentín Dávila,t_02LuKO,Talleres,DEL,Instituto,False,24,3,3,True,0,False,2.64666,3.6686416666666664,10.066059999999997,4.769246204765138,-0.51,18.4613,1.0,0.17333286958251928,1.0,0.899,4.910302666666666,4.414362097333332,False
p_05SKXO,Emiliano Chiavassa,t_02LuKO,Talleres,DEL,Instituto,False,9,3,3,True,0,False,1.8573066666666667,1.041611111111111,3.0780000000000007,2.24897106386701,-0.9782,6.03,0.8615579505229434,0.30778975261471675,0.9861557950522943,0.899,1.8362017777777777,1.6278921406127518,False
p_3tsAcU,Diego Valoyes,t_02LuKO,Talleres,DEL,Instituto,False,10,3,2,True,0,False,4.473,4.710769999999999,9.08445,3.445845684959725,-0.6086,9.975,0.8783191502447477,0.22492908455707208,0.9878319150244748,0.899,5.7209705,5.080570163087361,False
p_0kRKnI,Tomás Marchiori,t_2eRs85,Vélez Sarsfield,ARQ,Tigre,True,8,3,3,True,3,True,10.459480000000001,10.3912,13.38048,3.2494428375162583,5.4012,13.7988,0.8137316602781344,0.23532496805733866,0.9813731660278134,1.0179999999999998,11.162418,11.151678448063198,True
p_4HmUN6,Joaquín García,t_2eRs85,Vélez Sarsfield,DEF,Tigre,True,21,3,3,True,3,True,10.151019999999999,9.608090476190476,14.0036,4.087480132784105,2.4972,17.8905,1.0,0.1965609641511767,1.0,1.0179999999999998,10.89699319047619,11.093139067904758,True
p_0ZUeue,Thiago Silvero,t_2eRs85,Vélez Sarsfield,DEF,Tigre,True,12,3,3,True,3,True,11.0439,9.821366666666666,17.22778,5.782981233732042,0.5,17.7508,0.9294855599784637,0.14742779989231863,0.9929485559978464,1.0179999999999998,12.100856666666665,12.23180766026664,True
p_1mwRpu,Emanuel Mammana,t_2eRs85,Vélez Sarsfield,DEF,Tigre,True,22,3,3,True,3,True,8.349966666666667,8.010931818181819,12.106240000000001,3.4387408512815743,0.74,13.6171,1.0,0.22528911542814564,1.0,1.0179999999999998,9.15342106060606,9.318182639696968,True
p_4filjU,Elías Gómez,t_2eRs85,Vélez Sarsfield,DEF,Tigre,True,24,3,3,True,3,True,12.288206666666667,10.170679166666668,13.97464,3.3540612323594607,3.83,16.0387,1.0,0.2296706331477339,1.0,1.0179999999999998,11.862804,12.076334471999997,True
p_2n95ER,Rodrigo Aliendro,t_2eRs85,Vélez Sarsfield,VOL,Tigre,True,25,3,3,True,3,True,9.766906666666667,7.10006,12.39746,4.66616313706097,0.0492,16.9263,1.0,0.17648627048156232,1.0,1.0179999999999998,9.357806333333334,9.526246847333333,True
p_2D7OBP,Lucas Robertone,t_2eRs85,Vélez Sarsfield,VOL,Tigre,True,23,3,3,True,3,True,8.35276,7.389621739130434,11.75986,3.8224728523866855,2.572,17.4286,1.0,0.2073624944316879,1.0,1.0179999999999998,8.819279695652174,8.97802673017391,True
p_0Ndsjk,Juan Policella,t_2eRs85,Vélez Sarsfield,VOL,Tigre,True,3,3,3,True,2,True,5.417000000000001,4.4407,6.5111,3.1580071136715318,0.83,6.6878,0.6480999658087163,0.2404998290435817,0.9648099965808716,1.0179999999999998,5.300005,5.205540766435316,True
p_1UNG97,Manuel Lanzini,t_2eRs85,Vélez Sarsfield,VOL,Tigre,True,25,3,3,True,2,True,7.748413333333334,10.053256,17.16468,4.74144590816627,3.07,18.0397,1.0,0.17417215384327894,1.0,1.0179999999999998,11.024417066666667,11.222856573866665,True
p_2f7maD,Simón Escobar,t_2eRs85,Vélez Sarsfield,DEF,Tigre,True,6,3,3,True,2,True,5.19574,5.763333333333333,9.3351,2.9285501564198393,2.7621,10.2859,0.7509093665695397,0.25454683284769836,0.975090936656954,1.0179999999999998,6.457617333333332,6.410105888546559,True
p_4bqyr6,Ronaldo Martínez,t_2eRs85,Vélez Sarsfield,DEL,Tigre,True,2,3,2,True,2,True,11.4728,12.28105,14.22085,3.429114335364163,9.8563,14.7058,0.6118224212614634,0.22577877297398322,0.9611822421261463,1.0179999999999998,12.4831125,12.214519890569255,True
p_1O1XFB,Lisandro Magallán,t_2eRs85,Vélez Sarsfield,DEF,Tigre,True,20,3,3,True,0,False,7.712466666666668,9.094705000000001,12.877370000000003,3.335407727538127,2.38,15.31,1.0,0.23065881292965554,1.0,1.0179999999999998,9.556587833333335,9.728606414333333,False
p_0CoGTg,Claudio Baeza,t_2eRs85,Vélez Sarsfield,VOL,Tigre,True,20,3,3,True,0,False,3.692713333333333,7.158205000000001,11.923670000000001,3.7783459921359075,1.294,12.5771,1.0,0.20927743651166683,1.0,1.0179999999999998,7.136649166666667,7.265108851666666,False
p_34RQqa,Luca Feler,t_2eRs85,Vélez Sarsfield,VOL,Tigre,True,10,3,3,True,0,False,3.4735266666666664,3.16732,5.850779999999999,2.226858907769217,0.73,6.7578,0.8953131117235398,0.3098988919510327,0.989531311172354,1.0179999999999998,3.945357333333333,3.974327598168537,False
p_2vr8Bq,Álex Verón,t_2eRs85,Vélez Sarsfield,VOL,Tigre,True,12,3,3,True,1,False,2.3238866666666667,2.9443333333333332,5.798570000000001,2.1682418912076855,-0.09,6.3413,0.9631264931364705,0.31563246568235204,0.996312649313647,1.0179999999999998,3.4407361666666665,3.489753847185365,False
p_2x4DpJ,Lautaro Piola,t_2eRs85,Vélez Sarsfield,ARQ,Tigre,True,1,3,3,True,0,False,0.03,0.03,0.03,0.0,0.03,0.03,0.7333333333333334,1.0,0.9733333333333334,1.0179999999999998,0.03,0.029725599999999994,False
p_4LvJZA,Matías Arias,t_2eRs85,Vélez Sarsfield,DEL,Tigre,True,6,3,3,True,0,False,2.3662133333333335,3.464116666666667,5.9832,2.7492388098647713,-0.18,8.3364,0.7533441613465037,0.2667208067325187,0.9753344161346504,1.0179999999999998,3.7096213333333337,3.6832475416574013,False
p_4U4fDQ,Dilan Godoy,t_2eRs85,Vélez Sarsfield,DEL,Tigre,True,19,3,3,True,1,False,2.650746666666667,4.004036842105263,7.574079999999997,3.592420924083016,-0.305,14.2247,1.0,0.21775007485832176,1.0,1.0179999999999998,4.4228960701754385,4.502508199438595,False
p_1JUF3l,Felipe Zenobio,t_1L8FaD,Tigre,ARQ,Vélez Sarsfield,False,23,3,3,True,3,True,8.515133333333333,8.451791304347825,12.33112,3.23219767255445,2.8746,13.9833,1.0,0.2362838594437449,1.0,0.9819999999999998,9.443793188405797,9.27380491101449,True
p_4NFYc4,Valentín Moreno,t_1L8FaD,Tigre,DEF,Vélez Sarsfield,False,16,3,3,True,3,True,8.472606666666666,8.85124375,12.6906,3.9761885915985338,2.3367,16.58,1.0,0.20095701390585025,1.0,0.9819999999999998,9.678559833333333,9.504345756333331,True
p_1IquRb,Alan Barrionuevo,t_1L8FaD,Tigre,DEF,Vélez Sarsfield,False,24,3,3,True,3,True,7.123306666666667,9.7070125,13.79646,3.5319809888346128,4.1326,18.0761,1.0,0.22065405889029277,1.0,0.9819999999999998,9.825077333333333,9.64822594133333,True
p_35Wzc1,Juan Villalba,t_1L8FaD,Tigre,DEF,Vélez Sarsfield,False,8,3,3,True,3,True,8.281726666666668,7.0447875,11.84184,3.863577179039246,1.8583,13.9081,0.807788662398933,0.20560997866133188,0.9807788662398933,0.9819999999999998,8.676979333333334,8.357014389780844,True
p_3NzaGf,Nahuel Banegas,t_1L8FaD,Tigre,DEF,Vélez Sarsfield,False,12,3,3,True,3,True,8.142053333333333,7.5545083333333345,11.94411,4.1201603577483015,0.412,13.98,0.9390612766057886,0.19530638302894307,0.993906127660579,0.9819999999999998,8.857549500000001,8.645108415072972,True
p_1dEFgX,Jabes Saralegui,t_1L8FaD,Tigre,VOL,Vélez Sarsfield,False,17,3,3,True,3,True,8.364953333333334,6.992058823529412,11.001820000000002,3.9772792099403245,0.49,14.5333,1.0,0.200912980329265,1.0,0.9819999999999998,8.475012196078431,8.322461976549018,True
p_3il4tl,Santiago González,t_1L8FaD,Tigre,VOL,Vélez Sarsfield,False,9,3,3,True,3,True,7.546893333333332,6.537411111111111,9.293199999999999,2.366180840745506,3.27,10.4828,0.8594145143894605,0.29707257194730236,0.9859414514389461,0.9819999999999998,7.57967711111111,7.33860173102483,True
p_1Sh6eR,Martín Garay,t_1L8FaD,Tigre,DEF,Vélez Sarsfield,False,18,3,3,True,2,True,6.947066666666666,7.112638888888889,11.84584,4.131980916922349,1.77,15.9908,1.0,0.19485653126701422,1.0,0.9819999999999998,8.23798888888889,8.089705088888888,True
p_1hfCZH,Santiago López,t_1L8FaD,Tigre,DEL,Vélez Sarsfield,False,24,3,3,True,3,True,5.406466666666666,6.403199999999999,12.915109999999999,4.376115777718867,0.02,15.2257,1.0,0.18600789888946714,1.0,0.9819999999999998,7.682320833333333,7.544039058333331,True
p_0Zmsp3,Mauro Méndez,t_1L8FaD,Tigre,DEL,Vélez Sarsfield,False,5,3,3,True,2,True,2.7981133333333337,3.8147800000000003,8.37156,4.746082910358815,0.34,12.08,0.7014729865753905,0.17403159954361933,0.970147298657539,0.9819999999999998,4.598141666666667,4.380578971859635,True
p_36ULM2,Ignacio Russo,t_1L8FaD,Tigre,DEL,Vélez Sarsfield,False,25,3,3,True,3,True,5.236573333333334,7.524432000000001,15.920200000000003,6.6579025103456315,0.2314,28.2763,1.0,0.13058405988441685,1.0,0.9819999999999998,8.822623466666668,8.663816244266666,True
p_0lZVBC,Lautaro Morales,t_1L8FaD,Tigre,ARQ,Vélez Sarsfield,False,1,3,3,True,0,False,10.29,10.29,10.29,0.0,10.29,10.29,0.7333333333333334,1.0,0.9733333333333334,0.9819999999999998,10.29,9.835319199999997,False
p_34Y0Ej,Guillermo Soto,t_1L8FaD,Tigre,DEF,Vélez Sarsfield,False,6,3,2,True,0,False,4.560033333333333,5.965583333333334,10.817450000000001,5.286846606595152,0.2025,15.2194,0.7318124510609487,0.15906225530474377,0.9731812451060949,0.9819999999999998,6.686607500000001,6.390149954162808,False
p_0HLKx2,Gonzalo Requena,t_1L8FaD,Tigre,DEF,Vélez Sarsfield,False,2,3,3,True,0,False,5.571133333333333,4.853350000000001,6.57603,3.045296774536104,2.7,7.0067,0.6161067970568369,0.24720065195085109,0.9616106797056837,0.9819999999999998,5.535244166666667,5.226940407147238,False
p_422Dh0,Federico Álvarez,t_1L8FaD,Tigre,DEF,Vélez Sarsfield,False,19,3,3,True,0,False,6.72648,9.081915789473683,13.49348,3.9091027103789937,0.805,16.275,1.0,0.20370321400808453,1.0,0.9819999999999998,9.360404315789474,9.191917038105261,False
p_2OigHb,Bruno Leyes,t_1L8FaD,Tigre,VOL,Vélez Sarsfield,False,19,3,3,True,1,False,3.0233266666666667,7.553052631578947,11.642399999999999,3.832231659717702,1.3429,16.2174,1.0,0.20694372091805296,1.0,0.9819999999999998,6.9899853859649115,6.864165649017542,False
p_34yTml,Sebastián Medina,t_1L8FaD,Tigre,VOL,Vélez Sarsfield,False,12,3,3,True,0,False,2.2712866666666667,2.717633333333333,4.18374,1.8934651857631206,1.246,8.04,0.969121274029517,0.34560637014758505,0.9969121274029518,0.9819999999999998,2.9279386666666665,2.866357408920371,False
p_4OfzNB,Tiago Serrago,t_1L8FaD,Tigre,VOL,Vélez Sarsfield,False,19,3,3,True,1,False,2.860033333333334,4.782,7.271979999999999,4.690471847148098,-0.3106,20.9259,1.0,0.175732351703167,1.0,0.9819999999999998,4.7318066666666665,4.646634146666665,False
p_0AvvFI,Alfio Oviedo,t_1L8FaD,Tigre,DEL,Vélez Sarsfield,False,13,3,2,True,0,False,-0.5074533333333334,1.6371846153846152,3.8680000000000003,2.815036145370711,-4.344,7.9844,0.9857574762192891,0.26212071442977875,0.9985757476219289,0.9819999999999998,1.4442651794871795,1.4162484341060562,False
p_34bboz,Ignacio Peluffo,t_1L8FaD,Tigre,DEF,Vélez Sarsfield,False,5,3,3,True,0,False,2.2101,2.5794200000000003,6.72592,3.9048440176273362,-0.69,8.8688,0.7074426830458272,0.20388008189580284,0.9707442683045827,0.9819999999999998,3.4867830000000004,3.323848669054564,False
p_0Dmkk5,Jerónimo Dómina,t_1L8FaD,Tigre,DEL,Vélez Sarsfield,False,1,3,1,True,0,False,0.3,0.3,0.3,0.0,0.3,0.3,0.7333333333333334,1.0,0.9733333333333334,0.9819999999999998,0.3,0.28674399999999994,False
p_4d8JFW,Ian Subiabre,t_1L8FaD,Tigre,DEL,Vélez Sarsfield,False,5,3,3,True,0,False,0.63534,1.2833599999999996,2.72866,1.6035817076157985,-0.536,3.1033,0.743483921686924,0.38408627510128696,0.9743483921686924,0.9819999999999998,1.417878,1.3566400208987164,False
p_235aQ1,Jeremías Ledesma,t_1rEb7t,Rosario Central,ARQ,Argentinos Juniors,True,23,3,3,True,3,True,6.53944,8.86415652173913,13.791480000000002,4.4683808073889475,-3.4387,16.1,1.0,0.18286948828596336,1.0,1.0719999999999998,9.282336608695653,9.950664844521738,True
p_3RAftg,Emanuel Coronel,t_1rEb7t,Rosario Central,DEF,Argentinos Juniors,True,22,3,3,True,3,True,5.6137999999999995,7.491336363636364,14.271880000000008,4.39613132636125,0.3692,17.6571,1.0,0.18531795086505534,1.0,1.0719999999999998,8.529334545454548,9.143446632727274,True
p_3FvFpo,Ignacio Ovando,t_1rEb7t,Rosario Central,DEF,Argentinos Juniors,True,23,3,3,True,3,True,7.643266666666666,9.025934782608696,12.204,3.59162295495412,0.5231,14.82,1.0,0.21778791721586208,1.0,1.0719999999999998,9.336517246376811,10.008746488115941,True
p_3lGmY0,Gastón Ávila,t_1rEb7t,Rosario Central,DEF,Argentinos Juniors,True,21,3,3,True,3,True,10.375093333333332,10.423428571428571,15.3241,5.134095405243543,0.6984,21.0486,1.0,0.16302322248610296,1.0,1.0719999999999998,11.631679095238095,12.469159990095235,True
p_2d8zml,Agustín Sández,t_1rEb7t,Rosario Central,DEF,Argentinos Juniors,True,22,3,3,True,3,True,8.331666666666667,7.419709090909092,11.889940000000001,4.350956747320787,2.36,19.0924,1.0,0.1868824674205595,1.0,1.0719999999999998,8.856451969696971,9.494116511515152,True
p_4PWEjP,Franco Ibarra,t_1rEb7t,Rosario Central,VOL,Argentinos Juniors,True,25,3,3,True,3,True,11.941120000000002,11.657444,17.43742,4.388265826523426,2.2223,19.5764,1.0,0.18558846801461762,1.0,1.0719999999999998,13.201724600000002,14.1522487712,True
p_3i9lqe,Vicente Pizarro,t_1rEb7t,Rosario Central,VOL,Argentinos Juniors,True,27,3,3,True,3,True,7.272813333333333,9.29887037037037,14.948240000000002,4.588266805150085,3.29,20.8298,1.0,0.17894635937539902,1.0,1.0719999999999998,10.002092814814816,10.72224349748148,True
p_49POtu,Alan Rodríguez,t_1rEb7t,Rosario Central,VOL,Argentinos Juniors,True,4,3,2,True,1,False,6.80277,8.038425,15.097510000000003,7.3897516351476025,0.5292,18.0529,0.6571719412799774,0.11919303973322051,0.9657171941279977,1.0719999999999998,9.370717,9.701023830238471,True
p_1vKOON,Ángel Di Maria,t_1rEb7t,Rosario Central,VOL,Argentinos Juniors,True,22,3,3,True,3,True,13.660859999999998,13.105413636363638,25.76352000000002,6.6508809957274835,4.2073,27.52,1.0,0.13070390201578544,1.0,1.0719999999999998,16.46434645454546,17.64977939927273,True
p_47jtXa,Jáminton Campaz,t_1rEb7t,Rosario Central,VOL,Argentinos Juniors,True,20,3,3,True,3,True,10.646413333333333,10.590895000000002,19.372400000000003,6.386397938668269,-0.3444,24.2041,1.0,0.13538398666079654,1.0,1.0719999999999998,12.805702666666669,13.727713258666666,True
p_2TtuTI,Enzo Copetti,t_1rEb7t,Rosario Central,DEL,Argentinos Juniors,True,24,3,3,True,2,True,6.46422,5.582141666666668,11.78141,3.986020791075237,0.02,13.1833,1.0,0.20056073608637112,1.0,1.0719999999999998,7.4406861666666675,7.976415570666666,True
p_2tK1WJ,Axel Werner,t_1rEb7t,Rosario Central,ARQ,Argentinos Juniors,True,1,3,3,True,0,False,15.76,15.76,15.76,0.0,15.76,15.76,0.7333333333333334,1.0,0.9733333333333334,1.0719999999999998,15.76,16.44419413333333,False
p_43U0bn,Alexis Soto,t_1rEb7t,Rosario Central,DEF,Argentinos Juniors,True,21,3,3,True,0,False,6.1344666666666665,7.561628571428573,13.5446,4.289169808382836,0.16,17.2096,1.0,0.1890655880276512,1.0,1.0719999999999998,8.557864761904764,9.174031024761906,False
p_15HxSV,Sebastián Zaracho,t_1rEb7t,Rosario Central,DEF,Argentinos Juniors,True,2,3,3,True,0,False,6.830000000000001,9.93,17.37,13.152186130069783,0.63,19.23,0.5807987589216612,0.07066046127497258,0.9580798758921661,1.0719999999999998,10.705000000000002,10.994694716568286,False
p_33jhYq,Elías Verón,t_1rEb7t,Rosario Central,DEF,Argentinos Juniors,True,7,3,3,True,0,False,6.695113333333334,7.346185714285714,12.24178,5.429274102931432,-2.55,13.5997,0.764441044219203,0.1555385544293483,0.9764441044219203,1.0719999999999998,8.342208952380952,8.73219120336553,False
p_0kqzA5,Juan Giménez,t_1rEb7t,Rosario Central,DEF,Argentinos Juniors,True,1,3,2,True,0,False,8.3077,8.3077,8.3077,0.0,8.3077,8.3077,0.7333333333333334,1.0,0.9733333333333334,1.0719999999999998,8.3077,8.668364949333332,False
p_2tyvWq,Facundo Mallo,t_1rEb7t,Rosario Central,DEF,Argentinos Juniors,True,13,3,3,True,0,False,5.957653333333334,5.6401076923076925,9.58912,3.8565274411188315,0.9418,13.9631,0.9745150217773555,0.2059084422201109,0.9974515021777356,1.0719999999999998,6.738501743589744,7.205264352003983,False
p_0oAo40,Giovanni Cantizano,t_1rEb7t,Rosario Central,VOL,Argentinos Juniors,True,10,3,3,True,1,False,5.7340599999999995,7.347409999999999,12.787389999999997,5.760210151538647,1.6456,19.8433,0.8629182124298033,0.14792439548234998,0.9862918212429803,1.0719999999999998,8.1427325,8.609350420966402,False
p_1NRR02,Pol Fernández,t_1rEb7t,Rosario Central,VOL,Argentinos Juniors,True,16,3,3,True,0,False,4.677653333333334,6.522600000000001,11.3981,4.049404700117455,2.0267,14.8766,1.0,0.19804314753712232,1.0,1.0719999999999998,7.095743666666667,7.606637210666666,False
p_0wjNc4,Franco Cervi,t_1rEb7t,Rosario Central,VOL,Argentinos Juniors,True,1,3,3,True,0,False,1.0867,1.0867,1.0867,0.0,1.0867,1.0867,0.7333333333333334,1.0,0.9733333333333334,1.0719999999999998,1.0867,1.1338772693333334,False
p_1lykSO,Gaspar Duarte,t_1rEb7t,Rosario Central,VOL,Argentinos Juniors,True,12,3,1,True,0,False,4.453813333333334,4.233183333333333,6.20512,2.1891205211364233,0.7033,8.5878,0.9627132147168684,0.31356607358434235,0.9962713214716868,1.0719999999999998,4.803388,5.130032105442932,False
p_3SDFp7,Federico Navarro,t_1rEb7t,Rosario Central,VOL,Argentinos Juniors,True,20,3,3,True,0,False,2.1791466666666666,3.7657450000000003,5.775000000000001,2.390774164085327,-0.79,10.6709,1.0,0.29491790122500045,1.0,1.0719999999999998,3.712749333333334,3.9800672853333334,False
p_13K9bt,Tomás Badaloni,t_1rEb7t,Rosario Central,DEL,Argentinos Juniors,True,6,3,3,True,0,False,3.714,3.1870333333333334,4.405,1.1802091368340895,1.5822,5.03,0.7917343187958668,0.4586715939793341,0.9791734318795867,1.0719999999999998,3.6759633333333337,3.858562838108099,False
p_173wGq,Brayan Cortés,t_3XuEvf,Argentinos Juniors,ARQ,Rosario Central,False,28,3,3,True,3,True,8.45326,9.592157142857143,14.03753,3.806282670496881,1.6238,16.6921,1.0,0.2080610044303987,1.0,1.057,10.304886357142859,10.8922648795,True
p_4BEGB2,Kevin Coronel,t_3XuEvf,Argentinos Juniors,DEF,Rosario Central,False,16,3,3,True,3,True,7.280626666666666,9.5803875,14.2681,4.01585750326129,1.3089,16.4478,1.0,0.19936770519294142,1.0,1.057,9.947399333333333,10.514401095333332,True
p_0pvncd,Francisco Álvarez,t_3XuEvf,Argentinos Juniors,DEF,Rosario Central,False,27,3,3,True,3,True,10.438279999999999,11.370370370370368,16.332600000000006,4.042524714906116,4.5658,21.4467,1.0,0.19831335621299348,1.0,1.057,12.284696148148148,12.984923828592592,True
p_2suVlP,Franco Vázquez,t_3XuEvf,Argentinos Juniors,DEF,Rosario Central,False,7,3,3,True,3,True,9.612166666666667,9.403257142857143,11.151,1.9256715416161905,5.9607,11.9058,0.8016937070646637,0.3418018686566514,0.9801693707064664,1.057,9.91331119047619,10.270577258684044,True
p_38jdJ6,Sebastián Prieto,t_3XuEvf,Argentinos Juniors,DEF,Rosario Central,False,26,3,3,True,3,True,7.194566666666668,10.998976923076924,16.130699999999997,4.67239777735652,0.8157,19.839,1.0,0.1762922910646131,1.0,1.057,10.950364102564102,11.574534856410255,True
p_3naRvD,Kevin Gutiérrez,t_3XuEvf,Argentinos Juniors,VOL,Rosario Central,False,9,3,3,True,3,True,10.658933333333334,11.847199999999999,16.40946,4.623082921060361,2.1429,17.1713,0.8355676775192007,0.1778383875960035,0.9835567677519201,1.057,12.571871666666667,13.069962980338952,True
p_2HueRI,Gabriel Florentín,t_3XuEvf,Argentinos Juniors,VOL,Rosario Central,False,12,3,3,True,1,False,3.1873266666666664,4.657425,6.483700000000001,3.262614169406044,1.04,13.7208,0.9469195643920707,0.23459782196035367,0.9946919564392072,1.057,4.599459333333334,4.835822779397552,True
p_2OHkn8,Nicolás Oroz,t_3XuEvf,Argentinos Juniors,VOL,Rosario Central,False,27,3,3,True,3,True,9.74086,10.400496296296296,15.604680000000004,4.9406942460223195,1.5288,22.61,1.0,0.1683304944821163,1.0,1.057,11.47066951851852,12.124497681074075,True
p_4ek1bV,Hernán López,t_3XuEvf,Argentinos Juniors,VOL,Rosario Central,False,23,3,3,True,3,True,6.6060066666666675,7.667178260869565,16.64214,5.488469345898687,-3.356,17.1329,1.0,0.15411955373297595,1.0,1.057,9.539508637681159,10.083260630028985,True
p_3ohM6R,Gastón Verón,t_3XuEvf,Argentinos Juniors,DEL,Rosario Central,False,9,3,3,True,3,True,7.92088,7.913644444444445,14.857240000000001,5.021766195301986,1.29,15.7842,0.8332128471138641,0.16606423556932054,0.9833212847113865,1.057,9.652075777777778,10.032083772510456,True
p_4SnNiA,Tomás Molina,t_3XuEvf,Argentinos Juniors,DEL,Rosario Central,False,23,3,3,True,3,True,4.8186,6.619060869565218,12.88856,4.881782850347265,-2.68,15.1927,1.0,0.17001647722186128,1.0,1.057,7.556274347826088,7.986981985652175,True
p_0NulPm,Claudio Bravo,t_3XuEvf,Argentinos Juniors,DEF,Rosario Central,False,9,3,3,True,0,False,8.472679999999999,6.039522222222222,9.051440000000001,3.1622448639288585,0.95,12.33,0.8480509932832772,0.24025496641638527,0.9848050993283277,1.057,7.644106888888889,7.957048904295925,False
p_3cUNHY,Facundo Carrizo,t_3XuEvf,Argentinos Juniors,VOL,Rosario Central,False,3,3,2,True,0,False,1.8483333333333334,1.5366666666666668,2.184,1.031616853940131,0.35,2.22,0.6984437590247977,0.49221879512398886,0.9698443759024797,1.057,1.8075833333333335,1.852999778007469,False
p_2e2fKS,Érik Godoy,t_3XuEvf,Argentinos Juniors,DEF,Rosario Central,False,14,3,3,True,0,False,4.266966666666667,5.605164285714285,11.57653,3.4997055633531278,2.42,11.7788,1.0,0.22223676325497432,1.0,1.057,6.6296365476190475,7.007525830833333,False
p_4AgEmZ,Franco Paredes,t_3XuEvf,Argentinos Juniors,DEF,Rosario Central,False,3,3,3,True,0,False,5.671733333333333,6.6864333333333335,9.49078,3.4380933878144337,4.565,10.6532,0.6450643964701452,0.22532198235072656,0.9645064396470145,1.057,7.032375,7.169388919002896,False
p_1E2OCn,Alan Alcaraz,t_3XuEvf,Argentinos Juniors,VOL,Rosario Central,False,2,3,3,True,0,False,4.576666666666667,4.7275,5.0895,0.639931636973825,4.275,5.18,0.6886229698995631,0.6097815161644821,0.9688622969899563,1.057,4.765208333333334,4.879990040882748,False
p_0ICZI3,Gino Infantino,t_3XuEvf,Argentinos Juniors,VOL,Rosario Central,False,2,3,1,True,0,False,3.9142333333333337,3.5345500000000003,4.445790000000001,1.610859958221074,2.3955,4.6736,0.643269779510862,0.38301556422097655,0.9643269779510862,1.057,3.8952491666666673,3.9704026071218688,False
p_4dX0F7,Emiliano Viveros,t_3XuEvf,Argentinos Juniors,VOL,Rosario Central,False,17,3,3,True,1,False,6.679433333333334,6.675247058823529,12.08614,3.7734341444693396,0.8216,13.5183,1.0,0.2094927822893783,1.0,1.057,8.029435490196079,8.487113313137256,False
p_05b1pn,Matías Giménez,t_3XuEvf,Argentinos Juniors,DEL,Rosario Central,False,8,3,3,True,0,False,2.4181866666666667,4.0851375,9.826239999999999,4.913221003123685,-0.96,14.3964,0.8004891806390598,0.16911256986196618,0.980048918063906,1.057,4.936980333333333,5.114275721534723,False
p_2ffcqe,Facundo Jainikoski,t_3XuEvf,Argentinos Juniors,DEL,Rosario Central,False,23,3,3,True,0,False,2.35066,5.035995652173913,10.104800000000003,3.9637660636959273,0.3,15.7286,1.0,0.20145993730724263,1.0,1.057,5.363329260869566,5.669039028739131,False
p_4EUErB,Diego Porcel,t_3XuEvf,Argentinos Juniors,DEL,Rosario Central,False,22,3,3,True,0,False,2.0001466666666667,3.217536363636363,5.8993400000000005,2.6122297422381835,-1.79,9.6,1.0,0.2768373197050272,1.0,1.057,3.461900878787879,3.6592292288787878,False
p_4HjiAr,Santiago Beltrán,t_1Fzy5s,River Plate,ARQ,Huracán,True,29,3,3,True,3,True,9.81328,8.425224137931034,13.49356,4.2431754432142625,1.2779,14.6509,1.0,0.1907241157253671,1.0,1.0879999999999999,10.178127655172414,11.073802888827585,True
p_2VOvJj,Gonzalo Montiel,t_1Fzy5s,River Plate,DEF,Huracán,True,24,3,3,True,3,True,14.652646666666666,11.039225000000002,17.59967,5.124238402817832,0.8691,19.17,1.0,0.16328560944653767,1.0,1.0879999999999999,13.944033833333332,15.171108810666663,True
p_2ho6O3,Lucas Martínez Quarta,t_1Fzy5s,River Plate,DEF,Huracán,True,28,3,3,True,3,True,12.245233333333333,10.862717857142856,16.65921,4.05884527421774,4.1867,18.2425,1.0,0.19767356892618784,1.0,1.0879999999999999,12.79572130952381,13.921744784761904,True
p_2PLJzH,Nicolás Otamendi,t_1Fzy5s,River Plate,DEF,Huracán,True,9,3,3,True,3,True,10.374866666666668,8.0706,12.21386,4.551625199585309,-1.2029,13.6361,0.8360254867376385,0.18012743368819228,0.9836025486737638,1.0879999999999999,9.912908333333334,10.608393748762431,True
p_21gmQu,Marcos Acuña,t_1Fzy5s,River Plate,DEF,Huracán,True,20,3,3,True,3,True,12.88734,10.532,18.227240000000002,5.782553184955768,1.2036,19.21,1.0,0.14743710410086838,1.0,1.0879999999999999,13.280179,14.448834751999998,True
p_22Hl59,Fausto Vera,t_1Fzy5s,River Plate,VOL,Huracán,True,23,3,3,True,3,True,10.076093333333334,9.232121739130434,12.632560000000002,3.6559905639370625,3.0456,14.6759,1.0,0.21477706757945172,1.0,1.0879999999999999,10.377621362318841,11.290852042202898,True
p_0Vhadv,Thiago Almada,t_1Fzy5s,River Plate,VOL,Huracán,True,5,3,3,True,3,True,17.856766666666665,16.2947,20.40322,4.063268416558276,12.4173,22.2991,0.706166843932787,0.19750088633060137,0.9706166843932788,1.0879999999999999,17.868553333333335,18.86974539853926,True
p_0QZ5qI,Tobías Andrada,t_1Fzy5s,River Plate,VOL,Huracán,True,6,3,3,True,3,True,13.650686666666667,11.6779,15.004549999999998,3.6199873038451384,6.7468,17.9227,0.743290162255109,0.2164508112755454,0.9743290162255109,1.0879999999999999,13.200037833333333,13.992963705404815,True
p_3TyKvJ,Ángel Correa,t_1Fzy5s,River Plate,VOL,Huracán,True,8,3,3,True,3,True,16.20536,11.8420875,17.913149999999998,6.411899543914424,1.7,21.4457,0.7936503027528048,0.13491818043069065,0.9793650302752805,1.0879999999999999,14.8869985,15.862828641486685,True
p_4fbCCX,Tomás Galván,t_1Fzy5s,River Plate,VOL,Huracán,True,28,3,3,True,3,True,14.3586,9.355,17.94862,7.159480052453634,1.7929,29.2425,1.0,0.12255682881402355,1.0,1.0879999999999999,13.254665,14.421075519999997,True
p_2aHbDR,Sebastián Driussi,t_1Fzy5s,River Plate,DEL,Huracán,True,19,3,3,True,3,True,6.83306,8.477626315789474,15.704939999999999,5.622367048459424,-0.315,21.1385,1.0,0.1510034090050373,1.0,1.0879999999999999,9.70885652631579,10.563235900631579,True
p_4d2ONx,Francisco Ortega,t_1Fzy5s,River Plate,DEF,Huracán,True,5,3,3,True,0,False,5.207006666666667,6.04344,10.65442,4.165629709059604,2.68,12.4771,0.7053841147348539,0.19358724034093583,0.9705384114734854,1.0879999999999999,6.903433333333334,7.289651376498528,False
p_2rVKv4,Giovanni González,t_1Fzy5s,River Plate,DEF,Huracán,True,3,3,3,True,0,False,6.976216666666666,7.8821666666666665,10.5567,3.786452965947594,3.6422,10.9264,0.6417845952781456,0.20892297639072815,0.9641784595278146,1.0879999999999999,8.2337175,8.637385084206882,False
p_3PsjP7,Lautaro Rivero,t_1Fzy5s,River Plate,DEF,Huracán,True,21,3,3,True,0,False,4.201499999999999,9.134185714285715,13.0362,4.139469177839801,1.9,15.5068,1.0,0.19457262324128105,1.0,1.0879999999999999,8.383249285714285,9.12097522285714,False
p_1AQvrE,Tobías Ramírez,t_1Fzy5s,River Plate,DEF,Huracán,True,1,3,2,True,0,False,9.5024,9.5024,9.5024,0.0,9.5024,9.5024,0.7333333333333334,1.0,0.9733333333333334,1.0879999999999999,9.5024,10.062914901333333,False
p_1qKkWG,Lautaro Pereyra,t_1Fzy5s,River Plate,VOL,Huracán,True,8,3,3,True,0,False,0.7137666666666665,3.0057625,8.33348,3.5473273572961133,-0.68,8.3591,0.8106485453143746,0.21990939323853956,0.9810648545314375,1.0879999999999999,3.535493333333333,3.7737804990067243,False
p_14QNqn,Lucas Silva,t_1Fzy5s,River Plate,VOL,Huracán,True,4,3,3,True,0,False,5.22496,5.4418500000000005,6.279,0.8592650095672849,4.6074,6.6,0.740902721758788,0.5378469421272735,0.9740902721758788,1.0879999999999999,5.575226,5.908681472018855,False
p_0sc7Zk,Mauro Arambarri,t_1Fzy5s,River Plate,VOL,Huracán,True,5,3,3,True,0,False,3.6830866666666666,3.10872,4.71356,1.556385597144872,1.115,5.2112,0.7449021254422803,0.39117729387806804,0.9744902125442281,1.0879999999999999,3.710958333333333,3.9345263215921378,False
p_0LQkv7,Valentín Lucero,t_1Fzy5s,River Plate,VOL,Huracán,True,1,3,2,True,0,False,1.185,1.185,1.185,0.0,1.185,1.185,0.7333333333333334,1.0,0.9733333333333334,1.0879999999999999,1.185,1.2548992,False
p_1JvZlr,Juan Meza,t_1Fzy5s,River Plate,VOL,Huracán,True,10,3,3,True,0,False,5.718866666666666,7.154680000000001,10.566999999999998,3.2642589690974786,2.94,13.96,0.8802348000241167,0.23450733345391728,0.9880234800024117,1.0879999999999999,7.505225333333334,8.067888671021977,False
p_4SEGlt,Lucas Beltrán,t_1Fzy5s,River Plate,DEL,Huracán,True,9,3,3,True,0,False,7.491053333333334,4.334733333333333,8.07564,3.6883728505941478,-0.1079,9.885,0.8426587232657178,0.21329361632858876,0.9842658723265718,1.0879999999999999,6.374672,6.8265168414008395,False
p_42zcz2,Rafael Borré,t_1Fzy5s,River Plate,DEL,Huracán,True,8,3,3,True,0,False,2.40622,2.4678375,5.4411499999999995,2.1980777621351018,-0.2011,5.858,0.8292042329410013,0.3126878313716736,0.9829204232941001,1.0879999999999999,3.1895995,3.411013269858371,False
p_1HS5gG,Hernán Galindez,t_2qXAzu,Huracán,ARQ,River Plate,False,27,3,3,True,3,True,9.727293333333334,9.220633333333332,14.737240000000003,3.9392716959630225,2.5064,17.1077,1.0,0.20245899832101208,1.0,0.963,10.777116,10.378362708,True
p_3mDkwx,Lucas Blondel,t_2qXAzu,Huracán,DEF,River Plate,False,20,3,3,True,3,True,13.684586666666666,9.291630000000001,15.9719,4.790544540534207,1.32,19.1529,1.0,0.17269532994693879,1.0,0.963,12.499232333333334,12.036760737,True
p_2CcRpn,Fabio Pereyra,t_2qXAzu,Huracán,DEF,River Plate,False,21,3,3,True,2,True,7.084213333333334,7.939466666666665,13.0386,4.0100910250683,1.1918,14.83,1.0,0.1995971719867839,1.0,0.963,8.914911333333334,8.585059614,True
p_2gVM0e,Máximo Palazzo,t_2qXAzu,Huracán,DEF,River Plate,False,17,3,3,True,3,True,8.88734,8.157676470588237,13.2216,4.131961029512714,-0.36,14.4217,1.0,0.19485728637634478,1.0,0.963,9.679039588235295,9.320915123470588,True
p_1u5P1L,César Ibáñez,t_2qXAzu,Huracán,DEF,River Plate,False,23,3,3,True,3,True,13.138306666666667,9.619791304347826,15.253280000000002,4.160794642516461,1.4733,15.5072,1.0,0.1937686091520954,1.0,0.963,12.259643855072465,11.806037032434784,True
p_2U6bg5,Facundo Waller,t_2qXAzu,Huracán,VOL,River Plate,False,23,3,3,True,3,True,14.634693333333333,9.756417391304348,15.478100000000001,4.825720563685252,3.7633,20.54,1.0,0.1716525859879927,1.0,0.963,12.894234623188407,12.417147942130436,True
p_4L0APC,Rodrigo Fernández,t_2qXAzu,Huracán,VOL,River Plate,False,7,3,3,True,3,True,12.763946666666667,11.030357142857142,13.907,2.5540950973271292,7.6619,13.907,0.7896064477332296,0.2813655719994813,0.978960644773323,0.963,12.356274190476189,11.64874282100987,True
p_2w9GwT,Oscar Cortés,t_2qXAzu,Huracán,DEL,River Plate,False,26,3,3,True,3,True,11.074373333333334,8.918099999999999,14.919799999999999,5.14995663492422,0.765,22.7258,1.0,0.1626027725661064,1.0,0.963,11.173220666666666,10.759811501999998,True
p_1WFkRF,Juan Bisanz,t_2qXAzu,Huracán,DEL,River Plate,False,24,3,3,True,2,True,6.001293333333333,5.569620833333333,10.882859999999999,4.551011112114601,0.122,18.6186,1.0,0.18014736050835614,1.0,0.963,7.049016,6.788202408,True
p_2yRMOn,Facundo Kalinger,t_2qXAzu,Huracán,VOL,River Plate,False,16,3,3,True,3,True,6.872966666666667,5.5372,9.3512,4.005830413285116,0.9411,16.37,1.0,0.19976705510160142,1.0,0.963,6.958218333333333,6.700764254999999,True
p_46Ymcl,Jordy Caicedo,t_2qXAzu,Huracán,DEL,River Plate,False,25,3,3,True,3,True,10.868733333333333,7.13078,13.41548,5.41375990955762,-1.8175,18.8056,1.0,0.1559147854146872,1.0,0.963,10.010238666666666,9.639859836,True
p_1xk50a,Sebastián Meza,t_2qXAzu,Huracán,ARQ,River Plate,False,1,3,3,True,0,False,7.3222,7.3222,7.3222,0.0,7.3222,7.3222,0.7333333333333334,1.0,0.9733333333333334,0.963,7.3222,6.863244503999999,False
p_2xZbaM,Federico Vera,t_2qXAzu,Huracán,DEF,River Plate,False,6,3,3,True,0,False,8.733113333333334,7.933399999999999,13.0276,4.254885086579895,4.5211,15.0852,0.7380598237078041,0.1902991185390208,0.9738059823707804,0.963,9.486849666666666,8.89653197375991,False
p_3IPD6d,Ignacio Campo,t_2qXAzu,Huracán,DEF,River Plate,False,12,3,3,True,0,False,3.6223066666666672,6.588541666666667,14.662360000000001,5.0359014752183215,0.5522,16.3427,0.933135067035329,0.16567533517664476,0.9933135067035329,0.963,7.5688140000000015,7.240031584417504,False
p_2BQd7q,Leandro Lescano,t_2qXAzu,Huracán,DEF,River Plate,False,8,3,3,True,0,False,1.5380533333333333,1.978425,5.433129999999999,3.947380226265806,-4.1243,6.675,0.8070921021199987,0.2021271772666606,0.9807092102119999,0.963,2.6879711666666664,2.5385817109767252,False
p_12oUPV,Hugo Nervo,t_2qXAzu,Huracán,DEF,River Plate,False,18,3,3,True,1,False,5.686653333333334,6.7261944444444435,11.07704,3.399963398154582,1.8,12.7847,1.0,0.22727461787964343,1.0,0.963,7.450066444444444,7.174413985999999,False
p_3NPNrM,Emmanuel Ojeda,t_2qXAzu,Huracán,VOL,River Plate,False,19,3,3,True,0,False,6.291513333333333,7.9172052631578955,12.690719999999997,3.683595821035274,2.83,15.4675,1.0,0.21351116497045586,1.0,0.963,8.541591771929824,8.22555287636842,False
p_2DN8Ao,Lautaro Mora,t_2qXAzu,Huracán,VOL,River Plate,False,10,3,3,True,0,False,4.045393333333333,2.97288,4.298029999999999,1.9837788540504655,0.5169,6.92,0.9003624295843845,0.3351454812552562,0.9900362429584385,0.963,3.679547166666666,3.5080983057260573,False
p_0iuC7I,Leonardo Gil,t_2qXAzu,Huracán,VOL,River Plate,False,27,3,3,True,1,False,3.2911266666666665,9.071325925925926,15.940940000000005,5.114600483201355,1.09,19.2573,1.0,0.16354298252965185,1.0,0.963,8.765659703703705,8.441330294666667,False
p_3w1HcK,Óscar Romero,t_2qXAzu,Huracán,VOL,River Plate,False,17,3,3,True,0,False,4.043853333333334,5.858952941176471,11.721200000000001,4.69899695136069,1.1783,16.5971,1.0,0.1754694744592275,1.0,0.963,6.689229843137255,6.441728338941177,False
p_1bbvOc,Bruno Barticciotto,t_2qXAzu,Huracán,DEL,River Plate,False,3,3,3,True,0,False,4.714583333333334,4.273666666666666,5.1555,1.527380137141155,2.51,5.1555,0.6791333274567196,0.39566663728359813,0.9679133327456719,0.963,4.648445833333334,4.332818868780111,False
p_23dnxW,Martín Soto,t_2qXAzu,Huracán,DEF,River Plate,False,2,3,2,True,0,False,0.9363,1.26945,2.06901,1.4134357449137898,0.27,2.2689,0.6495360782188454,0.41434705776089387,0.9649536078218846,0.963,1.3527375,1.257031760611701,False
p_2XJ5dS,Thaiel Peralta,t_2qXAzu,Huracán,VOL,River Plate,False,16,3,3,True,0,False,6.898846666666667,4.582125,10.644,6.460213957499137,0.4011,25.6829,1.0,0.13404441289445626,1.0,0.963,6.908446333333334,6.6528338190000005,False
p_0yyPLQ,Matías Mansilla,t_0oa5Fc,Unión,ARQ,Independiente,True,27,3,3,True,3,True,9.80882,7.976144444444445,13.5299,4.4669284493704255,-2.98,14.8938,1.0,0.1829180698560561,1.0,1.098,10.006019777777778,10.986609716000002,True
p_4P8OoY,Juan Pintado,t_0oa5Fc,Unión,DEF,Independiente,True,8,3,3,True,3,True,11.69866,7.7576125000000005,15.911159999999999,6.419839941582322,-0.63,16.395,0.7936214260111585,0.1347737967224593,0.9793621426011159,1.098,11.175366,12.017313968342606,True
p_2fE7Zw,Tomas Fagioli,t_0oa5Fc,Unión,DEF,Independiente,True,4,3,3,True,2,True,5.5612200000000005,5.182,8.05864,2.9919040292094934,2.0211,8.8603,0.6834347382109465,0.2505070243880656,0.9683434738210946,1.098,6.033887000000001,6.4154768578498915,True
p_3c6pcI,Juan Pablo Ludueña,t_0oa5Fc,Unión,DEF,Independiente,True,26,3,3,True,3,True,10.207873333333334,8.7482,14.8248,4.854019886897869,0.6314,20.3675,1.0,0.17082278832672615,1.0,1.098,10.778235666666667,11.834502762000001,True
p_2P4QLN,Lucas Ayala,t_0oa5Fc,Unión,DEF,Independiente,True,7,3,3,True,3,True,9.51004,8.926471428571428,13.479360000000002,3.6925465159400432,4.0957,13.9563,0.7759541148899196,0.21310390778293078,0.977595411488992,1.098,10.268942571428571,11.022680510262452,True
p_0ZgxsX,Lucas Menossi,t_0oa5Fc,Unión,VOL,Independiente,True,14,3,3,True,3,True,10.878353333333333,8.565464285714286,16.60658,5.788541544705386,0.1413,17.403,0.996128075819563,0.14730704576448148,0.9996128075819564,1.098,11.385254380952382,12.49616901426288,True
p_0CHQCV,Emilio Giaccone,t_0oa5Fc,Unión,VOL,Independiente,True,9,3,3,True,3,True,7.73356,6.6256,14.44752,5.16136502317943,1.778,16.0368,0.8324603394292641,0.16230169714632053,0.9832460339429264,1.098,8.968866,9.682824911965184,True
p_1h4yOi,Julián Palacios,t_0oa5Fc,Unión,VOL,Independiente,True,24,3,1,True,1,False,8.8631,10.1723625,17.284709999999997,4.650802704518726,2.57,19.2456,1.0,0.17696600859915693,1.0,1.098,11.4922075,12.618443835,True
p_47bCwf,Ignacio Malcorra,t_0oa5Fc,Unión,VOL,Independiente,True,7,3,3,True,2,True,11.82042,10.291371428571427,15.881200000000003,6.333957538725765,1.1014,22.258,0.7606037393786278,0.1363520302264723,0.9760603739378628,1.098,12.22399557142857,13.100630741932758,True
p_43YxGe,Brahian Cuello,t_0oa5Fc,Unión,VOL,Independiente,True,20,3,3,True,3,True,8.442033333333333,6.68697,17.602890000000002,5.886365785091404,0.49,18.4542,1.0,0.1452144761413842,1.0,1.098,10.030222166666666,11.013183939000001,True
p_3ybBVT,Marcelo Estigarribia,t_0oa5Fc,Unión,DEL,Independiente,True,25,3,3,True,3,True,8.168533333333333,6.788163999999999,13.92188,4.922801551782617,-0.9527,17.992,1.0,0.16883901836944457,1.0,1.098,9.054722266666666,9.9420850488,True
p_4aqigz,Nazareno Fazzi,t_0oa5Fc,Unión,DEF,Independiente,True,1,3,3,True,0,False,2.03,2.03,2.03,0.0,2.03,2.03,0.7333333333333334,1.0,0.9733333333333334,1.098,2.03,2.1695016000000003,False
p_0vA7J1,Matías Rocha,t_0oa5Fc,Unión,DEF,Independiente,True,1,3,3,True,0,False,2.53,2.53,2.53,0.0,2.53,2.53,0.7333333333333334,1.0,0.9733333333333334,1.098,2.53,2.7038616,False
p_2msaJ0,Bruno Pittón,t_0oa5Fc,Unión,DEF,Independiente,True,16,3,3,True,0,False,5.234486666666667,3.77884375,7.4091000000000005,3.0704026704367293,-0.39,9.7661,1.0,0.24567593945016403,1.0,1.098,5.195882833333334,5.705079351000001,False
p_3rkznN,Mateo Peresutti,t_0oa5Fc,Unión,VOL,Independiente,True,3,3,3,True,0,False,3.774433333333333,3.3877666666666664,5.29664,2.3768750415899724,1.03,5.7833,0.6592263549988606,0.2961317749943032,0.9659226354998861,1.098,4.000318333333333,4.242669834054286,False
p_2VZHxk,Santiago Grella,t_0oa5Fc,Unión,VOL,Independiente,True,4,3,3,True,0,False,1.0778000000000003,2.1565,5.599000000000002,3.7020291282844693,-0.032,7.69,0.6758681612859985,0.21267413976332578,0.9675868161285999,1.098,2.6395800000000005,2.80431704331217,False
p_3BCNLl,Joaquín Mosqueira,t_0oa5Fc,Unión,VOL,Independiente,True,5,3,2,True,0,False,5.58178,6.63394,14.572880000000001,8.055457103603743,0.9214,20.71,0.6887527963575033,0.1104306484541831,0.9688752796357504,1.098,8.250419,8.777002463279347,False
p_2N5L7Q,Mauro Luna Diale,t_0oa5Fc,Unión,VOL,Independiente,True,6,3,2,True,1,False,7.240326666666666,6.668550000000001,12.3875,6.118814811628148,2.4423,18.8521,0.7280945642346689,0.14047282117334492,0.972809456423467,1.098,8.298409333333332,8.863902637867886,False
p_2yQG0l,Valentín Cerrudo,t_0oa5Fc,Unión,DEL,Independiente,True,2,3,3,True,0,False,2.5233333333333334,2.5,2.556,0.09899494936611643,2.43,2.57,0.7486511244800141,0.9099222890667376,0.9748651124480014,1.098,2.5221666666666667,2.6997319756416363,False
p_11jmli,Misael Aguirre,t_0oa5Fc,Unión,VOL,Independiente,True,17,3,3,True,0,False,5.2016800000000005,3.39774705882353,6.9284,3.2443755666764384,-0.1936,11.4,1.0,0.2356059175939161,1.0,1.098,4.911786823529412,5.393141932235295,False
p_1NZkbt,Eric Ramírez,t_0oa5Fc,Unión,VOL,Independiente,True,7,3,3,True,0,False,6.3020000000000005,4.12,8.846000000000002,4.092436112309309,0.6,11.84,0.7726072673777027,0.1963696702218463,0.9772607267377703,1.098,6.065200000000001,6.508155372271299,False
p_3KLwFI,Rodrigo Rey,t_1XZg6T,Independiente,ARQ,Unión,False,25,3,3,True,3,True,7.601,8.716315999999999,13.45678,4.551178560977365,0.3667,19.585,1.0,0.18014192644236174,1.0,1.073,9.5110714,10.2053796122,True
p_2Y5BPH,Leonardo Godoy,t_1XZg6T,Independiente,DEF,Unión,False,15,3,3,True,3,True,9.181933333333332,6.93032,11.4237,6.096669986874567,-1.534,19.8922,1.0,0.140911160001736,1.0,1.073,8.841729666666666,9.487175932333333,True
p_1HqLta,Juan Fedorco,t_1XZg6T,Independiente,DEF,Unión,False,16,3,3,True,2,True,7.359846666666668,6.965375,12.3873,5.010659521659798,-0.912,13.8863,1.0,0.16637109395340655,1.0,1.073,8.458921333333333,9.076422590666665,True
p_1OwbCC,Juan Miguel Arrayago,t_1XZg6T,Independiente,DEF,Unión,False,5,3,3,True,3,True,9.851046666666667,9.3305,12.30672,3.65928859206267,3.9279,12.5512,0.7095916746476512,0.21462503990492235,0.9709591674647652,1.073,10.256746333333334,10.685880258002491,True
p_2ralsZ,Facundo Zabala,t_1XZg6T,Independiente,DEF,Unión,False,23,3,3,True,3,True,10.351173333333334,10.003904347826087,15.952720000000001,5.135643915941201,-2.72,18.75,1.0,0.1629820787679464,1.0,1.073,11.612652405797101,12.460376031420289,True
p_4eK1TZ,Mateo Pérez Curci,t_1XZg6T,Independiente,VOL,Unión,False,16,3,3,True,2,True,8.265566666666667,5.704218750000001,10.5861,4.480012852097451,-1.42,16.3323,1.0,0.1824813238562487,1.0,1.073,7.821160833333334,8.392105574166667,True
p_477cm1,Iván Marcone,t_1XZg6T,Independiente,VOL,Unión,False,23,3,3,True,3,True,10.799286666666667,9.952039130434784,14.60804,4.87295488037048,-0.04,21.9418,1.0,0.17027203858527135,1.0,1.073,11.412575985507248,12.245694032449276,True
p_2BSeTF,Maximiliano Meza,t_1XZg6T,Independiente,VOL,Unión,False,8,3,3,True,2,True,7.405633333333332,5.3506375,10.05457,4.023779839169527,-0.6,11.423,0.806477328439827,0.1990533088658018,0.9806477328439828,1.073,7.245869166666667,7.624357268242417,True
p_2c9Jkj,Santiago Gabriel Montiel,t_1XZg6T,Independiente,VOL,Unión,False,20,3,3,True,3,True,10.959573333333333,9.083094999999998,17.021030000000003,6.3179774292323545,-0.94,22.56,1.0,0.13664977921432298,1.0,1.073,11.724346166666667,12.580223436833332,True
p_1GfCUr,Ezequiel Ávila,t_1XZg6T,Independiente,DEL,Unión,False,2,3,3,True,1,False,4.312666666666667,3.8745000000000003,4.9261,1.8589837277394334,2.56,5.189,0.6366215943773388,0.34977463855336066,0.9636621594377339,1.073,4.290758333333334,4.43668486632761,True
p_2l6eDm,Matías Abaldo,t_1XZg6T,Independiente,DEL,Unión,False,24,3,3,True,2,True,4.672326666666667,7.2677958333333335,13.278939999999999,5.127912412726116,1.2185,21.7431,1.0,0.16318771102590407,1.0,1.073,7.862167666666666,8.436105906333333,True
p_4KU2ay,Franco Calderón,t_1XZg6T,Independiente,DEF,Unión,False,1,3,3,True,0,False,3.3244,3.3244,3.3244,0.0,3.3244,3.3244,0.7333333333333334,1.0,0.9733333333333334,1.073,3.3244,3.4719590346666664,False
p_4RoV0i,Santiago Arias,t_1XZg6T,Independiente,DEF,Unión,False,18,3,1,True,0,False,8.596506666666667,8.15871111111111,12.90705,3.5845950275636422,3.2967,15.1202,1.0,0.21812177389448129,1.0,1.073,9.499024277777776,10.192453050055553,False
p_3BqvxS,Josias Palais,t_1XZg6T,Independiente,VOL,Unión,False,5,3,3,True,1,False,3.1436066666666664,4.114800000000001,6.53572,2.5719516218233966,0.544,7.4932,0.722658466437433,0.2799589988538321,0.9722658466437433,1.073,4.380112333333334,4.569513880872937,False
p_1Tat7C,Facundo Cruz,t_1XZg6T,Independiente,VOL,Unión,False,1,3,3,True,0,False,4.03,4.03,4.03,0.0,4.03,4.03,0.7333333333333334,1.0,0.9733333333333334,1.073,4.03,4.208878266666667,False
p_4QT6ls,David Martínez,t_1XZg6T,Independiente,VOL,Unión,False,5,3,3,True,0,False,3.8671933333333333,4.07626,4.74972,0.6839176690216446,3.1676,4.9612,0.7854373189849595,0.5938532615914646,0.978543731898496,1.073,4.171451666666667,4.379930076671598,False
p_2GcFwZ,Lautaro Millán,t_1XZg6T,Independiente,VOL,Unión,False,20,3,3,True,1,False,7.361113333333333,6.574995000000001,13.204760000000006,5.245557025709823,-0.2667,21.69,1.0,0.1601138210544715,1.0,1.073,8.507577666666668,9.128630836333334,False
p_0nB8to,Felipe Tempone,t_1XZg6T,Independiente,DEL,Unión,False,8,3,3,True,2,True,3.4761733333333336,3.3297749999999997,8.044049999999999,3.3383781031042172,-0.47,9.17,0.8127668440248583,0.23050088679095884,0.9812766844024858,1.073,4.559583166666666,4.800830175643269,False
p_1OPWAY,Iván Morales,t_1XZg6T,Independiente,DEL,Unión,False,1,3,1,True,0,False,0.86,0.86,0.86,0.0,0.86,0.86,0.7333333333333334,1.0,0.9733333333333334,1.073,0.86,0.8981725333333334,False
p_0Nf4Z8,Facundo Cambeses,t_2RmaMX,Racing Club,ARQ,Sarmiento,True,28,3,3,True,3,True,6.3664266666666665,8.569167857142858,14.817910000000001,4.045467194834748,2.231,15.9991,1.0,0.1981977012998402,1.0,0.91,9.360393976190476,8.517958518333334,True
p_11I8XF,Ezequiel Cannavo,t_2RmaMX,Racing Club,DEF,Sarmiento,True,23,3,3,True,3,True,3.6733,7.607834782608694,11.912680000000002,3.988963277778131,0.1443,15.2586,1.0,0.20044244551853202,1.0,0.91,7.306958913043478,6.649332610869565,True
p_0qf9Rl,Matías Pérez,t_2RmaMX,Racing Club,DEF,Sarmiento,True,3,3,3,True,3,True,8.170050000000002,7.900500000000001,8.4396,0.9337485903603818,6.8223,8.4396,0.7034260611730955,0.5171303058654774,0.9703426061173096,0.91,8.1296175,7.178547950835068,True
p_1YM31q,Marcos Rojo,t_2RmaMX,Racing Club,DEF,Sarmiento,True,17,3,3,True,3,True,9.89636,8.05754117647059,12.09826,3.0436809355734926,1.5067,12.7117,1.0,0.24729943235696356,1.0,0.91,9.711307470588235,8.837289798235293,True
p_0fwM0U,Ignacio Rodríguez,t_2RmaMX,Racing Club,VOL,Sarmiento,True,11,3,3,True,3,True,9.639006666666667,8.280163636363637,11.7422,3.897308059743989,3.03,16.0518,0.9075054290153141,0.20419381174323673,0.9907505429015314,0.91,9.62126778787879,8.674371418660153,True
p_4UBC0A,Leonel Pérez,t_2RmaMX,Racing Club,VOL,Sarmiento,True,6,3,3,True,3,True,7.603113333333335,6.800583333333333,10.85715,3.7636572837688966,1.7322,12.9936,0.7419845484437882,0.20992274221894125,0.9741984548443788,0.91,8.0956105,7.176925428510955,True
p_0GThAu,Matías Zaracho,t_2RmaMX,Racing Club,VOL,Sarmiento,True,24,3,3,True,2,True,6.3096000000000005,5.491541666666667,10.89591,4.069457807055603,-0.56,14.1896,1.0,0.19725975401318332,1.0,0.91,7.1289541666666665,6.487348291666667,True
p_2lzqTc,Ulises Ortegoza,t_2RmaMX,Racing Club,VOL,Sarmiento,True,10,3,3,True,3,True,8.253493333333333,6.821709999999999,11.1596,3.8025182005408524,-0.2367,11.1596,0.8749781520822714,0.20822409374469034,0.9874978152082272,0.91,8.407306666666665,7.554999238258195,True
p_0afatN,Gastón Lodico,t_2RmaMX,Racing Club,VOL,Sarmiento,True,5,3,3,True,2,True,8.188793333333333,6.96048,9.7828,3.115685519592759,2.218,9.7828,0.7152612444224009,0.24297288877867143,0.9715261244422401,0.91,8.095969666666667,7.157555890811327,True
p_1qZR7t,Lautaro Díaz,t_2RmaMX,Racing Club,DEL,Sarmiento,True,8,3,3,True,3,True,4.197773333333333,5.040850000000001,7.23637,2.666841108877693,-0.19,9.0143,0.8212095263274752,0.2727142983040433,0.9821209526327476,0.91,5.294653166666667,4.731990728835062,True
p_1wbURI,Adrián Martínez,t_2RmaMX,Racing Club,DEL,Sarmiento,True,22,3,3,True,3,True,2.941126666666667,3.9224318181818187,11.629910000000013,5.485254720515666,-3.306,21.498,1.0,0.15419594805375453,1.0,0.91,5.505844560606064,5.010318550151519,True
p_155U4Y,Pacha Espino,t_2RmaMX,Racing Club,DEF,Sarmiento,True,3,3,3,True,0,False,4.4184,4.7738000000000005,6.36542,1.9634467830832594,2.87,6.7919,0.6674889797723697,0.33744489886184825,0.966748897977237,0.91,5.047315,4.44033245473452,False
p_12I3Qr,Gonzalo Escudero,t_2RmaMX,Racing Club,DEF,Sarmiento,True,3,3,3,True,0,False,6.005916666666667,7.3595,12.4157,6.089249604836379,2.12,14.04,0.6282117305988997,0.14105865299449843,0.96282117305989,0.91,8.149795833333334,7.1405843458482305,False
p_0mTgY4,Juan Barinaga,t_2RmaMX,Racing Club,DEF,Sarmiento,True,2,3,3,True,0,False,4.102233333333333,4.05335,4.17067,0.20739441892201463,3.9067,4.2,0.7323126203547448,0.8282297684403904,0.9732312620354745,0.91,4.099789166666667,3.630939116126473,False
p_0CkNz5,Mateo Martínez,t_2RmaMX,Racing Club,DEF,Sarmiento,True,3,3,3,True,0,False,5.30075,5.623633333333333,6.30128,1.0562656973192555,4.4118,6.3491,0.6972636951833312,0.4863184759166559,0.9697263695183331,0.91,5.680035833333333,5.012353279927059,False
p_1RHzae,Adrián Fernández,t_2RmaMX,Racing Club,VOL,Sarmiento,True,18,3,3,True,0,False,1.5446866666666668,5.495561111111112,12.826420000000002,4.9111564878752025,-1.52,15.245,1.0,0.1691716336813569,1.0,0.91,5.945469777777779,5.410377497777779,False
p_1xBOI8,Alejandro Tello,t_2RmaMX,Racing Club,VOL,Sarmiento,True,5,3,2,True,0,False,5.373480000000001,5.35824,9.29634,3.787393379093331,1.0171,10.8933,0.7084430539745084,0.2088819365392085,0.9708443053974508,0.91,6.348099,5.608344345466819,False
p_4LMZIq,Matías Kranevitter,t_2RmaMX,Racing Club,VOL,Sarmiento,True,5,3,3,True,0,False,3.6990866666666666,3.8224000000000005,7.05668,3.1800254393636544,1.188,9.1478,0.7145132654257514,0.2392329937954241,0.9714513265425752,0.91,4.5878103333333335,4.055719335160585,False
p_13nKVT,Matko Miljevic,t_2RmaMX,Racing Club,VOL,Sarmiento,True,24,3,3,True,1,False,2.99182,5.7791999999999994,12.87168,5.617156226279876,-0.5944,23.89,1.0,0.15112231989151534,1.0,0.91,6.576737,5.98483067,False
p_3EIBrG,Duván Vergara,t_2RmaMX,Racing Club,DEL,Sarmiento,True,20,3,3,True,0,False,1.8618466666666669,3.8988150000000004,8.78336,5.011121568678908,-0.9871,21.1869,1.0,0.16635830577949443,1.0,0.91,4.407012333333334,4.010381223333335,False
p_3zS0SB,Elías Torres,t_2RmaMX,Racing Club,DEL,Sarmiento,True,8,3,3,True,0,False,0.9970666666666668,1.0956625,1.8047999999999997,0.8987552009585257,-0.15,2.88,0.8719988337090723,0.5266608352120284,0.9871998833709072,0.91,1.2384383333333333,1.1125534221881421,False
p_3BbL1n,Tomás Conechny,t_2RmaMX,Racing Club,DEL,Sarmiento,True,24,3,3,True,1,False,3.2274133333333332,4.751762499999999,9.58865,3.5751488856577103,-0.09,11.5209,1.0,0.21857212191166603,1.0,0.91,5.4274621666666665,4.938990571666666,False
p_1vpaON,Thyago Ayala,t_3qkV0m,Sarmiento,ARQ,Racing Club,False,6,3,3,True,3,True,11.282866666666667,11.871883333333335,16.4,5.103349571964149,2.7871,16.9,0.7327688915147026,0.1638444575735132,0.9732768891514703,1.101,12.797756666666666,13.713792637112556,True
p_1EQeWa,Santiago Salle,t_3qkV0m,Sarmiento,DEF,Racing Club,False,23,3,3,True,3,True,6.171046666666666,5.291634782608695,11.85066,4.933575040254895,-1.684,16.848,1.0,0.16853246031536528,1.0,1.101,7.239185246376811,7.970342956260869,True
p_40Zv7r,Renzo Orihuela,t_3qkV0m,Sarmiento,DEF,Racing Club,False,14,3,3,True,3,True,9.60346,7.882485714285714,12.428670000000002,3.6784445345317325,1.0962,12.9582,1.0,0.2137462553246002,1.0,1.101,9.621372785714286,10.593131437071428,True
p_0E6fVC,Juan Manuel Insaurralde,t_3qkV0m,Sarmiento,DEF,Racing Club,False,21,3,3,True,3,True,8.18146,7.121814285714286,13.3567,4.113916446196461,-0.9711,14.9636,1.0,0.19554484523183058,1.0,1.101,9.051411714285713,9.96560429742857,True
p_1iOyfJ,Nicolás Pasquini,t_3qkV0m,Sarmiento,DEF,Racing Club,False,7,3,3,True,1,False,7.107453333333333,7.007557142857142,13.26378,6.08669581268774,-0.215,16.9884,0.7615552304326738,0.14110948549670208,0.9761555230432675,1.101,8.606576523809522,9.24989428624052,True
p_2skQe1,Julián Contrera,t_3qkV0m,Sarmiento,VOL,Racing Club,False,20,3,2,True,2,True,5.124586666666667,5.506435,9.910520000000004,4.085809020612815,-1.814,12.3027,1.0,0.19662555081148228,1.0,1.101,6.4738093333333335,7.127664076,True
p_0m4kQE,Mauricio Martínez,t_3qkV0m,Sarmiento,VOL,Racing Club,False,19,3,3,True,3,True,11.029873333333335,8.194710526315788,12.959419999999996,4.160294632581092,2.5253,17.64,1.0,0.19378738448114868,1.0,1.101,10.37819487719298,11.426392559789472,True
p_0jbZo9,Cristian Zabala,t_3qkV0m,Sarmiento,VOL,Racing Club,False,23,3,3,True,3,True,10.702106666666664,9.959317391304348,14.409640000000001,4.280774006335789,2.759,19.3811,1.0,0.18936617980625867,1.0,1.101,11.331874289855072,12.476393593130435,True
p_1aur1M,Julián Mavilla,t_3qkV0m,Sarmiento,VOL,Racing Club,False,7,3,3,True,3,True,11.5955,11.830514285714285,18.090940000000003,6.192906007529522,1.9567,22.1824,0.7611385069016575,0.13902586784162085,0.9761138506901658,1.101,13.313365714285716,14.307892100992662,True
p_1ymuBP,Junior Marabel,t_3qkV0m,Sarmiento,DEL,Racing Club,False,24,3,3,True,3,True,7.106166666666667,7.107175000000001,12.792429999999998,4.945841416105138,-0.202,17.3859,1.0,0.16818477487330238,1.0,1.101,8.528135833333334,9.3894775525,True
p_4RjjYt,Jonathan Herrera,t_3qkV0m,Sarmiento,DEL,Racing Club,False,8,3,3,True,3,True,5.350533333333333,5.194912499999999,10.14466,4.129521755581562,-0.49,10.2456,0.8056566562855575,0.19494994809445437,0.9805656656285557,1.101,6.486816666666666,7.003185422519009,True
p_3JhFbV,Iván Arboleda,t_3qkV0m,Sarmiento,ARQ,Racing Club,False,2,3,3,True,0,False,5.320766666666667,5.5245,6.01346,0.864367329322436,4.9133,6.1357,0.6739416638490543,0.5363749859119384,0.9673941663849055,1.101,5.575433333333333,5.93839949158981,False
p_0PsDow,Gastón Arturia,t_3qkV0m,Sarmiento,DEF,Racing Club,False,11,3,3,True,0,False,2.455173333333333,4.388563636363636,9.9075,3.895673829075717,-1.08,11.0556,0.9075190614508509,0.2042619739209211,0.9907519061450851,1.101,5.091611121212122,5.554020289483156,False
p_2izVhL,Thiago Santamaría,t_3qkV0m,Sarmiento,DEF,Racing Club,False,16,3,3,True,0,False,2.609566666666667,6.4482125,12.69925,4.947209444508422,0.1041,15.5902,1.0,0.16814608756101357,1.0,1.101,6.667445833333334,7.3408578625,False
p_3Gmw4T,Ulises Giménez,t_3qkV0m,Sarmiento,DEF,Racing Club,False,5,3,3,True,1,False,6.519606666666666,6.50346,7.38306,1.0809442090135826,5.1767,7.4947,0.7627768839102154,0.4805510862177434,0.9762776883910216,1.101,6.729011333333333,7.232891376259682,False
p_1Au20E,Agustín Nadruz,t_3qkV0m,Sarmiento,VOL,Racing Club,False,1,3,3,True,0,False,3.29,3.29,3.29,0.0,3.29,3.29,0.7333333333333334,1.0,0.9733333333333334,1.101,3.29,3.5256956,False
p_4USU0R,Elián Giménez,t_3qkV0m,Sarmiento,VOL,Racing Club,False,6,3,3,True,0,False,3.2324266666666666,3.9879833333333337,7.255,3.250851667127657,0.09,8.75,0.7470493951945263,0.2352469759726314,0.9747049395194527,1.101,4.540292666666667,4.8724157036594065,False
p_2IanNl,Gabriel Díaz,t_3qkV0m,Sarmiento,VOL,Racing Club,False,10,3,3,True,0,False,5.859326666666667,4.62212,8.1777,3.337900597281671,-2.18,9.1767,0.879438585289851,0.23052625978258845,0.9879438585289851,1.101,5.944037333333334,6.465485071345374,False
p_0cTrXS,Gastón González,t_3qkV0m,Sarmiento,VOL,Racing Club,False,8,3,3,True,0,False,4.255920000000001,4.039087499999999,8.43649,3.920865105501044,0.15,10.466,0.8073099266854019,0.20321630009367628,0.9807309926685402,1.101,5.2143295,5.6303538558460735,False
p_4KUy2b,Jhon Rentería,t_3qkV0m,Sarmiento,VOL,Racing Club,False,9,3,2,True,0,False,3.012993333333333,4.1682,11.07098,4.347521726800224,-0.92,12.0697,0.8374005025538575,0.18700251276928728,0.9837400502553858,1.101,5.489572666666666,5.945744052576971,False
p_03caFD,Manuel García,t_3qkV0m,Sarmiento,VOL,Racing Club,False,14,3,3,True,0,False,3.0539733333333334,5.0359428571428575,10.32318,4.5437212993001985,-0.54,14.9417,1.0,0.1803842484156325,1.0,1.101,5.66406280952381,6.2361331532857145,False
p_3i5iMO,Diego Churín,t_3qkV0m,Sarmiento,DEL,Racing Club,False,20,3,3,True,0,False,3.085666666666667,3.89771,8.204900000000004,3.7948835557892946,-0.592,15.4814,1.0,0.20855563818491693,1.0,1.101,4.690292333333334,5.164011859,False
p_1TrZ51,Pablo Magnín,t_3qkV0m,Sarmiento,DEL,Racing Club,False,9,3,3,True,0,False,2.5511733333333333,3.4730444444444446,6.6075800000000005,2.8230139196039716,0.2757,8.1447,0.8523147454353811,0.26157372717690514,0.9852314745435381,1.101,3.9340234444444446,4.267392014683793,False
p_1CvIxl,Nelson Insfrán,t_0rGDE4,Gimnasia LP,ARQ,Banfield,True,25,3,3,True,3,True,8.679966666666667,8.71596,13.94568,4.457862380951211,0.9878,15.1481,1.0,0.18322191550489725,1.0,1.0990000000000002,10.010792333333335,11.001860774333336,True
p_0xdX07,Bautista Barros Schelotto,t_0rGDE4,Gimnasia LP,DEF,Banfield,True,12,3,3,True,3,True,8.671026666666668,7.107308333333332,12.00848,3.8223840983578286,1.0118,12.4025,0.9414732621709055,0.20736631085452756,0.9941473262170906,1.0990000000000002,8.879902666666666,9.701896710955014,True
p_3mGP60,Germán Conti,t_0rGDE4,Gimnasia LP,DEF,Banfield,True,9,3,3,True,3,True,9.82418,8.399677777777779,13.941980000000001,6.155712340131274,-4.8867,14.7559,0.8279496981563028,0.13974849078151383,0.9827949698156303,1.0990000000000002,10.283829111111112,11.10747817740706,True
p_40ubcR,Enzo Martínez,t_0rGDE4,Gimnasia LP,DEF,Banfield,True,24,3,3,True,3,True,9.015126666666667,9.3815375,13.21234,3.5629145138328027,2.3927,15.65,1.0,0.2191581711575854,1.0,1.0990000000000002,10.210994333333334,11.221882772333336,True
p_2ZvpgZ,Pedro Silva Torrejón,t_0rGDE4,Gimnasia LP,DEF,Banfield,True,27,3,3,True,3,True,8.244499999999999,9.524470370370372,15.023320000000004,4.284337161713836,1.9655,17.1433,1.0,0.18923849281329283,1.0,1.0990000000000002,10.45119314814815,11.48586126981482,True
p_2PDOYX,Ignacio Miramón,t_0rGDE4,Gimnasia LP,VOL,Banfield,True,22,3,3,True,3,True,10.625840000000002,9.071527272727273,14.274500000000002,4.030904047975179,0.642,15.503,1.0,0.1987714316281736,1.0,1.0990000000000002,10.91627990909091,11.996991620090913,True
p_21agZ1,Mateo Seoane,t_0rGDE4,Gimnasia LP,VOL,Banfield,True,13,3,3,True,3,True,8.31686,7.2134307692307695,9.595640000000001,3.1675591639790555,3.14,14.48,0.9813230539661285,0.23994860316397557,0.9981323053966129,1.0990000000000002,8.195183307692309,8.989685051652186,True
p_3Dg55W,Maximiliano Zalazar,t_0rGDE4,Gimnasia LP,DEL,Banfield,True,12,3,3,True,3,True,8.830060000000001,6.233691666666666,10.392380000000001,3.3244485583622696,1.9633,12.486,0.946248671316313,0.23124335658156478,0.9946248671316313,1.0990000000000002,8.182092666666668,8.943786001754791,True
p_15wJtA,Ignacio Fernández,t_0rGDE4,Gimnasia LP,VOL,Banfield,True,25,3,3,True,3,True,12.695286666666668,9.808036000000001,15.001800000000005,3.9817870579552594,2.0329,17.1825,1.0,0.20073118107349278,1.0,1.0990000000000002,12.117014733333335,13.316599191933337,True
p_32Pavy,Lucas Janson,t_0rGDE4,Gimnasia LP,DEL,Banfield,True,6,3,3,True,3,True,6.084893333333334,6.427666666666667,9.8245,2.8919986705852176,3.03,10.86,0.7513874790121464,0.25693739506073254,0.9751387479012147,1.0990000000000002,7.156904333333333,7.669893228770534,True
p_4bCUcN,Agustín Auzmendi,t_0rGDE4,Gimnasia LP,DEL,Banfield,True,27,3,3,True,3,True,9.568739999999998,5.910933333333334,13.118100000000002,5.275350950264971,-0.38,18.2443,1.0,0.15935363741812333,1.0,1.0990000000000002,8.992957333333333,9.883260109333335,True
p_2AGsdf,Julián Kadijevic,t_0rGDE4,Gimnasia LP,ARQ,Banfield,True,2,3,3,True,0,False,5.709966666666666,7.062099999999999,10.30722,5.736615894410223,3.0057,11.1185,0.5963551635521656,0.14844248442749428,0.9596355163552166,1.0990000000000002,7.400133333333333,7.804472418901431,False
p_3BlplQ,Matías Melluso,t_0rGDE4,Gimnasia LP,DEF,Banfield,True,5,3,3,True,0,False,2.8733866666666668,2.3131,7.49062,4.822514748033437,-2.31,7.5355,0.701016085887554,0.17174709610443692,0.9701016085887554,1.0990000000000002,3.8035803333333336,4.0551554803397805,False
p_0URNSN,Renzo Giampaoli,t_0rGDE4,Gimnasia LP,DEF,Banfield,True,21,3,3,True,0,False,4.247653333333334,7.459295238095238,11.5883,4.0372890051959605,0.68,13.8509,1.0,0.1985194812067564,1.0,1.0990000000000002,7.3674717619047625,8.096851466333336,False
p_3s2VQn,Juan Pérez,t_0rGDE4,Gimnasia LP,VOL,Banfield,True,5,3,3,True,0,False,2.2132266666666665,2.6897999999999995,4.7014000000000005,1.9465676869813697,1.2133,6.0,0.7345422498014601,0.33937791567396725,0.973454224980146,1.0990000000000002,3.0258993333333333,3.237186364947337,False
p_0AsvjF,Augusto Max,t_0rGDE4,Gimnasia LP,VOL,Banfield,True,21,3,3,True,0,False,5.101519999999999,7.88297619047619,12.074,3.9868204511746903,1.298,16.1994,1.0,0.20052857522962172,1.0,1.0990000000000002,7.957222476190475,8.744987501333334,False
p_0naJM3,Nicolás Barros Schelotto,t_0rGDE4,Gimnasia LP,VOL,Banfield,True,21,3,3,True,0,False,8.100940000000001,10.22049523809524,17.916,5.709099190807267,1.308,21.0989,1.0,0.14905130652564935,1.0,1.0990000000000002,11.402527095238096,12.53137727766667,False
p_1bUOsk,Alexis Steimbach,t_0rGDE4,Gimnasia LP,DEF,Banfield,True,24,3,2,True,0,False,3.493333333333333,10.3003375,16.533179999999998,6.352708688070713,-5.682,19.6571,1.0,0.13600430024141094,1.0,1.0990000000000002,9.476096666666667,10.414230236666668,False
p_3AOI3O,Pablo Aguiar,t_0rGDE4,Gimnasia LP,VOL,Banfield,True,5,3,3,True,0,False,3.1847266666666667,3.21656,4.44874,1.2741783011023222,1.7687,5.2679,0.7546105186957962,0.43971926014564805,0.9754610518695797,1.0990000000000002,3.513463333333333,3.766544056083548,False
p_3rOLlc,Agustín Colazo,t_0rGDE4,Gimnasia LP,DEL,Banfield,True,6,3,3,True,0,False,3.7684133333333336,6.46295,11.8905,4.507079703644035,1.2,12.0816,0.7363168885802869,0.18158444290143466,0.9736316888580288,1.0990000000000002,6.876749666666667,7.358268109599799,False
p_1OBnRG,Franco Torres,t_0rGDE4,Gimnasia LP,DEL,Banfield,True,22,3,3,True,0,False,4.937126666666667,4.740672727272727,10.636680000000002,4.838351820529464,-0.362,19.7726,1.0,0.17128121612741604,1.0,1.0990000000000002,6.283433424242425,6.905493333242426,False
p_042eAN,Marcelo Torres,t_0rGDE4,Gimnasia LP,DEL,Banfield,True,21,3,2,True,0,False,2.0412933333333334,6.330285714285715,12.1413,4.6408516237093504,-2.618,12.7211,1.0,0.17727819604345718,1.0,1.0990000000000002,6.281891952380953,6.9037992556666685,False
p_2h5dHt,Manuel Panaro,t_0rGDE4,Gimnasia LP,VOL,Banfield,True,20,3,3,True,0,False,2.0871133333333334,4.0792449999999985,8.614900000000004,4.346926661625732,-3.29,15.5016,1.0,0.18702332447850523,1.0,1.0990000000000002,4.515912666666667,4.962988020666668,False
p_1I81cW,Diego Rodríguez,t_0bW0AU,Banfield,ARQ,Gimnasia LP,False,4,3,3,True,3,True,6.19843,5.678125,6.8431,1.4164145870824683,3.97,6.8431,0.7161005873753957,0.41383627021031205,0.9716100587375396,0.9229999999999999,6.1514755,5.516619140542965,True
p_26xhDF,Brandon Oviedo,t_0bW0AU,Banfield,DEF,Gimnasia LP,False,9,3,3,True,3,True,6.535193333333334,7.116755555555555,10.429039999999999,3.041714590535703,1.74,10.69,0.8494839493289138,0.24741974664456862,0.9849483949328914,0.9229999999999999,7.741279888888888,7.037654588788254,True
p_4RakHP,Santiago Daniele,t_0bW0AU,Banfield,DEF,Gimnasia LP,False,11,3,3,True,2,True,7.2362666666666655,7.193027272727274,8.4731,1.3609457734170818,5.1371,10.0967,0.951378480996283,0.42355907164808115,0.9951378480996284,0.9229999999999999,7.528179242424242,6.914724732375445,True
p_1EJPD1,Nicolás Meriano,t_0bW0AU,Banfield,DEF,Gimnasia LP,False,22,3,3,True,3,True,6.366013333333333,6.908304545454544,11.603650000000002,3.685993489320307,-0.982,13.04,1.0,0.2134019183507333,1.0,0.9229999999999999,7.892338984848484,7.28462888301515,True
p_2Qz55f,Santiago López,t_0bW0AU,Banfield,DEF,Gimnasia LP,False,26,3,3,True,3,True,8.436393333333333,8.914392307692308,15.84315,5.100932048316118,0.2004,20.9996,1.0,0.16390938172733854,1.0,0.9229999999999999,10.47928208974359,9.672377368833333,True
p_0FsNVe,Lautaro Gómez,t_0bW0AU,Banfield,VOL,Gimnasia LP,False,24,3,3,True,2,True,9.523746666666666,5.1808708333333335,13.084,6.021391645984315,-3.6143,23.6667,1.0,0.14242190870693297,1.0,0.9229999999999999,8.676659666666666,8.008556872333331,True
p_0yKkMd,Santiago Esquivel,t_0bW0AU,Banfield,VOL,Gimnasia LP,False,16,3,3,True,2,True,8.192593333333333,4.946881250000001,11.5774,4.44084505760165,-0.0929,12.1324,1.0,0.18379497842947298,1.0,0.9229999999999999,7.740510166666667,7.144490883833333,True
p_1aIUNj,Tomás Adoryán,t_0bW0AU,Banfield,VOL,Gimnasia LP,False,20,3,3,True,3,True,6.572526666666667,6.68782,13.046850000000003,4.5058078807830135,1.62,17.1632,1.0,0.1816263882890487,1.0,0.9229999999999999,8.237224833333334,7.602958521166667,True
p_0GQIIZ,Ignacio Abraham,t_0bW0AU,Banfield,DEF,Gimnasia LP,False,25,3,3,True,2,True,7.70502,9.304468,13.21872,4.135343164289191,4.3315,19.8394,1.0,0.19472895345221103,1.0,0.9229999999999999,9.723224199999999,8.974535936599999,True
p_2Dzb5G,Alexander Machado,t_0bW0AU,Banfield,DEL,Gimnasia LP,False,6,3,3,True,3,True,4.12608,5.09215,9.0931,4.0767117973925995,1.4714,12.7329,0.7393955788671557,0.19697789433577859,0.9739395578867156,0.9229999999999999,5.754263,5.1727729262957265,True
p_1S7dIi,Adrián Balboa,t_0bW0AU,Banfield,DEL,Gimnasia LP,False,2,3,2,True,2,True,7.3069,7.3069,7.3069,0.0,7.3069,7.3069,0.7666666666666666,1.0,0.9766666666666667,0.9229999999999999,7.3069,6.586902430333333,True
p_2M9PCX,Gino Santilli,t_0bW0AU,Banfield,ARQ,Gimnasia LP,False,2,3,3,True,0,False,8.715233333333332,10.402149999999999,14.45075,7.156981285779641,5.3414,15.4629,0.591185541112127,0.12259437222730131,0.9591185541112127,0.9229999999999999,10.823879166666666,9.58201681931981,False
p_3qc7bM,Lautaro Cano,t_0bW0AU,Banfield,DEF,Gimnasia LP,False,3,3,3,True,1,False,1.2580166666666666,2.8990333333333336,7.3864,5.466825441088579,-0.6517,9.1944,0.6309270757069226,0.1546353785346133,0.9630927075706923,0.9229999999999999,3.4465191666666666,3.0637300302735007,False
p_0GbFtW,Renzo Malanca,t_0bW0AU,Banfield,DEF,Gimnasia LP,False,2,3,3,True,1,False,0.42170000000000013,1.5754000000000001,4.34428,4.894734560729519,-1.8857,5.0365,0.6005952512262484,0.16964292279790835,0.9600595251226248,0.9229999999999999,1.8638250000000003,1.6516004576919774,False
p_4OjYAE,Favio Álvarez,t_0bW0AU,Banfield,VOL,Gimnasia LP,False,7,3,3,True,0,False,1.6482600000000003,2.7324428571428574,6.919900000000002,3.6567429956438664,-0.39,10.1554,0.7762818061580286,0.21474236412347567,0.9776281806158029,0.9229999999999999,3.3998431428571436,3.0678512162384908,False
p_0LtJFs,Lautaro Villegas,t_0bW0AU,Banfield,VOL,Gimnasia LP,False,18,3,3,True,0,False,6.083006666666666,5.498533333333333,7.61003,2.111384703430986,2.686,11.087,1.0,0.32140030736066805,1.0,0.9229999999999999,6.230973166666667,5.751188232833333,False
p_0AqJh0,Federico Medina,t_0bW0AU,Banfield,VOL,Gimnasia LP,False,7,3,3,True,0,False,2.532626666666667,3.3375285714285714,5.999400000000001,2.425623213880154,1.1744,8.0256,0.7917168704338609,0.2919176855026372,0.9791716870433861,0.9229999999999999,3.7212807619047625,3.3632022589534616,False
p_4OP2tz,Nacho Pais,t_0bW0AU,Banfield,VOL,Gimnasia LP,False,19,3,3,True,1,False,5.1369,7.4486842105263165,14.42958,4.525000758779943,1.8116,16.1581,1.0,0.18099545025597874,1.0,0.9229999999999999,8.384783684210527,7.739155340526316,False
p_0CLSyZ,Federico Anselmo,t_0bW0AU,Banfield,DEL,Gimnasia LP,False,9,3,3,True,0,False,0.9242333333333335,1.3579666666666668,2.866,1.1265130203419753,-0.11,3.13,0.8940506820728693,0.4702534103643461,0.989405068207287,0.9229999999999999,1.5831683333333335,1.4457823753177368,False
p_0Ppa0V,Lisandro Piñero,t_0bW0AU,Banfield,VOL,Gimnasia LP,False,20,3,3,True,1,False,1.8580466666666666,3.4722299999999997,7.263590000000001,2.7670646767591864,-0.85,8.4267,1.0,0.26545867560211417,1.0,0.9229999999999999,3.8551058333333335,3.5582626841666665,False
p_3HFTSS,Matías Hernández,t_0bW0AU,Banfield,DEL,Gimnasia LP,False,5,3,3,True,1,False,2.5521933333333338,2.60516,5.971860000000001,3.207170667114552,0.3533,8.1011,0.7142045527722398,0.23768943052786604,0.971420455277224,0.9229999999999999,3.428296666666667,3.0738830605843015,False
p_0jI613,David Zalazar,t_0bW0AU,Banfield,VOL,Gimnasia LP,False,19,3,3,True,0,False,4.351160000000001,8.278489473684209,15.44916,5.623017351119784,1.2864,20.2138,1.0,0.150988582240529,1.0,0.9229999999999999,8.696591789473684,8.02695422168421,False
p_43Olsv,Alan Aguerre,t_2M7cot,Central Córdoba de Santiago,ARQ,Defensa y Justicia,True,23,3,3,True,3,True,4.823486666666667,7.16511304347826,13.3995,5.35719411083692,-2.21,18.5542,1.0,0.1573021025573735,1.0,0.9229999999999999,7.904140550724637,7.29552172831884,True
p_3cMYiv,Santiago Moyano,t_2M7cot,Central Córdoba de Santiago,DEF,Defensa y Justicia,True,23,3,3,True,3,True,4.585253333333333,6.192404347826087,11.52586,4.640601477128335,-0.644,17.2595,1.0,0.17728605788847648,1.0,0.9229999999999999,6.963265405797101,6.427093969550723,True
p_2StpFV,Alejandro Maciel,t_2M7cot,Central Córdoba de Santiago,DEF,Defensa y Justicia,True,23,3,3,True,3,True,7.916600000000001,8.614217391304349,13.22762,4.25182638378681,-1.55,19.294,1.0,0.19040995016270013,1.0,0.9229999999999999,9.52340195652174,8.790100005869565,True
p_1KfXQ1,Facundo Mansilla Zahir,t_2M7cot,Central Córdoba de Santiago,DEF,Defensa y Justicia,True,20,3,3,True,3,True,8.52174,8.211860000000001,14.827580000000001,4.376997512041909,-0.2889,15.8375,1.0,0.18597739682052616,1.0,0.9229999999999999,9.974248,9.206230903999998,True
p_1K6Fr9,Fernando Martínez,t_2M7cot,Central Córdoba de Santiago,DEF,Defensa y Justicia,True,23,3,3,True,3,True,8.190660000000001,4.958808695652174,9.9456,4.64359882554988,-3.23,17.1255,1.0,0.1771919002238019,1.0,0.9229999999999999,7.33665447826087,6.771732083434783,True
p_3XD5Nu,Matías Vera,t_2M7cot,Central Córdoba de Santiago,VOL,Defensa y Justicia,True,24,3,3,True,3,True,5.2009,7.2600250000000015,10.87678,3.429171935188867,0.5386,15.9154,1.0,0.22577583680037439,1.0,0.9229999999999999,7.44352,6.8703689599999995,True
p_0veUmD,Lucas González,t_2M7cot,Central Córdoba de Santiago,VOL,Defensa y Justicia,True,23,3,3,True,3,True,7.17898,5.9378652173913045,9.69884,2.665176212766956,1.016,10.35,1.0,0.27283817801629484,1.0,0.9229999999999999,7.312499086956522,6.749436657260869,True
p_0ciPTe,Diego Barrera,t_2M7cot,Central Córdoba de Santiago,VOL,Defensa y Justicia,True,24,3,3,True,3,True,2.8255533333333336,6.041362500000001,10.667279999999998,4.013549574044802,1.1453,15.6767,1.0,0.19945948179649212,1.0,0.9229999999999999,6.072308666666666,5.604740899333333,True
p_2nfEM8,Marco Iacobellis,t_2M7cot,Central Córdoba de Santiago,VOL,Defensa y Justicia,True,20,3,3,True,3,True,8.349426666666666,5.0596000000000005,12.795120000000002,4.723667139215597,-0.62,14.85,1.0,0.17471316477307336,1.0,0.9229999999999999,8.144919333333334,7.517760544666666,True
p_444jRY,Horacio Tijanovich,t_2M7cot,Central Córdoba de Santiago,VOL,Defensa y Justicia,True,20,3,3,True,0,False,2.3371133333333334,3.9776499999999997,8.851130000000001,3.1210988079436652,0.038,10.07,1.0,0.2426537306197172,1.0,0.9229999999999999,4.621832166666667,4.265951089833333,True
p_42f4P8,Martín Cuitiño,t_2M7cot,Central Córdoba de Santiago,DEF,Defensa y Justicia,True,2,3,3,True,0,False,4.65,3.6925000000000003,5.990500000000001,4.062328457916716,0.82,6.565,0.6061741782125107,0.1975375577292207,0.9606174178212511,0.9229999999999999,4.602125000000001,4.080473563573348,True
p_4aWnwm,Leonardo Sequeira,t_2M7cot,Central Córdoba de Santiago,DEL,Defensa y Justicia,True,5,3,3,True,1,False,1.4780533333333332,2.91034,6.958960000000001,4.183150567216055,-0.23,10.24,0.7052532362456058,0.19293284789469553,0.9705253236245606,0.9229999999999999,3.421194666666667,3.064688644348492,False
p_4Pokti,Yuri Casermeiro,t_2M7cot,Central Córdoba de Santiago,DEF,Defensa y Justicia,True,11,3,3,True,0,False,4.3095533333333345,5.550881818181818,8.5511,2.6715855677174862,2.7944,11.3674,0.9211390455098851,0.27236189421609197,0.9921139045509886,0.9229999999999999,5.866471393939394,5.3720518368533945,False
p_4beE3s,Leonardo Marchi,t_2M7cot,Central Córdoba de Santiago,DEF,Defensa y Justicia,True,7,3,3,True,0,False,2.502286666666667,3.2140142857142857,5.859020000000002,2.729187030007637,1.1738,8.7926,0.7869643253942465,0.2681549603045659,0.9786964325394247,0.9229999999999999,3.626161047619048,3.2756447432720845,False
p_1JcSyH,Lucas Varaldo,t_2M7cot,Central Córdoba de Santiago,DEL,Defensa y Justicia,True,14,3,1,True,0,False,1.5035666666666667,1.7800928571428571,3.5085000000000006,1.539189209873565,-0.4333,4.82,1.0,0.39382650025115434,1.0,0.9229999999999999,2.115410476190476,1.9525238695238094,False
p_0RVLhG,Ezequiel Naya,t_2M7cot,Central Córdoba de Santiago,DEL,Defensa y Justicia,True,18,3,3,True,2,True,1.5088266666666668,2.9549055555555555,6.9217700000000075,4.23096586142639,-0.13,14.3042,1.0,0.19116928431402877,1.0,0.9229999999999999,3.440494055555557,3.1755760132777793,False
p_3lI7ex,Javier Vallejos,t_2M7cot,Central Córdoba de Santiago,DEF,Defensa y Justicia,True,4,3,3,True,0,False,7.28091,6.209675000000001,9.4252,3.3193765362137913,2.882,10.6423,0.6796363120903816,0.23151489378524143,0.9679636312090382,0.9229999999999999,7.3884885,6.60110046947054,False
p_1dhUli,Juan Pablo Pignani,t_2M7cot,Central Córdoba de Santiago,DEF,Defensa y Justicia,True,8,3,2,True,0,False,3.6121533333333335,5.9134625,11.812990000000001,5.5488800483746274,-2.3687,12.8625,0.7972062396200051,0.1526978647666926,0.9797206239620005,0.9229999999999999,6.5828861666666665,5.952786363291321,False
p_1Xc1ly,Federico Rodríguez,t_2M7cot,Central Córdoba de Santiago,VOL,Defensa y Justicia,True,1,3,3,True,0,False,-0.54,-0.54,-0.54,0.0,-0.54,-0.54,0.7333333333333334,1.0,0.9733333333333334,0.9229999999999999,-0.54,-0.4851288,False
p_1PTJbZ,Juan Cardozo,t_2M7cot,Central Córdoba de Santiago,VOL,Defensa y Justicia,True,10,3,1,True,0,False,3.323393333333333,4.90087,8.826509999999999,2.6785571356609137,1.09,10.1046,0.8877024766208322,0.27184571643749483,0.9887702476620832,0.9229999999999999,5.330163166666667,4.864493134296722,False
p_0VScM6,Tiago Cravero,t_2M7cot,Central Córdoba de Santiago,VOL,Defensa y Justicia,True,17,3,3,True,0,False,3.417753333333333,4.839964705882353,9.21854,3.5311656389819026,0.49,12.562,1.0,0.22069376396151516,1.0,0.9229999999999999,5.436834549019608,5.018198288745098,False
p_4ax8kI,Joaquín Flores,t_2M7cot,Central Córdoba de Santiago,DEL,Defensa y Justicia,True,7,3,3,True,0,False,1.2395,1.2358571428571428,1.90494,0.6416563198918427,0.1,1.9314,0.8551615123356088,0.6091408950113767,0.9855161512335608,0.9229999999999999,1.404402857142857,1.2774889477642757,False
p_1JQZ6o,Matías Borgogno,t_1DVMAZ,Defensa y Justicia,ARQ,Central Córdoba de Santiago,False,9,3,3,True,3,True,10.71614,9.280322222222221,13.408900000000001,3.707586776050487,3.8207,13.4845,0.8424846125019906,0.21242306250995285,0.984248461250199,1.0419999999999998,10.81500288888889,11.09172524978117,True
p_3yWzng,Valentín Loza,t_1DVMAZ,Defensa y Justicia,DEF,Central Córdoba de Santiago,False,7,3,3,True,3,True,11.0504,8.972657142857143,15.29584,5.035114317423568,2.57,15.4303,0.7664727221635654,0.16569694415116015,0.9766472722163566,1.0419999999999998,11.280662857142858,11.479952209766221,True
p_1Bugui,Damián Fernández,t_1DVMAZ,Defensa y Justicia,DEF,Central Córdoba de Santiago,False,21,3,3,True,3,True,12.789019999999999,8.990928571428574,12.5983,4.520022707149031,2.04,21.7119,1.0,0.18115867507300124,1.0,1.0419999999999998,11.22210342857143,11.693431772571428,True
p_1CLF1j,David Martínez,t_1DVMAZ,Defensa y Justicia,DEF,Central Córdoba de Santiago,False,19,3,3,True,3,True,13.928779999999998,10.132368421052632,15.095899999999997,4.505007595511247,1.1376,17.9273,1.0,0.18165279205343776,1.0,1.0419999999999998,12.701995368421052,13.235479173894733,True
p_2A29Ip,Fernando Román,t_1DVMAZ,Defensa y Justicia,DEF,Central Córdoba de Santiago,False,9,3,3,True,3,True,11.722626666666667,8.438155555555557,15.73228,6.115819597795358,0.566,17.2638,0.8281063898896432,0.14053194944821573,0.9828106389889644,1.0419999999999998,11.411251555555555,11.686133609164502,True
p_0pUbCv,César Pérez,t_1DVMAZ,Defensa y Justicia,VOL,Central Córdoba de Santiago,False,12,3,3,True,3,True,12.357166666666666,9.126874999999998,17.65809,6.0127309369559585,0.2516,19.0128,0.9285195598972766,0.14259779948638293,0.9928519559897278,1.0419999999999998,12.390280833333332,12.818386572183787,True
p_4FS6tr,Santiago Sosa,t_1DVMAZ,Defensa y Justicia,VOL,Central Córdoba de Santiago,False,24,3,3,True,3,True,10.122320000000002,7.978208333333334,12.61862,3.80572159950922,1.6345,17.4567,1.0,0.20808529568215606,1.0,1.0419999999999998,9.888750333333334,10.304077847333332,True
p_2Wjg0N,David Barbona,t_1DVMAZ,Defensa y Justicia,VOL,Central Córdoba de Santiago,False,18,3,3,True,3,True,12.032626666666665,7.857005555555555,16.18194,6.679797488430162,0.7657,22.12,1.0,0.13021176684756716,1.0,1.0419999999999998,11.399706555555555,11.878494230888887,True
p_22qheS,Jeremías Lucco,t_1DVMAZ,Defensa y Justicia,DEL,Central Córdoba de Santiago,False,5,3,3,True,1,False,8.054493333333333,6.6729199999999995,12.43654,5.8889539853865385,1.8471,16.7133,0.6956986503936966,0.14515991863514968,0.9695698650393697,1.0419999999999998,8.597375666666666,8.685858132145315,True
p_4SyM9C,Leandro Fernández,t_1DVMAZ,Defensa y Justicia,DEL,Central Córdoba de Santiago,False,9,3,3,True,2,True,9.632200000000001,8.623,14.068620000000001,4.810630772570267,2.7289,16.1939,0.8344196710870225,0.17209835543511248,0.9834419671087022,1.0419999999999998,10.337625000000001,10.593445344371846,True
p_3lcFKJ,Juan Gutiérrez,t_1DVMAZ,Defensa y Justicia,DEL,Central Córdoba de Santiago,False,25,3,3,True,3,True,11.28342,8.173876,16.3094,6.124021613509649,0.406,21.6373,1.0,0.14037015245765797,1.0,1.0419999999999998,11.2960974,11.770533490799998,True
p_3sHKHi,Julián López,t_1DVMAZ,Defensa y Justicia,VOL,Central Córdoba de Santiago,False,7,3,1,True,0,False,6.56056,5.1547857142857145,8.454,2.6778800759982833,2.53,9.84,0.78771248541749,0.2718957604207829,0.978771248541749,1.0419999999999998,6.471610285714286,6.600263574760012,False
p_3Ul7eT,Maximiliano Porcel,t_1DVMAZ,Defensa y Justicia,VOL,Central Córdoba de Santiago,False,5,3,3,True,0,False,3.2079999999999997,2.8,4.704,1.8663868837944613,0.86,5.6,0.7364409184017444,0.34887125867538915,0.9736440918401744,1.0419999999999998,3.4188,3.468499586872882,False
p_2ZqXdL,Tiziano Perrotta,t_1DVMAZ,Defensa y Justicia,DEL,Central Córdoba de Santiago,False,4,3,3,True,2,True,4.84362,6.212524999999999,9.970460000000001,4.1239079899006805,2.6491,10.2779,0.6723660404768269,0.19516353571746778,0.9672366040476827,1.0419999999999998,6.672892000000001,6.725344543941741,False
p_0ZcWJC,Nazareno Roselli,t_1DVMAZ,Defensa y Justicia,DEF,Central Córdoba de Santiago,False,3,3,1,True,0,False,2.0177666666666667,1.9277666666666666,2.7611000000000003,1.0012658654589865,1.1011,3.0411,0.6999367467620952,0.499683733810476,0.9699936746762096,1.0419999999999998,2.1676,2.190865737375734,False
p_2a5j21,Agustín Hausch,t_1DVMAZ,Defensa y Justicia,DEF,Central Córdoba de Santiago,False,21,3,3,True,1,False,5.63516,4.999947619047619,9.6309,4.412889707959972,-1.9843,15.455,1.0,0.1847442039192931,1.0,1.0419999999999998,6.380010047619048,6.647970469619047,False
p_4CJWAD,Demián Domínguez,t_1DVMAZ,Defensa y Justicia,DEF,Central Córdoba de Santiago,False,1,3,3,True,0,False,7.36,7.36,7.36,0.0,7.36,7.36,0.7333333333333334,1.0,0.9733333333333334,1.0419999999999998,7.36,7.464610133333332,False
p_24ceIP,Ezequiel Burdín,t_1DVMAZ,Defensa y Justicia,DEF,Central Córdoba de Santiago,False,3,3,3,True,0,False,3.570933333333333,3.2696333333333336,4.03846,0.9253139052955668,2.48,4.2878,0.7038791645611144,0.519395822805572,0.9703879164561114,1.0419999999999998,3.5672949999999997,3.607049680856544,False
p_1xgZEc,Ayrton Portillo,t_1DVMAZ,Defensa y Justicia,DEF,Central Córdoba de Santiago,False,16,3,3,True,0,False,4.155773333333333,6.129975,11.0725,4.865524345501385,-0.46,19.2631,1.0,0.17048774177656578,1.0,1.0419999999999998,6.674635666666667,6.954970364666666,False
p_2EGkZh,Domingo Blanco,t_1DVMAZ,Defensa y Justicia,VOL,Central Córdoba de Santiago,False,7,3,3,True,0,False,2.551553333333333,3.124685714285714,6.252380000000002,3.1603284842078105,-0.606,9.2978,0.7814064604335563,0.24036563550111478,0.9781406460433557,1.0419999999999998,3.706012952380953,3.7772519834334006,False
p_0gtMnj,Ramiro Gagliardi,t_1DVMAZ,Defensa y Justicia,DEL,Central Córdoba de Santiago,False,1,3,1,True,0,False,0.568,0.568,0.568,0.0,0.568,0.568,0.7333333333333334,1.0,0.9733333333333334,1.0419999999999998,0.568,0.5760731733333332,False
p_0EHXR1,Tomás Pérez,t_1DVMAZ,Defensa y Justicia,DEL,Central Córdoba de Santiago,False,5,3,3,True,0,False,2.5357599999999993,3.38414,7.14942,3.9082041205648403,0.01,10.0757,0.7074147682303367,0.2037405078183503,0.9707414768230337,1.0419999999999998,4.0285269999999995,4.074905895876326,False
