date,player_name,team_name,rival_team_name,position,match_id,minutos,matchup_score,ultimo_equipo_historico,fecha_ultimo_registro,dias_desde_ultimo_registro,transferido_desde_otro_equipo,equipos_historicos_previos,registros_previos_mismo_equipo,tipo_caso
2026-01-22,Alan Sosa,Aldosivi,Defensa y Justicia,VOL,m_0MqdAY,21.0,,,,,False,,0,SIN_HISTORIAL_PREVIO_EN_EQUIPO
2026-01-22,Axel Werner,Aldosivi,Defensa y Justicia,ARQ,m_0MqdAY,90.0,,,,,False,,0,SIN_HISTORIAL_PREVIO_EN_EQUIPO
2026-01-22,Esteban Rolón,Aldosivi,Defensa y Justicia,VOL,m_0MqdAY,84.0,,,,,False,,0,SIN_HISTORIAL_PREVIO_EN_EQUIPO
2026-01-22,Fernando Román,Aldosivi,Defensa y Justicia,DEF,m_0MqdAY,90.0,,,,,False,,0,SIN_HISTORIAL_PREVIO_EN_EQUIPO
2026-01-22,Franco Leys,Aldosivi,Defensa y Justicia,VOL,m_0MqdAY,16.0,,,,,False,,0,SIN_HISTORIAL_PREVIO_EN_EQUIPO
2026-01-22,Matías Morello,Aldosivi,Defensa y Justicia,VOL,m_0MqdAY,90.0,,,,,False,,0,SIN_HISTORIAL_PREVIO_EN_EQUIPO
2026-01-22,Rodrigo González,Aldosivi,Defensa y Justicia,DEF,m_0MqdAY,90.0,,,,,False,,0,SIN_HISTORIAL_PREVIO_EN_EQUIPO
2026-01-22,Tomás Fernández,Aldosivi,Defensa y Justicia,VOL,m_0MqdAY,21.0,,,,,False,,0,SIN_HISTORIAL_PREVIO_EN_EQUIPO
2026-01-22,Bruno Sepúlveda,Banfield,Huracán,DEL,m_4LyLYK,76.0,,,,,False,,0,SIN_HISTORIAL_PREVIO_EN_EQUIPO
2026-01-22,Danilo Arboleda,Banfield,Huracán,DEF,m_4LyLYK,90.0,,,,,False,,0,SIN_HISTORIAL_PREVIO_EN_EQUIPO
2026-01-22,Facundo Sanguinetti,Banfield,Huracán,ARQ,m_4LyLYK,90.0,,,,,False,,0,SIN_HISTORIAL_PREVIO_EN_EQUIPO
2026-01-22,Lautaro Ríos,Banfield,Huracán,VOL,m_4LyLYK,90.0,,,,,False,,0,SIN_HISTORIAL_PREVIO_EN_EQUIPO
2026-01-22,Lucas Palavecino,Banfield,Huracán,VOL,m_4LyLYK,9.0,,,,,False,,0,SIN_HISTORIAL_PREVIO_EN_EQUIPO
2026-01-22,Mauro Méndez,Banfield,Huracán,DEL,m_4LyLYK,81.0,,,,,False,,0,SIN_HISTORIAL_PREVIO_EN_EQUIPO
2026-01-22,Nicolás Meriano,Banfield,Huracán,DEF,m_4LyLYK,90.0,,,,,False,,0,SIN_HISTORIAL_PREVIO_EN_EQUIPO
2026-01-22,Rodrigo Auzmendi,Banfield,Huracán,DEL,m_4LyLYK,14.0,,,,,False,,0,SIN_HISTORIAL_PREVIO_EN_EQUIPO
2026-01-22,Santiago Esquivel,Banfield,Huracán,VOL,m_4LyLYK,79.0,,,,,False,,0,SIN_HISTORIAL_PREVIO_EN_EQUIPO
2026-01-22,Sergio Vittor,Banfield,Huracán,DEF,m_4LyLYK,90.0,,,,,False,,0,SIN_HISTORIAL_PREVIO_EN_EQUIPO
2026-01-22,Abiel Osorio,Defensa y Justicia,Aldosivi,DEL,m_0MqdAY,26.0,,,,,False,,0,SIN_HISTORIAL_PREVIO_EN_EQUIPO
2026-01-22,Agustín Hausch,Defensa y Justicia,Aldosivi,DEF,m_0MqdAY,1.0,,,,,False,,0,SIN_HISTORIAL_PREVIO_EN_EQUIPO
2026-01-22,Ayrton Portillo,Defensa y Justicia,Aldosivi,DEF,m_0MqdAY,90.0,,,,,False,,0,SIN_HISTORIAL_PREVIO_EN_EQUIPO
2026-01-22,Cristopher Fiermarín,Defensa y Justicia,Aldosivi,ARQ,m_0MqdAY,90.0,,,,,False,,0,SIN_HISTORIAL_PREVIO_EN_EQUIPO
2026-01-22,Damián Fernández,Defensa y Justicia,Aldosivi,DEF,m_0MqdAY,89.0,,,,,False,,0,SIN_HISTORIAL_PREVIO_EN_EQUIPO
2026-01-22,David Martínez,Defensa y Justicia,Aldosivi,DEF,m_0MqdAY,90.0,,,,,False,,0,SIN_HISTORIAL_PREVIO_EN_EQUIPO
2026-01-22,Elías Pereyra,Defensa y Justicia,Aldosivi,DEF,m_0MqdAY,76.0,,,,,False,,0,SIN_HISTORIAL_PREVIO_EN_EQUIPO
2026-01-22,Juan Miritello,Defensa y Justicia,Aldosivi,DEL,m_0MqdAY,89.0,,,,,False,,0,SIN_HISTORIAL_PREVIO_EN_EQUIPO
2026-01-22,Julián López,Defensa y Justicia,Aldosivi,VOL,m_0MqdAY,90.0,,,,,False,,0,SIN_HISTORIAL_PREVIO_EN_EQUIPO
2026-01-22,Lucas Souto,Defensa y Justicia,Aldosivi,DEF,m_0MqdAY,90.0,,,,,False,,0,SIN_HISTORIAL_PREVIO_EN_EQUIPO
2026-01-22,Mateo Aguiar,Defensa y Justicia,Aldosivi,VOL,m_0MqdAY,14.0,,,,,False,,0,SIN_HISTORIAL_PREVIO_EN_EQUIPO
2026-01-22,Nazareno Roselli,Defensa y Justicia,Aldosivi,DEF,m_0MqdAY,1.0,,,,,False,,0,SIN_HISTORIAL_PREVIO_EN_EQUIPO
2026-01-22,Santiago Sosa,Defensa y Justicia,Aldosivi,VOL,m_0MqdAY,90.0,,,,,False,,0,SIN_HISTORIAL_PREVIO_EN_EQUIPO
2026-01-22,César Ibáñez,Huracán,Banfield,DEF,m_4LyLYK,19.0,,,,,False,,0,SIN_HISTORIAL_PREVIO_EN_EQUIPO
2026-01-22,Emmanuel Ojeda,Huracán,Banfield,VOL,m_4LyLYK,90.0,,,,,False,,0,SIN_HISTORIAL_PREVIO_EN_EQUIPO
2026-01-22,Eric Ramírez,Huracán,Banfield,VOL,m_4LyLYK,19.0,,,,,False,,0,SIN_HISTORIAL_PREVIO_EN_EQUIPO
2026-01-22,Fabio Pereyra,Huracán,Banfield,DEF,m_4LyLYK,90.0,,,,,False,,0,SIN_HISTORIAL_PREVIO_EN_EQUIPO
2026-01-22,Facundo Waller,Huracán,Banfield,VOL,m_4LyLYK,90.0,,,,,False,,0,SIN_HISTORIAL_PREVIO_EN_EQUIPO
2026-01-22,Federico Vera,Huracán,Banfield,DEF,m_4LyLYK,80.0,,,,,False,,0,SIN_HISTORIAL_PREVIO_EN_EQUIPO
2026-01-22,Jordy Caicedo,Huracán,Banfield,DEL,m_4LyLYK,90.0,,,,,False,,0,SIN_HISTORIAL_PREVIO_EN_EQUIPO
2026-01-22,Leandro Lescano,Huracán,Banfield,DEF,m_4LyLYK,71.0,,,,,False,,0,SIN_HISTORIAL_PREVIO_EN_EQUIPO
2026-01-22,Leonardo Gil,Huracán,Banfield,VOL,m_4LyLYK,90.0,,,,,False,,0,SIN_HISTORIAL_PREVIO_EN_EQUIPO
2026-01-22,Leonardo Sequeira,Huracán,Banfield,DEL,m_4LyLYK,10.0,,,,,False,,0,SIN_HISTORIAL_PREVIO_EN_EQUIPO
2026-01-22,Nehuén Paz,Huracán,Banfield,DEF,m_4LyLYK,90.0,,,,,False,,0,SIN_HISTORIAL_PREVIO_EN_EQUIPO
2026-01-22,Oscar Cortés,Huracán,Banfield,DEL,m_4LyLYK,71.0,,,,,False,,0,SIN_HISTORIAL_PREVIO_EN_EQUIPO
2026-01-22,Thaiel Peralta,Huracán,Banfield,VOL,m_4LyLYK,57.0,,,,,False,,0,SIN_HISTORIAL_PREVIO_EN_EQUIPO
2026-01-24,Carlos Abeldano,Atlético Tucumán,Independiente Rivadavia,DEL,m_1bOPPX,1.0,,,,,False,,0,SIN_HISTORIAL_PREVIO_EN_EQUIPO
2026-01-24,Clever Ferreira,Atlético Tucumán,Independiente Rivadavia,DEF,m_1bOPPX,21.0,,,,,False,,0,SIN_HISTORIAL_PREVIO_EN_EQUIPO
2026-01-24,Ezequiel Ham,Atlético Tucumán,Independiente Rivadavia,VOL,m_1bOPPX,69.0,,,,,False,,0,SIN_HISTORIAL_PREVIO_EN_EQUIPO
2026-01-24,Franco Nicola,Atlético Tucumán,Independiente Rivadavia,VOL,m_1bOPPX,41.0,,,,,False,,0,SIN_HISTORIAL_PREVIO_EN_EQUIPO
2026-01-24,Gabriel Compagnucci,Atlético Tucumán,Independiente Rivadavia,VOL,m_1bOPPX,89.0,,,,,False,,0,SIN_HISTORIAL_PREVIO_EN_EQUIPO
2026-01-24,Gianluca Ferrari,Atlético Tucumán,Independiente Rivadavia,DEF,m_1bOPPX,90.0,,,,,False,,0,SIN_HISTORIAL_PREVIO_EN_EQUIPO
2026-01-24,Ignacio Galván,Atlético Tucumán,Independiente Rivadavia,DEF,m_1bOPPX,90.0,,,,,False,,0,SIN_HISTORIAL_PREVIO_EN_EQUIPO
2026-01-24,Leandro Díaz,Atlético Tucumán,Independiente Rivadavia,DEL,m_1bOPPX,90.0,,,,,False,,0,SIN_HISTORIAL_PREVIO_EN_EQUIPO
2026-01-24,Luis Ingolotti,Atlético Tucumán,Independiente Rivadavia,ARQ,m_1bOPPX,90.0,,,,,False,,0,SIN_HISTORIAL_PREVIO_EN_EQUIPO
2026-01-24,Nicolás Laméndola,Atlético Tucumán,Independiente Rivadavia,VOL,m_1bOPPX,89.0,,,,,False,,0,SIN_HISTORIAL_PREVIO_EN_EQUIPO
2026-01-24,Renzo Tesuri,Atlético Tucumán,Independiente Rivadavia,VOL,m_1bOPPX,90.0,,,,,False,,0,SIN_HISTORIAL_PREVIO_EN_EQUIPO
2026-01-24,Enzo Taborda,Barracas Central,River Plate,VOL,m_3L4LL7,8.0,,,,,False,,0,SIN_HISTORIAL_PREVIO_EN_EQUIPO
2026-01-24,Facundo Bruera,Barracas Central,River Plate,DEL,m_3L4LL7,90.0,,,,,False,,0,SIN_HISTORIAL_PREVIO_EN_EQUIPO
2026-01-24,Fernando Tobio,Barracas Central,River Plate,DEF,m_3L4LL7,82.0,,,,,False,,0,SIN_HISTORIAL_PREVIO_EN_EQUIPO
2026-01-24,Gastón Campi,Barracas Central,River Plate,DEF,m_3L4LL7,90.0,,,,,False,,0,SIN_HISTORIAL_PREVIO_EN_EQUIPO
2026-01-24,Gonzalo Morales,Barracas Central,River Plate,DEL,m_3L4LL7,90.0,,,,,False,,0,SIN_HISTORIAL_PREVIO_EN_EQUIPO
2026-01-24,Iván Tapia,Barracas Central,River Plate,VOL,m_3L4LL7,82.0,,,,,False,,0,SIN_HISTORIAL_PREVIO_EN_EQUIPO
2026-01-24,Manuel Duarte,Barracas Central,River Plate,VOL,m_3L4LL7,18.0,,,,,False,,0,SIN_HISTORIAL_PREVIO_EN_EQUIPO
2026-01-24,Rafael Barrios,Barracas Central,River Plate,DEF,m_3L4LL7,71.0,,,,,False,,0,SIN_HISTORIAL_PREVIO_EN_EQUIPO
2026-01-24,Rodrigo Insúa,Barracas Central,River Plate,VOL,m_3L4LL7,90.0,,,,,False,,0,SIN_HISTORIAL_PREVIO_EN_EQUIPO
2026-01-24,Tomás Porra,Barracas Central,River Plate,VOL,m_3L4LL7,72.0,,,,,False,,0,SIN_HISTORIAL_PREVIO_EN_EQUIPO
2026-01-24,Yonatthan Rak,Barracas Central,River Plate,DEF,m_3L4LL7,8.0,,,,,False,,0,SIN_HISTORIAL_PREVIO_EN_EQUIPO
2026-01-24,Alejo Osella,Independiente Rivadavia,Atlético Tucumán,DEF,m_1bOPPX,90.0,,,,,False,,0,SIN_HISTORIAL_PREVIO_EN_EQUIPO
2026-01-24,Diego Crego,Independiente Rivadavia,Atlético Tucumán,VOL,m_1bOPPX,13.0,,,,,False,,0,SIN_HISTORIAL_PREVIO_EN_EQUIPO
2026-01-24,Ezequiel Bonifacio,Independiente Rivadavia,Atlético Tucumán,DEF,m_1bOPPX,8.0,,,,,False,,0,SIN_HISTORIAL_PREVIO_EN_EQUIPO
2026-01-24,Fabrizio Sartori,Independiente Rivadavia,Atlético Tucumán,DEL,m_1bOPPX,19.0,,,,,False,,0,SIN_HISTORIAL_PREVIO_EN_EQUIPO
2026-01-24,Gonzalo Ríos,Independiente Rivadavia,Atlético Tucumán,VOL,m_1bOPPX,83.0,,,,,False,,0,SIN_HISTORIAL_PREVIO_EN_EQUIPO
2026-01-24,Iván Villalba,Independiente Rivadavia,Atlético Tucumán,DEF,m_1bOPPX,90.0,,,,,False,,0,SIN_HISTORIAL_PREVIO_EN_EQUIPO
2026-01-24,José Florentín,Independiente Rivadavia,Atlético Tucumán,VOL,m_1bOPPX,89.0,,,,,False,,0,SIN_HISTORIAL_PREVIO_EN_EQUIPO
2026-01-24,Kevin Vázquez,Independiente Rivadavia,Atlético Tucumán,VOL,m_1bOPPX,1.0,,,,,False,,0,SIN_HISTORIAL_PREVIO_EN_EQUIPO
2026-01-24,Leonard Costa,Independiente Rivadavia,Atlético Tucumán,DEF,m_1bOPPX,71.0,,,,,False,,0,SIN_HISTORIAL_PREVIO_EN_EQUIPO
2026-01-24,Matías Fernández,Independiente Rivadavia,Atlético Tucumán,VOL,m_1bOPPX,83.0,,,,,False,,0,SIN_HISTORIAL_PREVIO_EN_EQUIPO
2026-01-24,Nicolás Bolcato,Independiente Rivadavia,Atlético Tucumán,ARQ,m_1bOPPX,90.0,,,,,False,,0,SIN_HISTORIAL_PREVIO_EN_EQUIPO
2026-01-24,Rodrigo Atencio,Independiente Rivadavia,Atlético Tucumán,VOL,m_1bOPPX,1.0,,,,,False,,0,SIN_HISTORIAL_PREVIO_EN_EQUIPO
2026-01-24,Sheyko Studer,Independiente Rivadavia,Atlético Tucumán,DEF,m_1bOPPX,90.0,,,,,False,,0,SIN_HISTORIAL_PREVIO_EN_EQUIPO
2026-01-24,Tomás Bottari,Independiente Rivadavia,Atlético Tucumán,VOL,m_1bOPPX,90.0,,,,,False,,0,SIN_HISTORIAL_PREVIO_EN_EQUIPO
2026-01-24,Aníbal Moreno,River Plate,Barracas Central,VOL,m_3L4LL7,90.0,,,,,False,,0,SIN_HISTORIAL_PREVIO_EN_EQUIPO
2026-01-24,Facundo Colidio,River Plate,Barracas Central,DEL,m_3L4LL7,61.0,,,,,False,,0,SIN_HISTORIAL_PREVIO_EN_EQUIPO
2026-01-24,Fausto Vera,River Plate,Barracas Central,VOL,m_3L4LL7,60.0,,,,,False,,0,SIN_HISTORIAL_PREVIO_EN_EQUIPO
2026-01-24,Giuliano Galoppo,River Plate,Barracas Central,VOL,m_3L4LL7,30.0,,,,,False,,0,SIN_HISTORIAL_PREVIO_EN_EQUIPO
2026-01-24,Gonzalo Montiel,River Plate,Barracas Central,DEF,m_3L4LL7,90.0,,,,,False,,0,SIN_HISTORIAL_PREVIO_EN_EQUIPO
2026-01-24,Ian Subiabre,River Plate,Barracas Central,DEL,m_3L4LL7,29.0,,,,,False,,0,SIN_HISTORIAL_PREVIO_EN_EQUIPO
2026-01-24,Lautaro Rivero,River Plate,Barracas Central,DEF,m_3L4LL7,90.0,,,,,False,,0,SIN_HISTORIAL_PREVIO_EN_EQUIPO
2026-01-24,Lucas Martínez Quarta,River Plate,Barracas Central,DEF,m_3L4LL7,90.0,,,,,False,,0,SIN_HISTORIAL_PREVIO_EN_EQUIPO
2026-01-24,Matías Viña,River Plate,Barracas Central,DEF,m_3L4LL7,90.0,,,,,False,,0,SIN_HISTORIAL_PREVIO_EN_EQUIPO
2026-01-24,Maximiliano Salas,River Plate,Barracas Central,DEL,m_3L4LL7,15.0,,,,,False,,0,SIN_HISTORIAL_PREVIO_EN_EQUIPO
2026-01-24,Santiago Beltrán,River Plate,Barracas Central,ARQ,m_3L4LL7,90.0,,,,,False,,0,SIN_HISTORIAL_PREVIO_EN_EQUIPO
2026-01-24,Santiago Lencina,River Plate,Barracas Central,VOL,m_3L4LL7,15.0,,,,,False,,0,SIN_HISTORIAL_PREVIO_EN_EQUIPO
2026-01-24,Sebastián Driussi,River Plate,Barracas Central,DEL,m_3L4LL7,90.0,,,,,False,,0,SIN_HISTORIAL_PREVIO_EN_EQUIPO
2026-01-24,Tomás Galván,River Plate,Barracas Central,VOL,m_3L4LL7,75.0,,,,,False,,0,SIN_HISTORIAL_PREVIO_EN_EQUIPO
2026-01-25,Alan Velasco,Boca Juniors,Deportivo Riestra,VOL,m_2hYXmh,69.0,,,,,False,,0,SIN_HISTORIAL_PREVIO_EN_EQUIPO
2026-01-25,Ander Herrera,Boca Juniors,Deportivo Riestra,VOL,m_2hYXmh,79.0,,,,,False,,0,SIN_HISTORIAL_PREVIO_EN_EQUIPO
2026-01-25,Ayrton Costa,Boca Juniors,Deportivo Riestra,DEF,m_2hYXmh,90.0,,,,,False,,0,SIN_HISTORIAL_PREVIO_EN_EQUIPO
2026-01-25,Brian Aguirre,Boca Juniors,Deportivo Riestra,VOL,m_2hYXmh,21.0,,,,,False,,0,SIN_HISTORIAL_PREVIO_EN_EQUIPO
2026-01-25,Exequiel Zeballos,Boca Juniors,Deportivo Riestra,DEL,m_2hYXmh,90.0,,,,,False,,0,SIN_HISTORIAL_PREVIO_EN_EQUIPO
2026-01-25,Iker Zufiaurre,Boca Juniors,Deportivo Riestra,DEL,m_2hYXmh,18.0,,,,,False,,0,SIN_HISTORIAL_PREVIO_EN_EQUIPO
2026-01-25,Juan Barinaga,Boca Juniors,Deportivo Riestra,DEF,m_2hYXmh,90.0,,,,,False,,0,SIN_HISTORIAL_PREVIO_EN_EQUIPO
2026-01-25,Lautaro Blanco,Boca Juniors,Deportivo Riestra,DEF,m_2hYXmh,90.0,,,,,False,,0,SIN_HISTORIAL_PREVIO_EN_EQUIPO
2026-01-25,Lautaro Di Lollo,Boca Juniors,Deportivo Riestra,DEF,m_2hYXmh,90.0,,,,,False,,0,SIN_HISTORIAL_PREVIO_EN_EQUIPO
2026-01-25,Leandro Paredes,Boca Juniors,Deportivo Riestra,VOL,m_2hYXmh,90.0,,,,,False,,0,SIN_HISTORIAL_PREVIO_EN_EQUIPO
2026-01-25,Lucas Janson,Boca Juniors,Deportivo Riestra,DEL,m_2hYXmh,72.0,,,,,False,,0,SIN_HISTORIAL_PREVIO_EN_EQUIPO
2026-01-25,Milton Delgado,Boca Juniors,Deportivo Riestra,VOL,m_2hYXmh,11.0,,,,,False,,0,SIN_HISTORIAL_PREVIO_EN_EQUIPO
2026-01-25,Tomás Belmonte,Boca Juniors,Deportivo Riestra,VOL,m_2hYXmh,90.0,,,,,False,,0,SIN_HISTORIAL_PREVIO_EN_EQUIPO
2026-01-25,Alexander Díaz,Deportivo Riestra,Boca Juniors,DEL,m_2hYXmh,27.0,,,,,False,,0,SIN_HISTORIAL_PREVIO_EN_EQUIPO
2026-01-25,Antony Alonso,Deportivo Riestra,Boca Juniors,VOL,m_2hYXmh,90.0,,,,,False,,0,SIN_HISTORIAL_PREVIO_EN_EQUIPO
2026-01-25,Cristian Paz,Deportivo Riestra,Boca Juniors,DEF,m_2hYXmh,90.0,,,,,False,,0,SIN_HISTORIAL_PREVIO_EN_EQUIPO
2026-01-25,Facundo Miño,Deportivo Riestra,Boca Juniors,DEF,m_2hYXmh,34.0,,,,,False,,0,SIN_HISTORIAL_PREVIO_EN_EQUIPO
2026-01-25,Gabriel Obredor,Deportivo Riestra,Boca Juniors,VOL,m_2hYXmh,11.0,,,,,False,,0,SIN_HISTORIAL_PREVIO_EN_EQUIPO
2026-01-25,Ignacio Arce,Deportivo Riestra,Boca Juniors,ARQ,m_2hYXmh,90.0,,,,,False,,0,SIN_HISTORIAL_PREVIO_EN_EQUIPO
2026-01-25,Jonathan Herrera,Deportivo Riestra,Boca Juniors,DEL,m_2hYXmh,11.0,,,,,False,,0,SIN_HISTORIAL_PREVIO_EN_EQUIPO
2026-01-25,Mariano Bracamonte,Deportivo Riestra,Boca Juniors,DEF,m_2hYXmh,90.0,,,,,False,,0,SIN_HISTORIAL_PREVIO_EN_EQUIPO
2026-01-25,Miguel Barbieri,Deportivo Riestra,Boca Juniors,DEF,m_2hYXmh,84.0,,,,,False,,0,SIN_HISTORIAL_PREVIO_EN_EQUIPO
2026-01-25,Nicolás Benegas,Deportivo Riestra,Boca Juniors,DEL,m_2hYXmh,63.0,,,,,False,,0,SIN_HISTORIAL_PREVIO_EN_EQUIPO
2026-01-25,Nicolás Sansotre,Deportivo Riestra,Boca Juniors,DEF,m_2hYXmh,90.0,,,,,False,,0,SIN_HISTORIAL_PREVIO_EN_EQUIPO
2026-01-25,Pablo Monje,Deportivo Riestra,Boca Juniors,VOL,m_2hYXmh,90.0,,,,,False,,0,SIN_HISTORIAL_PREVIO_EN_EQUIPO
2026-01-25,Pedro Ramírez,Deportivo Riestra,Boca Juniors,DEF,m_2hYXmh,90.0,,,,,False,,0,SIN_HISTORIAL_PREVIO_EN_EQUIPO
2026-01-26,Alan Lescano,Argentinos Juniors,Sarmiento,VOL,m_1BLvBV,90.0,,,,,False,,0,SIN_HISTORIAL_PREVIO_EN_EQUIPO
2026-01-26,Brayan Cortés,Argentinos Juniors,Sarmiento,ARQ,m_1BLvBV,90.0,,,,,False,,0,SIN_HISTORIAL_PREVIO_EN_EQUIPO
2026-01-26,Diego Porcel,Argentinos Juniors,Sarmiento,DEL,m_1BLvBV,90.0,,,,,False,,0,SIN_HISTORIAL_PREVIO_EN_EQUIPO
2026-01-26,Facundo Jainikoski,Argentinos Juniors,Sarmiento,DEL,m_1BLvBV,16.0,,,,,False,,0,SIN_HISTORIAL_PREVIO_EN_EQUIPO
2026-01-26,Federico Fattori,Argentinos Juniors,Sarmiento,VOL,m_1BLvBV,90.0,,,,,False,,0,SIN_HISTORIAL_PREVIO_EN_EQUIPO
2026-01-26,Francisco Álvarez,Argentinos Juniors,Sarmiento,DEF,m_1BLvBV,84.0,,,,,False,,0,SIN_HISTORIAL_PREVIO_EN_EQUIPO
2026-01-26,Lautaro Giaccone,Argentinos Juniors,Sarmiento,VOL,m_1BLvBV,90.0,,,,,False,,0,SIN_HISTORIAL_PREVIO_EN_EQUIPO
2026-01-26,Leandro Fernández,Argentinos Juniors,Sarmiento,DEL,m_1BLvBV,25.0,,,,,False,,0,SIN_HISTORIAL_PREVIO_EN_EQUIPO
2026-01-26,Leandro Lozano,Argentinos Juniors,Sarmiento,DEF,m_1BLvBV,90.0,,,,,False,,0,SIN_HISTORIAL_PREVIO_EN_EQUIPO
2026-01-26,Ryoga Kida,Argentinos Juniors,Sarmiento,DEL,m_1BLvBV,17.0,,,,,False,,0,SIN_HISTORIAL_PREVIO_EN_EQUIPO
2026-01-26,Sebastián Prieto,Argentinos Juniors,Sarmiento,DEF,m_1BLvBV,65.0,,,,,False,,0,SIN_HISTORIAL_PREVIO_EN_EQUIPO
2026-01-26,Tobías Ramírez,Argentinos Juniors,Sarmiento,DEF,m_1BLvBV,90.0,,,,,False,,0,SIN_HISTORIAL_PREVIO_EN_EQUIPO
2026-01-26,Tomás Molina,Argentinos Juniors,Sarmiento,DEL,m_1BLvBV,90.0,,,,,False,,0,SIN_HISTORIAL_PREVIO_EN_EQUIPO
2026-01-26,Alejandro Cabrera,Estudiantes de Río Cuarto,Tigre,VOL,m_3gOUak,67.0,,,,,False,,0,SIN_HISTORIAL_PREVIO_EN_EQUIPO
2026-01-26,Ezequiel Forclaz,Estudiantes de Río Cuarto,Tigre,VOL,m_3gOUak,11.0,,,,,False,,0,SIN_HISTORIAL_PREVIO_EN_EQUIPO
2026-01-26,Gabriel Alanís,Estudiantes de Río Cuarto,Tigre,VOL,m_3gOUak,79.0,,,,,False,,0,SIN_HISTORIAL_PREVIO_EN_EQUIPO
2026-01-26,Gonzalo Maffini,Estudiantes de Río Cuarto,Tigre,DEF,m_3gOUak,90.0,,,,,False,,0,SIN_HISTORIAL_PREVIO_EN_EQUIPO
2026-01-26,Javier Ferreira,Estudiantes de Río Cuarto,Tigre,DEL,m_3gOUak,11.0,,,,,False,,0,SIN_HISTORIAL_PREVIO_EN_EQUIPO
2026-01-26,Martín Garnerone,Estudiantes de Río Cuarto,Tigre,DEL,m_3gOUak,23.0,,,,,False,,0,SIN_HISTORIAL_PREVIO_EN_EQUIPO
2026-01-26,Mateo Bajamich,Estudiantes de Río Cuarto,Tigre,DEL,m_3gOUak,79.0,,,,,False,,0,SIN_HISTORIAL_PREVIO_EN_EQUIPO
2026-01-26,Mauro Valiente,Estudiantes de Río Cuarto,Tigre,VOL,m_3gOUak,67.0,,,,,False,,0,SIN_HISTORIAL_PREVIO_EN_EQUIPO
2026-01-26,Nicolás Talpone,Estudiantes de Río Cuarto,Tigre,VOL,m_3gOUak,90.0,,,,,False,,0,SIN_HISTORIAL_PREVIO_EN_EQUIPO
2026-01-26,Renzo Bacchia,Estudiantes de Río Cuarto,Tigre,ARQ,m_3gOUak,90.0,,,,,False,,0,SIN_HISTORIAL_PREVIO_EN_EQUIPO
2026-01-26,Sergio Ojeda,Estudiantes de Río Cuarto,Tigre,DEF,m_3gOUak,90.0,,,,,False,,0,SIN_HISTORIAL_PREVIO_EN_EQUIPO
2026-01-26,Tobías Ostchega,Estudiantes de Río Cuarto,Tigre,DEF,m_3gOUak,90.0,,,,,False,,0,SIN_HISTORIAL_PREVIO_EN_EQUIPO
2026-01-26,Brandon Márquez,Sarmiento,Argentinos Juniors,DEL,m_1BLvBV,33.0,,,,,False,,0,SIN_HISTORIAL_PREVIO_EN_EQUIPO
2026-01-26,Carlos Villalba,Sarmiento,Argentinos Juniors,VOL,m_1BLvBV,33.0,,,,,False,,0,SIN_HISTORIAL_PREVIO_EN_EQUIPO
2026-01-26,Cristian Zabala,Sarmiento,Argentinos Juniors,VOL,m_1BLvBV,75.0,,,,,False,,0,SIN_HISTORIAL_PREVIO_EN_EQUIPO
2026-01-26,Gastón Arturia,Sarmiento,Argentinos Juniors,DEF,m_1BLvBV,15.0,,,,,False,,0,SIN_HISTORIAL_PREVIO_EN_EQUIPO
2026-01-26,Javier Burrai,Sarmiento,Argentinos Juniors,ARQ,m_1BLvBV,90.0,,,,,False,,0,SIN_HISTORIAL_PREVIO_EN_EQUIPO
2026-01-26,Juan Manuel Insaurralde,Sarmiento,Argentinos Juniors,DEF,m_1BLvBV,60.0,,,,,False,,0,SIN_HISTORIAL_PREVIO_EN_EQUIPO
2026-01-26,Junior Marabel,Sarmiento,Argentinos Juniors,DEL,m_1BLvBV,57.0,,,,,False,,0,SIN_HISTORIAL_PREVIO_EN_EQUIPO
2026-01-26,Renzo Orihuela,Sarmiento,Argentinos Juniors,DEF,m_1BLvBV,90.0,,,,,False,,0,SIN_HISTORIAL_PREVIO_EN_EQUIPO
2026-01-26,Santiago Salle,Sarmiento,Argentinos Juniors,DEF,m_1BLvBV,90.0,,,,,False,,0,SIN_HISTORIAL_PREVIO_EN_EQUIPO
2026-01-26,Ulises Delgado,Sarmiento,Argentinos Juniors,DEL,m_1BLvBV,16.0,,,,,False,,0,SIN_HISTORIAL_PREVIO_EN_EQUIPO
2026-01-26,Yair Arismendi,Sarmiento,Argentinos Juniors,VOL,m_1BLvBV,90.0,,,,,False,,0,SIN_HISTORIAL_PREVIO_EN_EQUIPO
2026-01-26,Alan Barrionuevo,Tigre,Estudiantes de Río Cuarto,DEF,m_3gOUak,90.0,,,,,False,,0,SIN_HISTORIAL_PREVIO_EN_EQUIPO
2026-01-26,Alfio Oviedo,Tigre,Estudiantes de Río Cuarto,DEL,m_3gOUak,14.0,,,,,False,,0,SIN_HISTORIAL_PREVIO_EN_EQUIPO
2026-01-26,Bruno Leyes,Tigre,Estudiantes de Río Cuarto,VOL,m_3gOUak,90.0,,,,,False,,0,SIN_HISTORIAL_PREVIO_EN_EQUIPO
2026-01-26,David Romero,Tigre,Estudiantes de Río Cuarto,DEL,m_3gOUak,67.0,,,,,False,,0,SIN_HISTORIAL_PREVIO_EN_EQUIPO
2026-01-26,Elías Cabrera,Tigre,Estudiantes de Río Cuarto,VOL,m_3gOUak,76.0,,,,,False,,0,SIN_HISTORIAL_PREVIO_EN_EQUIPO
2026-01-26,Federico Álvarez,Tigre,Estudiantes de Río Cuarto,DEF,m_3gOUak,90.0,,,,,False,,0,SIN_HISTORIAL_PREVIO_EN_EQUIPO
2026-01-26,Felipe Zenobio,Tigre,Estudiantes de Río Cuarto,ARQ,m_3gOUak,90.0,,,,,False,,0,SIN_HISTORIAL_PREVIO_EN_EQUIPO
2026-01-26,Guillermo Soto,Tigre,Estudiantes de Río Cuarto,DEF,m_3gOUak,90.0,,,,,False,,0,SIN_HISTORIAL_PREVIO_EN_EQUIPO
2026-01-26,Ignacio Peluffo,Tigre,Estudiantes de Río Cuarto,DEF,m_3gOUak,14.0,,,,,False,,0,SIN_HISTORIAL_PREVIO_EN_EQUIPO
2026-01-26,Ignacio Russo,Tigre,Estudiantes de Río Cuarto,DEL,m_3gOUak,76.0,,,,,False,,0,SIN_HISTORIAL_PREVIO_EN_EQUIPO
2026-01-26,Jabes Saralegui,Tigre,Estudiantes de Río Cuarto,VOL,m_3gOUak,68.0,,,,,False,,0,SIN_HISTORIAL_PREVIO_EN_EQUIPO
2026-01-26,Joaquín Laso,Tigre,Estudiantes de Río Cuarto,DEF,m_3gOUak,85.0,,,,,False,,0,SIN_HISTORIAL_PREVIO_EN_EQUIPO
2026-01-26,Tiago Serrago,Tigre,Estudiantes de Río Cuarto,VOL,m_3gOUak,22.0,,,,,False,,0,SIN_HISTORIAL_PREVIO_EN_EQUIPO
2026-02-15,Nicolás Retamar,Club Atlético Platense,Boca Juniors,VOL,m_31Xzsf,12.0,,,,,False,,0,SIN_HISTORIAL_PREVIO_EN_EQUIPO
2026-01-26,Santiago López,Tigre,Estudiantes de Río Cuarto,DEL,m_3gOUak,23.0,,banfield,2026-01-22,4.0,True,banfield,0,TRANSFERIDO_RECIENTE
2026-01-28,Adrián Martínez,Racing Club,Rosario Central,DEL,m_0GrdJU,90.0,,racing club,2026-01-24,4.0,False,racing club,1,YA_ESTABA_EN_EL_EQUIPO
2026-01-28,Duván Vergara,Racing Club,Rosario Central,DEL,m_0GrdJU,11.0,,racing club,2026-01-24,4.0,False,racing club,1,YA_ESTABA_EN_EL_EQUIPO
2026-01-28,Facundo Cambeses,Racing Club,Rosario Central,ARQ,m_0GrdJU,90.0,,racing club,2026-01-24,4.0,False,racing club,1,YA_ESTABA_EN_EL_EQUIPO
2026-01-28,Gabriel Rojas,Racing Club,Rosario Central,DEF,m_0GrdJU,90.0,,racing club,2026-01-24,4.0,False,racing club,1,YA_ESTABA_EN_EL_EQUIPO
2026-01-28,Juan Nardoni,Racing Club,Rosario Central,VOL,m_0GrdJU,71.0,,racing club,2026-01-24,4.0,False,racing club,1,YA_ESTABA_EN_EL_EQUIPO
2026-01-28,Matko Miljevic,Racing Club,Rosario Central,VOL,m_0GrdJU,90.0,,racing club,2026-01-24,4.0,False,racing club,1,YA_ESTABA_EN_EL_EQUIPO
2026-01-28,Matías Zaracho,Racing Club,Rosario Central,VOL,m_0GrdJU,19.0,,racing club,2026-01-24,4.0,False,racing club,1,YA_ESTABA_EN_EL_EQUIPO
2026-01-28,Nazareno Colombo,Racing Club,Rosario Central,DEF,m_0GrdJU,71.0,,racing club,2026-01-24,4.0,False,racing club,1,YA_ESTABA_EN_EL_EQUIPO
2026-01-28,Santiago Solari,Racing Club,Rosario Central,DEL,m_0GrdJU,79.0,,racing club,2026-01-24,4.0,False,racing club,1,YA_ESTABA_EN_EL_EQUIPO
2026-01-28,Santiago Sosa,Racing Club,Rosario Central,VOL,m_0GrdJU,90.0,,racing club,2026-01-24,4.0,False,defensa y justicia | racing club,1,YA_ESTABA_EN_EL_EQUIPO
2026-01-28,Tomás Conechny,Racing Club,Rosario Central,DEL,m_0GrdJU,30.0,,racing club,2026-01-24,4.0,False,racing club,1,YA_ESTABA_EN_EL_EQUIPO
2026-01-28,Agustín Sández,Rosario Central,Racing Club,DEF,m_0GrdJU,45.0,,rosario central,2026-01-25,3.0,False,rosario central,1,YA_ESTABA_EN_EL_EQUIPO
2026-01-28,Alejo Véliz,Rosario Central,Racing Club,DEL,m_0GrdJU,69.0,,rosario central,2026-01-25,3.0,False,rosario central,1,YA_ESTABA_EN_EL_EQUIPO
2026-01-28,Alexis Soto,Rosario Central,Racing Club,DEF,m_0GrdJU,45.0,,rosario central,2026-01-25,3.0,False,rosario central,1,YA_ESTABA_EN_EL_EQUIPO
2026-01-28,Emanuel Coronel,Rosario Central,Racing Club,DEF,m_0GrdJU,90.0,,rosario central,2026-01-25,3.0,False,rosario central,1,YA_ESTABA_EN_EL_EQUIPO
2026-01-28,Enzo Copetti,Rosario Central,Racing Club,DEL,m_0GrdJU,21.0,,rosario central,2026-01-25,3.0,False,rosario central,1,YA_ESTABA_EN_EL_EQUIPO
2026-01-28,Enzo Giménez,Rosario Central,Racing Club,DEF,m_0GrdJU,90.0,,rosario central,2026-01-25,3.0,False,rosario central,1,YA_ESTABA_EN_EL_EQUIPO
2026-01-28,Facundo Mallo,Rosario Central,Racing Club,DEF,m_0GrdJU,90.0,,rosario central,2026-01-25,3.0,False,rosario central,1,YA_ESTABA_EN_EL_EQUIPO
2026-01-28,Federico Navarro,Rosario Central,Racing Club,VOL,m_0GrdJU,26.0,,rosario central,2026-01-25,3.0,False,rosario central,1,YA_ESTABA_EN_EL_EQUIPO
2026-01-28,Franco Ibarra,Rosario Central,Racing Club,VOL,m_0GrdJU,90.0,,rosario central,2026-01-25,3.0,False,rosario central,1,YA_ESTABA_EN_EL_EQUIPO
2026-01-28,Ignacio Ovando,Rosario Central,Racing Club,DEF,m_0GrdJU,90.0,,rosario central,2026-01-25,3.0,False,rosario central,1,YA_ESTABA_EN_EL_EQUIPO
2026-01-28,Jeremías Ledesma,Rosario Central,Racing Club,ARQ,m_0GrdJU,90.0,,rosario central,2026-01-25,3.0,False,rosario central,1,YA_ESTABA_EN_EL_EQUIPO
2026-01-28,Luca Raffin,Rosario Central,Racing Club,DEF,m_0GrdJU,8.0,,rosario central,2026-01-25,3.0,False,rosario central,1,YA_ESTABA_EN_EL_EQUIPO
2026-01-28,Vicente Pizarro,Rosario Central,Racing Club,VOL,m_0GrdJU,90.0,,rosario central,2026-01-25,3.0,False,rosario central,1,YA_ESTABA_EN_EL_EQUIPO
2026-02-01,David Sotelo,Newell's Old Boys,Boca Juniors,VOL,m_2jSZpM,45.0,,newell's old boys,2026-01-28,4.0,False,newell's old boys,1,YA_ESTABA_EN_EL_EQUIPO
2026-02-01,Gabriel Arias,Newell's Old Boys,Boca Juniors,ARQ,m_2jSZpM,90.0,,newell's old boys,2026-01-28,4.0,False,newell's old boys,2,YA_ESTABA_EN_EL_EQUIPO
2026-02-01,Jerónimo Gómez Mattar,Newell's Old Boys,Boca Juniors,VOL,m_2jSZpM,45.0,,newell's old boys,2026-01-28,4.0,False,newell's old boys,1,YA_ESTABA_EN_EL_EQUIPO
2026-02-01,Martín Luciano,Newell's Old Boys,Boca Juniors,DEF,m_2jSZpM,90.0,,newell's old boys,2026-01-28,4.0,False,newell's old boys,2,YA_ESTABA_EN_EL_EQUIPO
2026-02-01,Nicolás Goitea,Newell's Old Boys,Boca Juniors,DEF,m_2jSZpM,90.0,,newell's old boys,2026-01-28,4.0,False,newell's old boys,1,YA_ESTABA_EN_EL_EQUIPO
2026-02-01,Rodrigo Herrera,Newell's Old Boys,Boca Juniors,VOL,m_2jSZpM,79.0,,newell's old boys,2026-01-28,4.0,False,newell's old boys,2,YA_ESTABA_EN_EL_EQUIPO
2026-02-01,Valentino Acuña,Newell's Old Boys,Boca Juniors,VOL,m_2jSZpM,11.0,,newell's old boys,2026-01-28,4.0,False,newell's old boys,2,YA_ESTABA_EN_EL_EQUIPO
2026-02-08,Ezequiel Herrera,San Lorenzo,Huracán,DEF,m_4PxDme,90.0,,san lorenzo,2026-01-31,8.0,False,san lorenzo,3,YA_ESTABA_EN_EL_EQUIPO
2026-02-08,Facundo Gulli,San Lorenzo,Huracán,VOL,m_4PxDme,45.0,,san lorenzo,2026-01-31,8.0,False,san lorenzo,3,YA_ESTABA_EN_EL_EQUIPO
2026-02-08,Gonzalo Abrego,San Lorenzo,Huracán,VOL,m_4PxDme,63.0,,san lorenzo,2026-01-31,8.0,False,san lorenzo,1,YA_ESTABA_EN_EL_EQUIPO
2026-02-08,Ignacio Perruzzi,San Lorenzo,Huracán,VOL,m_4PxDme,80.0,,san lorenzo,2026-01-31,8.0,False,san lorenzo,3,YA_ESTABA_EN_EL_EQUIPO
2026-02-08,Mauricio Cardillo,San Lorenzo,Huracán,VOL,m_4PxDme,10.0,,san lorenzo,2026-01-31,8.0,False,san lorenzo,1,YA_ESTABA_EN_EL_EQUIPO
2026-02-08,Nicolás Tripichio,San Lorenzo,Huracán,VOL,m_4PxDme,90.0,,san lorenzo,2026-01-31,8.0,False,san lorenzo,3,YA_ESTABA_EN_EL_EQUIPO
2026-02-08,Orlando Gill,San Lorenzo,Huracán,ARQ,m_4PxDme,90.0,,san lorenzo,2026-01-31,8.0,False,san lorenzo,3,YA_ESTABA_EN_EL_EQUIPO
2026-02-09,Claudio Baeza,Vélez Sarsfield,Boca Juniors,VOL,m_14fRnJ,83.0,,vélez sarsfield,2026-01-31,9.0,False,vélez sarsfield,3,YA_ESTABA_EN_EL_EQUIPO
2026-02-09,Diego Valdés,Vélez Sarsfield,Boca Juniors,VOL,m_14fRnJ,89.0,,vélez sarsfield,2026-01-31,9.0,False,vélez sarsfield,3,YA_ESTABA_EN_EL_EQUIPO
2026-02-09,Elías Gómez,Vélez Sarsfield,Boca Juniors,DEF,m_14fRnJ,90.0,,vélez sarsfield,2026-01-31,9.0,False,vélez sarsfield,3,YA_ESTABA_EN_EL_EQUIPO
2026-02-09,Emanuel Mammana,Vélez Sarsfield,Boca Juniors,DEF,m_14fRnJ,90.0,,vélez sarsfield,2026-01-31,9.0,False,vélez sarsfield,3,YA_ESTABA_EN_EL_EQUIPO
2026-02-09,Joaquín García,Vélez Sarsfield,Boca Juniors,DEF,m_14fRnJ,90.0,,vélez sarsfield,2026-01-27,13.0,False,vélez sarsfield,1,YA_ESTABA_EN_EL_EQUIPO
2026-02-09,Lisandro Magallán,Vélez Sarsfield,Boca Juniors,DEF,m_14fRnJ,90.0,,vélez sarsfield,2026-01-31,9.0,False,vélez sarsfield,3,YA_ESTABA_EN_EL_EQUIPO
2026-02-09,Lucas Robertone,Vélez Sarsfield,Boca Juniors,VOL,m_14fRnJ,12.0,,vélez sarsfield,2026-01-31,9.0,False,vélez sarsfield,3,YA_ESTABA_EN_EL_EQUIPO
2026-02-09,Manuel Lanzini,Vélez Sarsfield,Boca Juniors,VOL,m_14fRnJ,84.0,,vélez sarsfield,2026-01-31,9.0,False,vélez sarsfield,3,YA_ESTABA_EN_EL_EQUIPO
2026-02-09,Matías Pellegrini,Vélez Sarsfield,Boca Juniors,VOL,m_14fRnJ,78.0,,vélez sarsfield,2026-01-31,9.0,False,vélez sarsfield,2,YA_ESTABA_EN_EL_EQUIPO
2026-02-09,Rodrigo Aliendro,Vélez Sarsfield,Boca Juniors,VOL,m_14fRnJ,11.0,,vélez sarsfield,2026-01-31,9.0,False,vélez sarsfield,3,YA_ESTABA_EN_EL_EQUIPO
2026-02-09,Tobías Andrada,Vélez Sarsfield,Boca Juniors,VOL,m_14fRnJ,90.0,,vélez sarsfield,2026-01-31,9.0,False,vélez sarsfield,3,YA_ESTABA_EN_EL_EQUIPO
2026-02-09,Álvaro Montero,Vélez Sarsfield,Boca Juniors,ARQ,m_14fRnJ,90.0,,vélez sarsfield,2026-01-31,9.0,False,vélez sarsfield,3,YA_ESTABA_EN_EL_EQUIPO
2026-02-15,Agustín Lagos,Club Atlético Platense,Boca Juniors,DEF,m_31Xzsf,9.0,,club atlético platense,2026-02-01,14.0,False,club atlético platense,3,YA_ESTABA_EN_EL_EQUIPO
2026-02-15,Eugenio Raggio,Club Atlético Platense,Boca Juniors,DEF,m_31Xzsf,90.0,,club atlético platense,2026-02-08,7.0,False,club atlético platense,4,YA_ESTABA_EN_EL_EQUIPO
2026-02-15,Felipe Bussio,Club Atlético Platense,Boca Juniors,VOL,m_31Xzsf,90.0,,club atlético platense,2026-02-08,7.0,False,club atlético platense,4,YA_ESTABA_EN_EL_EQUIPO
2026-02-15,Franco Zapiola,Club Atlético Platense,Boca Juniors,VOL,m_31Xzsf,78.0,,club atlético platense,2026-02-08,7.0,False,club atlético platense,4,YA_ESTABA_EN_EL_EQUIPO
2026-02-15,Guido Mainero,Club Atlético Platense,Boca Juniors,VOL,m_31Xzsf,78.0,,club atlético platense,2026-02-08,7.0,False,club atlético platense,4,YA_ESTABA_EN_EL_EQUIPO
2026-02-15,Juan Gauto,Club Atlético Platense,Boca Juniors,VOL,m_31Xzsf,86.0,,club atlético platense,2026-02-08,7.0,False,club atlético platense,4,YA_ESTABA_EN_EL_EQUIPO
2026-02-15,Martín Barrios,Club Atlético Platense,Boca Juniors,VOL,m_31Xzsf,29.0,,club atlético platense,2026-02-01,14.0,False,club atlético platense,2,YA_ESTABA_EN_EL_EQUIPO
2026-02-15,Matías Borgogno,Club Atlético Platense,Boca Juniors,ARQ,m_31Xzsf,90.0,,club atlético platense,2026-02-08,7.0,False,club atlético platense,4,YA_ESTABA_EN_EL_EQUIPO
2026-02-15,Maximiliano Amarfil,Club Atlético Platense,Boca Juniors,VOL,m_31Xzsf,61.0,,club atlético platense,2026-02-08,7.0,False,club atlético platense,4,YA_ESTABA_EN_EL_EQUIPO
2026-02-15,Santiago Dalmasso,Club Atlético Platense,Boca Juniors,VOL,m_31Xzsf,12.0,,club atlético platense,2026-02-08,7.0,False,club atlético platense,3,YA_ESTABA_EN_EL_EQUIPO
