position,variable,n,pearson,spearman,abs_spearman
ARQ,sofascore_ballPossession,369,-0.22301295466587392,-0.19728344293987532,0.19728344293987532
ARQ,rival_ballPossession,369,0.22301295466587392,0.19728344293987532,0.19728344293987532
ARQ,sofascore_totalShotsOnGoal,369,-0.06048118172173488,-0.06389866333827045,0.06389866333827045
ARQ,rival_totalShotsOnGoal,369,0.05737750428462019,0.038616611099336715,0.038616611099336715
ARQ,sofascore_shotsOnGoal,369,0.18332668678712982,0.1907356219706494,0.1907356219706494
ARQ,rival_shotsOnGoal,369,-0.16893610978091494,-0.20927808136236584,0.20927808136236584
ARQ,sofascore_shotsOffGoal,369,-0.14977348347296668,-0.14253177416523946,0.14253177416523946
ARQ,rival_shotsOffGoal,369,0.14819298295712843,0.1372823444376544,0.1372823444376544
ARQ,sofascore_blockedScoringAttempt,365,-0.15307818873580228,-0.15931467879044348,0.15931467879044348
ARQ,rival_blockedScoringAttempt,365,0.12460360342879888,0.13211869113194902,0.13211869113194902
ARQ,sofascore_totalShotsInsideBox,369,0.01747932208677614,0.02088620911988258,0.02088620911988258
ARQ,rival_totalShotsInsideBox,369,-0.01483227889361004,-0.04504110824301836,0.04504110824301836
ARQ,sofascore_totalShotsOutsideBox,369,-0.1340299153037815,-0.1309026127487615,0.1309026127487615
ARQ,rival_totalShotsOutsideBox,369,0.12588067605061753,0.10597018383736197,0.10597018383736197
ARQ,sofascore_expectedGoals,153,0.12398290251402065,0.06587295882908083,0.06587295882908083
ARQ,rival_expectedGoals,153,-0.16345349873051127,-0.17148895883404758,0.17148895883404758
ARQ,sofascore_expectedGoalsOnTarget,153,0.1984429344522167,0.17597047954156297,0.17597047954156297
ARQ,rival_expectedGoalsOnTarget,153,-0.2570851463266164,-0.29988875302650025,0.29988875302650025
ARQ,sofascore_bigChanceCreated,355,0.26485697841183936,0.2747218024560046,0.2747218024560046
ARQ,rival_bigChanceCreated,355,-0.28985475612600664,-0.31186142178406157,0.31186142178406157
ARQ,sofascore_bigChanceMissed,329,0.05218953910545102,0.0539902630594278,0.0539902630594278
ARQ,rival_bigChanceMissed,329,0.01847264808585004,0.020880734405027402,0.020880734405027402
ARQ,sofascore_touchesInOppBox,369,-0.13002631871535067,-0.11052654117507842,0.11052654117507842
ARQ,rival_touchesInOppBox,369,0.11679491675428996,0.08539664072412759,0.08539664072412759
ARQ,sofascore_finalThirdEntries,369,-0.13216126242119464,-0.09822763253368318,0.09822763253368318
ARQ,rival_finalThirdEntries,369,0.258133333820077,0.22360898396059645,0.22360898396059645
ARQ,sofascore_fouledFinalThird,365,-0.03328982947771266,-0.004895405268182033,0.004895405268182033
ARQ,rival_fouledFinalThird,365,0.031398922567157456,-0.0040499371201861804,0.0040499371201861804
ARQ,sofascore_cornerKicks,369,-0.1246093785533187,-0.11007065988611624,0.11007065988611624
ARQ,rival_cornerKicks,369,0.1390123958264133,0.12477505137651781,0.12477505137651781
ARQ,sofascore_fouls,369,0.08256335549143792,0.06250131758225848,0.06250131758225848
ARQ,rival_fouls,369,-0.009256901199086858,-0.012901236499505697,0.012901236499505697
ARQ,sofascore_passes,369,-0.20528878218242153,-0.19258549810677197,0.19258549810677197
ARQ,rival_passes,369,0.16430200418433097,0.14345497375420277,0.14345497375420277
ARQ,sofascore_accuratePasses,369,-0.21700037466590782,-0.20843204255946376,0.20843204255946376
ARQ,rival_accuratePasses,369,0.146032684465304,0.12817034901323474,0.12817034901323474
ARQ,sofascore_accurateCross,369,-0.1633627673885343,-0.15310858902874494,0.15310858902874494
ARQ,rival_accurateCross,369,0.16450609196515148,0.15434447121598693,0.15434447121598693
ARQ,sofascore_accurateLongBalls,369,-0.07314746899385595,-0.07785075928938139,0.07785075928938139
ARQ,rival_accurateLongBalls,369,0.07062886405298237,0.06671427876506127,0.06671427876506127
ARQ,sofascore_duelWonPercent,369,-0.02715139577703935,-0.0013451345797989868,0.0013451345797989868
ARQ,rival_duelWonPercent,369,0.02715139577703935,0.0013451345797989868,0.0013451345797989868
ARQ,sofascore_dispossessed,369,-0.12620584312392039,-0.10785738180878955,0.10785738180878955
ARQ,rival_dispossessed,369,0.03281604421304639,0.0006863819370064067,0.0006863819370064067
ARQ,sofascore_groundDuelsPercentage,369,-0.04437105599630007,-0.03361805577774362,0.03361805577774362
ARQ,rival_groundDuelsPercentage,369,-0.008501616420361652,-0.02495280818116692,0.02495280818116692
ARQ,sofascore_aerialDuelsPercentage,369,0.09121363617099405,0.08956476438322346,0.08956476438322346
ARQ,rival_aerialDuelsPercentage,369,0.07281574074202975,0.06577370214746202,0.06577370214746202
ARQ,sofascore_dribblesPercentage,369,-0.180818937015954,-0.1646038656394407,0.1646038656394407
ARQ,rival_dribblesPercentage,369,0.10061928206169986,0.08591721380753647,0.08591721380753647
ARQ,sofascore_wonTacklePercent,369,0.03250510765804907,0.029256738950387263,0.029256738950387263
ARQ,rival_wonTacklePercent,369,-0.11782652542237643,-0.09742996678484182,0.09742996678484182
ARQ,sofascore_totalTackle,369,0.06063442857197839,0.05467146856064988,0.05467146856064988
ARQ,rival_totalTackle,369,-0.1391316043772384,-0.12472183240667539,0.12472183240667539
ARQ,sofascore_interceptionWon,369,0.0325895608324152,0.037177748018779516,0.037177748018779516
ARQ,rival_interceptionWon,369,-0.017559868599442214,-0.02195849138086607,0.02195849138086607
ARQ,sofascore_ballRecovery,369,0.14471145219620038,0.14147554503829826,0.14147554503829826
ARQ,rival_ballRecovery,369,0.0012961731158158082,-0.014131566073982289,0.014131566073982289
ARQ,sofascore_totalClearance,369,0.3344338838215078,0.3370661629095115,0.3370661629095115
ARQ,rival_totalClearance,369,-0.23374728339797113,-0.24721149068397769,0.24721149068397769
ARQ,sofascore_goalkeeperSaves,367,0.12330112200688022,0.10472102014560575,0.10472102014560575
ARQ,rival_goalkeeperSaves,367,0.010939120683849744,0.022835571877393396,0.022835571877393396
ARQ,sofascore_freeKicks,369,-0.019626384514922383,-0.022342292796429186,0.022342292796429186
ARQ,rival_freeKicks,369,0.09906979231300334,0.07801048757652805,0.07801048757652805
ARQ,sofascore_offsides,357,-0.02298702568420409,-0.02311542335262449,0.02311542335262449
ARQ,rival_offsides,357,0.07529876201591089,0.08874157148598809,0.08874157148598809
ARQ,sofascore_yellowCards,365,-0.03884172073030345,-0.046086358286464374,0.046086358286464374
ARQ,rival_yellowCards,365,0.06821491704710045,0.04707648408215872,0.04707648408215872
ARQ,sofascore_errorsLeadToShot,137,0.09228650756866486,0.11703313132333656,0.11703313132333656
ARQ,rival_errorsLeadToShot,137,-0.06643191890800337,-0.10992892093102684,0.10992892093102684
ARQ,sofascore_errorsLeadToGoal,70,-0.5430538701387889,-0.5757888337305032,0.5757888337305032
ARQ,rival_errorsLeadToGoal,70,0.5610688558867675,0.5873525284551709,0.5873525284551709
DEF,sofascore_ballPossession,1864,0.0963877076903526,0.09047795635277625,0.09047795635277625
DEF,rival_ballPossession,1864,-0.0963877076903526,-0.09047795635277625,0.09047795635277625
DEF,sofascore_totalShotsOnGoal,1864,0.1408680886749162,0.12556708492331237,0.12556708492331237
DEF,rival_totalShotsOnGoal,1864,-0.13775816900608326,-0.11616290245150608,0.11616290245150608
DEF,sofascore_shotsOnGoal,1864,0.225664257732881,0.22409945254702265,0.22409945254702265
DEF,rival_shotsOnGoal,1864,-0.2615180309604745,-0.2572973183617008,0.2572973183617008
DEF,sofascore_shotsOffGoal,1864,0.0642843424197266,0.04753410252212351,0.04753410252212351
DEF,rival_shotsOffGoal,1864,-0.05083188494658357,-0.03736396927735966,0.03736396927735966
DEF,sofascore_blockedScoringAttempt,1845,0.02065755969338697,0.006089276548237515,0.006089276548237515
DEF,rival_blockedScoringAttempt,1845,0.006013930395800374,0.04686667864964174,0.04686667864964174
DEF,sofascore_totalShotsInsideBox,1864,0.1440733917329491,0.13112199352020498,0.13112199352020498
DEF,rival_totalShotsInsideBox,1864,-0.15365194171084995,-0.1512348392802103,0.1512348392802103
DEF,sofascore_totalShotsOutsideBox,1864,0.07590103618473121,0.06830898626747331,0.06830898626747331
DEF,rival_totalShotsOutsideBox,1864,-0.05869468778127574,-0.03671936774169524,0.03671936774169524
DEF,sofascore_expectedGoals,784,0.14400756379570645,0.12383051227359416,0.12383051227359416
DEF,rival_expectedGoals,784,-0.21414169501205457,-0.1931325723630254,0.1931325723630254
DEF,sofascore_expectedGoalsOnTarget,784,0.15164348671945835,0.1450534791039013,0.1450534791039013
DEF,rival_expectedGoalsOnTarget,784,-0.22880507345826112,-0.23245653635351515,0.23245653635351515
DEF,sofascore_bigChanceCreated,1793,0.2467132249200441,0.22821450438122753,0.22821450438122753
DEF,rival_bigChanceCreated,1793,-0.2878590083891433,-0.278505581306005,0.278505581306005
DEF,sofascore_bigChanceMissed,1657,0.1021075002643314,0.08065608334260765,0.08065608334260765
DEF,rival_bigChanceMissed,1657,-0.12188371079163338,-0.09638629571643885,0.09638629571643885
DEF,sofascore_touchesInOppBox,1864,0.08983624598327059,0.07747519426109536,0.07747519426109536
DEF,rival_touchesInOppBox,1864,-0.09370749767971012,-0.09659357932497235,0.09659357932497235
DEF,sofascore_finalThirdEntries,1864,0.02250772291053898,0.026000219455411092,0.026000219455411092
DEF,rival_finalThirdEntries,1864,0.036621519307850806,0.03829042276356709,0.03829042276356709
DEF,sofascore_fouledFinalThird,1847,0.10788309845887219,0.1128351877615045,0.1128351877615045
DEF,rival_fouledFinalThird,1847,-0.09062958724170377,-0.10742955151740977,0.10742955151740977
DEF,sofascore_cornerKicks,1864,0.05203335722690174,0.05442793892895614,0.05442793892895614
DEF,rival_cornerKicks,1864,-0.051561446255134175,-0.04764501364131025,0.04764501364131025
DEF,sofascore_fouls,1864,-0.11445575915078325,-0.10268443126962895,0.10268443126962895
DEF,rival_fouls,1864,0.09218948834571994,0.08807009471957784,0.08807009471957784
DEF,sofascore_passes,1864,0.13614128014958143,0.11750729946961914,0.11750729946961914
DEF,rival_passes,1864,-0.05743074737539397,-0.0521967185791186,0.0521967185791186
DEF,sofascore_accuratePasses,1864,0.13995544848489386,0.12062904777558404,0.12062904777558404
DEF,rival_accuratePasses,1864,-0.06285730264407591,-0.05747944594876453,0.05747944594876453
DEF,sofascore_accurateCross,1864,0.03688950766992971,0.035458263720760885,0.035458263720760885
DEF,rival_accurateCross,1864,-0.012025212189976726,-0.009772733872784316,0.009772733872784316
DEF,sofascore_accurateLongBalls,1864,0.06275324245800137,0.03177646324086483,0.03177646324086483
DEF,rival_accurateLongBalls,1864,-0.011321686869225413,0.015331628386919928,0.015331628386919928
DEF,sofascore_duelWonPercent,1864,0.186917415077418,0.18232988324047755,0.18232988324047755
DEF,rival_duelWonPercent,1864,-0.186917415077418,-0.18232988324047755,0.18232988324047755
DEF,sofascore_dispossessed,1864,-0.060045699333375134,-0.04648884651501689,0.04648884651501689
DEF,rival_dispossessed,1864,0.12093693292450848,0.11722550788638839,0.11722550788638839
DEF,sofascore_groundDuelsPercentage,1864,0.16121035079626772,0.1562383355915405,0.1562383355915405
DEF,rival_groundDuelsPercentage,1864,-0.05667106781916528,-0.05741646827932799,0.05741646827932799
DEF,sofascore_aerialDuelsPercentage,1864,0.02601270681109289,0.018113364043606753,0.018113364043606753
DEF,rival_aerialDuelsPercentage,1864,-0.06719661350551988,-0.07109835409963013,0.07109835409963013
DEF,sofascore_dribblesPercentage,1864,0.026111597928203136,0.022322295654307777,0.022322295654307777
DEF,rival_dribblesPercentage,1864,0.0536971111602963,0.04087775831114558,0.04087775831114558
DEF,sofascore_wonTacklePercent,1864,0.10172482138037807,0.09185251428398135,0.09185251428398135
DEF,rival_wonTacklePercent,1864,-0.004361616176425961,-0.00015456989299319904,0.00015456989299319904
DEF,sofascore_totalTackle,1864,0.1319238517684773,0.12255963569214641,0.12255963569214641
DEF,rival_totalTackle,1864,-0.027823776608233777,-0.021063167073171206,0.021063167073171206
DEF,sofascore_interceptionWon,1864,0.027147390202425913,0.03110615816862424,0.03110615816862424
DEF,rival_interceptionWon,1864,0.013142458874230503,0.024933525559965704,0.024933525559965704
DEF,sofascore_ballRecovery,1864,0.1582566551077764,0.15518109433457017,0.15518109433457017
DEF,rival_ballRecovery,1864,-0.017932660977737255,-0.004248345460954368,0.004248345460954368
DEF,sofascore_totalClearance,1864,0.0897828919566291,0.10248333013469245,0.10248333013469245
DEF,rival_totalClearance,1864,-0.10821001438714777,-0.10285403220257532,0.10285403220257532
DEF,sofascore_goalkeeperSaves,1855,-0.11937135653626715,-0.1072453783356941,0.1072453783356941
DEF,rival_goalkeeperSaves,1855,0.09547409842237604,0.10071401327457254,0.10071401327457254
DEF,sofascore_freeKicks,1864,0.08739898591301269,0.08245886981538837,0.08245886981538837
DEF,rival_freeKicks,1864,-0.10308103716906473,-0.09180872355642601,0.09180872355642601
DEF,sofascore_offsides,1799,0.002177006239674972,-0.027901261203591887,0.027901261203591887
DEF,rival_offsides,1799,-0.004696087086717781,0.01941977816822911,0.01941977816822911
DEF,sofascore_yellowCards,1841,-0.15499502273620178,-0.13391771472229616,0.13391771472229616
DEF,rival_yellowCards,1841,0.09254378473741467,0.07827114023364806,0.07827114023364806
DEF,sofascore_errorsLeadToShot,691,0.10617110032978139,0.09314601218355177,0.09314601218355177
DEF,rival_errorsLeadToShot,691,-0.07900970463426657,-0.08897048146841645,0.08897048146841645
DEF,sofascore_errorsLeadToGoal,366,-0.34301358859248926,-0.34862760365124595,0.34862760365124595
DEF,rival_errorsLeadToGoal,366,0.31683997617006554,0.33716185239485796,0.33716185239485796
VOL,sofascore_ballPossession,2252,0.10529437877722414,0.11306293696509587,0.11306293696509587
VOL,rival_ballPossession,2252,-0.10529437877722414,-0.11306293696509587,0.11306293696509587
VOL,sofascore_totalShotsOnGoal,2252,0.2269295865110784,0.19285828196075339,0.19285828196075339
VOL,rival_totalShotsOnGoal,2252,-0.06471743605963956,-0.06617220400612948,0.06617220400612948
VOL,sofascore_shotsOnGoal,2252,0.33532357499190646,0.3143482499063325,0.3143482499063325
VOL,rival_shotsOnGoal,2252,-0.10621970639982607,-0.12005629710186093,0.12005629710186093
VOL,sofascore_shotsOffGoal,2252,0.09786833523595007,0.07666936180156353,0.07666936180156353
VOL,rival_shotsOffGoal,2252,-0.02596766310846857,-0.021720688554322368,0.021720688554322368
VOL,sofascore_blockedScoringAttempt,2227,0.07071433357069984,0.046612944107237764,0.046612944107237764
VOL,rival_blockedScoringAttempt,2227,-0.011874335057679047,-0.0033301802460731136,0.0033301802460731136
VOL,sofascore_totalShotsInsideBox,2252,0.2380092920361941,0.21359016027270478,0.21359016027270478
VOL,rival_totalShotsInsideBox,2252,-0.07129488033876706,-0.08494052418864714,0.08494052418864714
VOL,sofascore_totalShotsOutsideBox,2252,0.11448683821827442,0.09663285356405411,0.09663285356405411
VOL,rival_totalShotsOutsideBox,2252,-0.02850794433273929,-0.02086557737058713,0.02086557737058713
VOL,sofascore_expectedGoals,912,0.3247326843430442,0.2659358048794135,0.2659358048794135
VOL,rival_expectedGoals,912,-0.01954142603715572,-0.02492451697222422,0.02492451697222422
VOL,sofascore_expectedGoalsOnTarget,912,0.3495226225105966,0.31968616081623147,0.31968616081623147
VOL,rival_expectedGoalsOnTarget,912,0.008751731432993501,-0.029186967199472513,0.029186967199472513
VOL,sofascore_bigChanceCreated,2161,0.307650296390015,0.2854397772190833,0.2854397772190833
VOL,rival_bigChanceCreated,2161,-0.15188743543787817,-0.1662623925347021,0.1662623925347021
VOL,sofascore_bigChanceMissed,2002,0.16018431728616822,0.14696506224259887,0.14696506224259887
VOL,rival_bigChanceMissed,2002,-0.07054171422584543,-0.06985872204960998,0.06985872204960998
VOL,sofascore_touchesInOppBox,2252,0.18170323323385418,0.1660761318170356,0.1660761318170356
VOL,rival_touchesInOppBox,2252,-0.03463364900569563,-0.056000106496348116,0.056000106496348116
VOL,sofascore_finalThirdEntries,2252,0.014396463444040367,0.015141560912524657,0.015141560912524657
VOL,rival_finalThirdEntries,2252,-0.014787849941384264,-0.028881899082837063,0.028881899082837063
VOL,sofascore_fouledFinalThird,2226,0.06446536266038926,0.08701396495696903,0.08701396495696903
VOL,rival_fouledFinalThird,2226,-0.07555136717744088,-0.08633464674433568,0.08633464674433568
VOL,sofascore_cornerKicks,2252,0.0641760181648885,0.06749486519772276,0.06749486519772276
VOL,rival_cornerKicks,2252,-0.032716412725430875,-0.04363107364470218,0.04363107364470218
VOL,sofascore_fouls,2252,-0.10978639512351676,-0.11136275664087049,0.11136275664087049
VOL,rival_fouls,2252,0.0314119070568171,0.03968464677866933,0.03968464677866933
VOL,sofascore_passes,2252,0.1443513021310243,0.1401254404736288,0.1401254404736288
VOL,rival_passes,2252,-0.056044736470555516,-0.06943223052829182,0.06943223052829182
VOL,sofascore_accuratePasses,2252,0.14962592010751805,0.14445165146454766,0.14445165146454766
VOL,rival_accuratePasses,2252,-0.05555381477396937,-0.0670486442325869,0.0670486442325869
VOL,sofascore_accurateCross,2252,0.07037015546554161,0.05818308810771374,0.05818308810771374
VOL,rival_accurateCross,2252,-0.01497383223058423,-0.026019974090667145,0.026019974090667145
VOL,sofascore_accurateLongBalls,2252,0.044647492485285746,0.03646572244371793,0.03646572244371793
VOL,rival_accurateLongBalls,2252,-0.028990264231369856,-0.015448845981910366,0.015448845981910366
VOL,sofascore_duelWonPercent,2252,0.12984540285535356,0.12653258861640204,0.12653258861640204
VOL,rival_duelWonPercent,2252,-0.12984540285535356,-0.12653258861640204,0.12653258861640204
VOL,sofascore_dispossessed,2252,-0.01604545149955932,-0.0032115506555881407,0.0032115506555881407
VOL,rival_dispossessed,2252,0.10308115421858552,0.069131413294345,0.069131413294345
VOL,sofascore_groundDuelsPercentage,2252,0.09396837109981439,0.0829287011108876,0.0829287011108876
VOL,rival_groundDuelsPercentage,2252,-0.0576503739731087,-0.06669302221527894,0.06669302221527894
VOL,sofascore_aerialDuelsPercentage,2252,-0.010842892956523442,-0.013294891021277623,0.013294891021277623
VOL,rival_aerialDuelsPercentage,2252,-0.07663913623221501,-0.062456245088266034,0.062456245088266034
VOL,sofascore_dribblesPercentage,2252,0.04428098774070555,0.03182210162664983,0.03182210162664983
VOL,rival_dribblesPercentage,2252,0.021004154985437964,0.007231708805513536,0.007231708805513536
VOL,sofascore_wonTacklePercent,2252,0.07024397900589013,0.05382022906938037,0.05382022906938037
VOL,rival_wonTacklePercent,2252,0.009928830545073793,0.011422405158884857,0.011422405158884857
VOL,sofascore_totalTackle,2252,0.07384962333741053,0.05673450060335203,0.05673450060335203
VOL,rival_totalTackle,2252,-0.014581323831925093,-0.0161747915621356,0.0161747915621356
VOL,sofascore_interceptionWon,2252,-0.013463634100877472,-0.015426034018793555,0.015426034018793555
VOL,rival_interceptionWon,2252,0.014190353180867964,0.010776092432775958,0.010776092432775958
VOL,sofascore_ballRecovery,2252,0.14210484959578215,0.12167038377361514,0.12167038377361514
VOL,rival_ballRecovery,2252,-0.025074115923503473,-0.03186985062721499,0.03186985062721499
VOL,sofascore_totalClearance,2252,0.04272373599256511,0.04174054889931543,0.04174054889931543
VOL,rival_totalClearance,2252,-0.0968630953976024,-0.09217568991349544,0.09217568991349544
VOL,sofascore_goalkeeperSaves,2241,-0.04506343548798468,-0.04936807023132255,0.04936807023132255
VOL,rival_goalkeeperSaves,2241,0.18303466364284973,0.1654862486621573,0.1654862486621573
VOL,sofascore_freeKicks,2252,0.01973844146828467,0.027980032070561715,0.027980032070561715
VOL,rival_freeKicks,2252,-0.10304011620537569,-0.10544089625970086,0.10544089625970086
VOL,sofascore_offsides,2179,-0.04079425029363383,-0.061742750034747405,0.061742750034747405
VOL,rival_offsides,2179,0.004296140661977459,0.024290362598093553,0.024290362598093553
VOL,sofascore_yellowCards,2227,-0.12084779249908946,-0.09980623755989186,0.09980623755989186
VOL,rival_yellowCards,2227,0.053631405463548824,0.05230911939559747,0.05230911939559747
VOL,sofascore_errorsLeadToShot,861,0.06500462779329541,0.07356006371517,0.07356006371517
VOL,rival_errorsLeadToShot,861,-0.04062979054220543,-0.059034323503330176,0.059034323503330176
VOL,sofascore_errorsLeadToGoal,418,-0.25072348032675396,-0.27576050515682377,0.27576050515682377
VOL,rival_errorsLeadToGoal,418,0.25857906780365075,0.27543655083393526,0.27543655083393526
DEL,sofascore_ballPossession,1164,0.04486912190574413,0.08963821776788099,0.08963821776788099
DEL,rival_ballPossession,1164,-0.04486912190574413,-0.08963821776788099,0.08963821776788099
DEL,sofascore_totalShotsOnGoal,1164,0.22576422757919842,0.24101845609267625,0.24101845609267625
DEL,rival_totalShotsOnGoal,1164,-0.06927340187862123,-0.08663254320254565,0.08663254320254565
DEL,sofascore_shotsOnGoal,1164,0.37706481910829565,0.39282445171084757,0.39282445171084757
DEL,rival_shotsOnGoal,1164,-0.11602785624937573,-0.17645361626737954,0.17645361626737954
DEL,sofascore_shotsOffGoal,1164,0.08244794618988668,0.09000708004997032,0.09000708004997032
DEL,rival_shotsOffGoal,1164,-0.01886947825391051,-0.019245855261056603,0.019245855261056603
DEL,sofascore_blockedScoringAttempt,1152,0.03826059431188721,0.0328453400611688,0.0328453400611688
DEL,rival_blockedScoringAttempt,1152,-0.02402217174591786,-0.008066298305646214,0.008066298305646214
DEL,sofascore_totalShotsInsideBox,1164,0.23852511219741457,0.25401219885264237,0.25401219885264237
DEL,rival_totalShotsInsideBox,1164,-0.08304544383116652,-0.11950578851622318,0.11950578851622318
DEL,sofascore_totalShotsOutsideBox,1164,0.11060173523611637,0.11920745305455613,0.11920745305455613
DEL,rival_totalShotsOutsideBox,1164,-0.01933435434992331,-0.021258047135382645,0.021258047135382645
DEL,sofascore_expectedGoals,465,0.3939889002559095,0.36314363236737335,0.36314363236737335
DEL,rival_expectedGoals,465,-0.11282887550045946,-0.11365363425091533,0.11365363425091533
DEL,sofascore_expectedGoalsOnTarget,465,0.41357656540214177,0.4228333276463951,0.4228333276463951
DEL,rival_expectedGoalsOnTarget,465,-0.030600202800228602,-0.09955469106667778,0.09955469106667778
DEL,sofascore_bigChanceCreated,1124,0.35969745397761965,0.35221634277329616,0.35221634277329616
DEL,rival_bigChanceCreated,1124,-0.1707377191295542,-0.22502406567222036,0.22502406567222036
DEL,sofascore_bigChanceMissed,1040,0.13200323900448643,0.11999937274812511,0.11999937274812511
DEL,rival_bigChanceMissed,1040,-0.09844975843447613,-0.10907042167315555,0.10907042167315555
DEL,sofascore_touchesInOppBox,1164,0.16281478047070666,0.1969707528287042,0.1969707528287042
DEL,rival_touchesInOppBox,1164,-0.028771197237561604,-0.0783129012763672,0.0783129012763672
DEL,sofascore_finalThirdEntries,1164,-0.053861185093280375,-0.019056439775408673,0.019056439775408673
DEL,rival_finalThirdEntries,1164,0.018977711328614817,0.026604388805290754,0.026604388805290754
DEL,sofascore_fouledFinalThird,1149,0.05651231680638617,0.08702520905566663,0.08702520905566663
DEL,rival_fouledFinalThird,1149,-0.09066830479186382,-0.1348215120538662,0.1348215120538662
DEL,sofascore_cornerKicks,1164,0.04979693459005249,0.059342709212720016,0.059342709212720016
DEL,rival_cornerKicks,1164,-0.032389651699930536,-0.039704205776530194,0.039704205776530194
DEL,sofascore_fouls,1164,-0.07632190156620695,-0.09647745775351482,0.09647745775351482
DEL,rival_fouls,1164,-0.0032354286561527288,0.00840020338281804,0.00840020338281804
DEL,sofascore_passes,1164,0.041659246072545654,0.08327812977749574,0.08327812977749574
DEL,rival_passes,1164,-0.05794345945678638,-0.07936058052376214,0.07936058052376214
DEL,sofascore_accuratePasses,1164,0.05383858710561371,0.09381136367350833,0.09381136367350833
DEL,rival_accuratePasses,1164,-0.05207155467788388,-0.07561477688524111,0.07561477688524111
DEL,sofascore_accurateCross,1164,0.044943165260555695,0.05638208657262258,0.05638208657262258
DEL,rival_accurateCross,1164,-0.017553706209785525,-0.021137679775892024,0.021137679775892024
DEL,sofascore_accurateLongBalls,1164,0.02108941466608467,-0.00776131998639653,0.00776131998639653
DEL,rival_accurateLongBalls,1164,0.037674357797999485,0.04936396696253253,0.04936396696253253
DEL,sofascore_duelWonPercent,1164,0.13051476309566554,0.16211890810742408,0.16211890810742408
DEL,rival_duelWonPercent,1164,-0.13051476309566554,-0.16211890810742408,0.16211890810742408
DEL,sofascore_dispossessed,1164,-0.04072334035282038,-0.030271854476850015,0.030271854476850015
DEL,rival_dispossessed,1164,0.07035233273855088,0.05320072929604826,0.05320072929604826
DEL,sofascore_groundDuelsPercentage,1164,0.07108346436446361,0.08112806421385452,0.08112806421385452
DEL,rival_groundDuelsPercentage,1164,-0.06286452233834601,-0.09000479985828551,0.09000479985828551
DEL,sofascore_aerialDuelsPercentage,1164,0.04074902765900143,0.028310429885167118,0.028310429885167118
DEL,rival_aerialDuelsPercentage,1164,-0.04696741206906057,-0.047467918261538664,0.047467918261538664
DEL,sofascore_dribblesPercentage,1164,0.0017945826627341669,0.005369277866902934,0.005369277866902934
DEL,rival_dribblesPercentage,1164,0.05864149238159749,0.023767193685944186,0.023767193685944186
DEL,sofascore_wonTacklePercent,1164,0.06412697517057754,0.055985913206493106,0.055985913206493106
DEL,rival_wonTacklePercent,1164,-0.04338412645836114,-0.03508713019185074,0.03508713019185074
DEL,sofascore_totalTackle,1164,0.09321137513034615,0.07627301462476824,0.07627301462476824
DEL,rival_totalTackle,1164,-0.07363481577433448,-0.06266312273087868,0.06266312273087868
DEL,sofascore_interceptionWon,1164,-0.020565956919437096,-0.026753851777048067,0.026753851777048067
DEL,rival_interceptionWon,1164,-0.024886582170398623,-0.012359607949934848,0.012359607949934848
DEL,sofascore_ballRecovery,1164,0.062175099515135626,0.09459352659138055,0.09459352659138055
DEL,rival_ballRecovery,1164,-0.11573501560081738,-0.08716510287391202,0.08716510287391202
DEL,sofascore_totalClearance,1164,0.10679689118830651,0.11087276389247336,0.11087276389247336
DEL,rival_totalClearance,1164,-0.07775992211836051,-0.07308949957950388,0.07308949957950388
DEL,sofascore_goalkeeperSaves,1154,-0.043081565311443144,-0.08362731993644108,0.08362731993644108
DEL,rival_goalkeeperSaves,1154,0.17603416135670413,0.1856858462990911,0.1856858462990911
DEL,sofascore_freeKicks,1164,-0.012000852391070392,-0.0007826631129885523,0.0007826631129885523
DEL,rival_freeKicks,1164,-0.06956132602031062,-0.0865247095690603,0.0865247095690603
DEL,sofascore_offsides,1125,-0.04812802961722788,-0.04531823885455974,0.04531823885455974
DEL,rival_offsides,1125,0.02566194982390455,0.018555105957445438,0.018555105957445438
DEL,sofascore_yellowCards,1154,-0.12047903231906687,-0.09879694748660402,0.09879694748660402
DEL,rival_yellowCards,1154,0.0976524027223049,0.0864913314619502,0.0864913314619502
DEL,sofascore_errorsLeadToShot,432,0.03532222167073102,0.06452943357078544,0.06452943357078544
DEL,rival_errorsLeadToShot,432,-0.06141915491301224,-0.06657799484969433,0.06657799484969433
DEL,sofascore_errorsLeadToGoal,209,-0.31346208395050296,-0.3621875062292986,0.3621875062292986
DEL,rival_errorsLeadToGoal,209,0.36969823487199094,0.3927160711369482,0.3927160711369482
