match_id,date,team_id,team_name,local_ultimos_5_partidos,local_ultimos_5_ganados,local_ultimos_5_empatados,local_ultimos_5_perdidos,local_ultimos_5_goles_favor,local_ultimos_5_goles_contra,local_ultimos_5_diferencia_gol,local_ultimos_5_puntos,local_ultimos_5_prom_goles_favor,local_ultimos_5_prom_goles_contra,visitante_ultimos_5_partidos,visitante_ultimos_5_ganados,visitante_ultimos_5_empatados,visitante_ultimos_5_perdidos,visitante_ultimos_5_goles_favor,visitante_ultimos_5_goles_contra,visitante_ultimos_5_diferencia_gol,visitante_ultimos_5_puntos,visitante_ultimos_5_prom_goles_favor,visitante_ultimos_5_prom_goles_contra
m_43Vm4s,2026-01-24,t_02LuKO,Talleres,0,0,0,0,0,0,0,0,0.0,0.0,0,0,0,0,0,0,0,0,0.0,0.0
m_45TuR8,2026-01-27,t_02LuKO,Talleres,1,1,0,0,2,1,1,3,2.0,1.0,0,0,0,0,0,0,0,0,0.0,0.0
m_2citFn,2026-02-01,t_02LuKO,Talleres,1,1,0,0,2,1,1,3,2.0,1.0,1,0,0,1,1,2,-1,0,1.0,2.0
m_0rf9Wx,2026-02-09,t_02LuKO,Talleres,2,1,0,1,3,3,0,3,1.5,1.5,1,0,0,1,1,2,-1,0,1.0,2.0
m_2a1a7F,2026-02-14,t_02LuKO,Talleres,2,1,0,1,3,3,0,3,1.5,1.5,2,0,1,1,2,3,-1,1,1.0,1.5
m_2M8Y8t,2026-02-21,t_02LuKO,Talleres,3,2,0,1,5,4,1,6,1.6666666666666667,1.3333333333333333,2,0,1,1,2,3,-1,1,1.0,1.5
m_42bvJB,2026-02-24,t_02LuKO,Talleres,3,2,0,1,5,4,1,6,1.6666666666666667,1.3333333333333333,3,1,1,1,3,3,0,4,1.0,1.0
m_3CjTLG,2026-03-01,t_02LuKO,Talleres,3,2,0,1,5,4,1,6,1.6666666666666667,1.3333333333333333,4,1,1,2,3,5,-2,4,0.75,1.25
m_0RZpdm,2026-03-12,t_02LuKO,Talleres,4,2,1,1,5,4,1,7,1.25,1.0,4,1,1,2,3,5,-2,4,0.75,1.25
m_3W9CKi,2026-03-15,t_02LuKO,Talleres,5,3,1,1,7,4,3,10,1.4,0.8,4,1,1,2,3,5,-2,4,0.75,1.25
m_41GmcC,2026-03-21,t_02LuKO,Talleres,5,3,1,1,7,4,3,10,1.4,0.8,5,1,2,2,3,5,-2,5,0.6,1.0
m_24NuK9,2026-04-02,t_02LuKO,Talleres,5,3,1,1,7,4,3,10,1.4,0.8,5,2,2,1,4,4,0,8,0.8,0.8
m_3SYDN1,2026-04-13,t_02LuKO,Talleres,5,2,1,2,5,4,1,7,1.0,0.8,5,2,2,1,4,4,0,8,0.8,0.8
m_2g93PE,2026-04-19,t_02LuKO,Talleres,5,2,1,2,5,4,1,7,1.0,0.8,5,3,1,1,5,4,1,10,1.0,0.8
m_4DTyjs,2026-04-25,t_02LuKO,Talleres,5,3,1,1,6,2,4,10,1.2,0.4,5,3,1,1,5,4,1,10,1.0,0.8
m_3C4rqD,2026-05-02,t_02LuKO,Talleres,5,3,1,1,6,2,4,10,1.2,0.4,5,2,2,1,4,4,0,8,0.8,0.8
m_3c05ZH,2026-05-09,t_02LuKO,Talleres,5,3,1,1,6,2,4,10,1.2,0.4,5,2,3,0,5,3,2,9,1.0,0.6
m_4P8SSz,2026-07-25,t_02LuKO,Talleres,5,2,1,2,4,2,2,7,0.8,0.4,5,2,3,0,5,3,2,9,1.0,0.6
m_0OoV9x,2026-07-30,t_02LuKO,Talleres,5,2,1,2,4,2,2,7,0.8,0.4,5,2,2,1,5,4,1,8,1.0,0.8
m_4f6yGZ,2026-08-12,t_02LuKO,Talleres,5,2,0,3,5,5,0,6,1.0,1.0,5,2,2,1,5,4,1,8,1.0,0.8
m_15Akee,2026-08-18,t_02LuKO,Talleres,5,1,0,4,3,8,-5,3,0.6,1.6,5,2,2,1,5,4,1,8,1.0,0.8
m_2LhyO1,2026-08-25,t_02LuKO,Talleres,5,1,0,4,3,8,-5,3,0.6,1.6,5,1,2,2,4,6,-2,5,0.8,1.2
m_38lyOU,2026-08-30,t_02LuKO,Talleres,5,1,1,3,5,9,-4,4,1.0,1.8,5,1,2,2,4,6,-2,5,0.8,1.2
m_2ImO5V,2026-09-05,t_02LuKO,Talleres,5,0,2,3,3,9,-6,2,0.6,1.8,5,1,2,2,4,6,-2,5,0.8,1.2
m_36N9w7,2026-09-12,t_02LuKO,Talleres,5,0,2,3,3,9,-6,2,0.6,1.8,5,0,2,3,2,6,-4,2,0.4,1.2
m_1bOPPX,2026-01-24,t_0SmVI4,Independiente Rivadavia,0,0,0,0,0,0,0,0,0.0,0.0,0,0,0,0,0,0,0,0,0.0,0.0
m_2jeBEO,2026-01-27,t_0SmVI4,Independiente Rivadavia,1,1,0,0,2,1,1,3,2.0,1.0,0,0,0,0,0,0,0,0,0.0,0.0
m_2PMEYZ,2026-02-04,t_0SmVI4,Independiente Rivadavia,1,1,0,0,2,1,1,3,2.0,1.0,1,1,0,0,2,1,1,3,2.0,1.0
m_3jKKF8,2026-02-10,t_0SmVI4,Independiente Rivadavia,2,2,0,0,4,2,2,6,2.0,1.0,1,1,0,0,2,1,1,3,2.0,1.0
m_4RVX9V,2026-02-15,t_0SmVI4,Independiente Rivadavia,2,2,0,0,4,2,2,6,2.0,1.0,2,2,0,0,3,1,2,6,1.5,0.5
m_49Gg2q,2026-02-21,t_0SmVI4,Independiente Rivadavia,3,2,0,1,4,3,1,6,1.3333333333333333,1.0,2,2,0,0,3,1,2,6,1.5,0.5
m_2ASJLP,2026-02-26,t_0SmVI4,Independiente Rivadavia,4,3,0,1,7,5,2,9,1.75,1.25,2,2,0,0,3,1,2,6,1.5,0.5
m_1IrvXt,2026-03-03,t_0SmVI4,Independiente Rivadavia,4,3,0,1,7,5,2,9,1.75,1.25,3,2,1,0,4,2,2,7,1.3333333333333333,0.6666666666666666
m_1DO56u,2026-03-12,t_0SmVI4,Independiente Rivadavia,5,3,1,1,8,6,2,10,1.6,1.2,3,2,1,0,4,2,2,7,1.3333333333333333,0.6666666666666666
m_4KLddA,2026-03-15,t_0SmVI4,Independiente Rivadavia,5,2,1,2,7,7,0,7,1.4,1.4,3,2,1,0,4,2,2,7,1.3333333333333333,0.6666666666666666
m_3SxiDH,2026-03-23,t_0SmVI4,Independiente Rivadavia,5,2,1,2,7,7,0,7,1.4,1.4,4,3,1,0,7,4,3,10,1.75,1.0
m_41Dxbo,2026-04-02,t_0SmVI4,Independiente Rivadavia,5,2,1,2,7,6,1,7,1.4,1.2,4,3,1,0,7,4,3,10,1.75,1.0
m_0sFzNT,2026-04-11,t_0SmVI4,Independiente Rivadavia,5,2,1,2,7,6,1,7,1.4,1.2,5,4,1,0,9,4,5,13,1.8,0.8
m_0fOliE,2026-04-20,t_0SmVI4,Independiente Rivadavia,5,3,1,1,10,6,4,10,2.0,1.2,5,4,1,0,9,4,5,13,1.8,0.8
m_1qQfO1,2026-04-26,t_0SmVI4,Independiente Rivadavia,5,3,1,1,10,6,4,10,2.0,1.2,5,3,2,0,7,3,4,11,1.4,0.6
m_3MfCw1,2026-05-03,t_0SmVI4,Independiente Rivadavia,5,3,1,1,12,5,7,10,2.4,1.0,5,3,2,0,7,3,4,11,1.4,0.6
m_3h25YQ,2026-05-10,t_0SmVI4,Independiente Rivadavia,5,3,1,1,12,5,7,10,2.4,1.0,5,2,3,0,7,4,3,9,1.4,0.8
m_38l4Ru,2026-07-26,t_0SmVI4,Independiente Rivadavia,5,3,0,2,12,6,6,9,2.4,1.2,5,2,3,0,7,4,3,9,1.4,0.8
m_4ZaB72,2026-07-30,t_0SmVI4,Independiente Rivadavia,5,3,0,2,12,6,6,9,2.4,1.2,5,2,3,0,6,3,3,9,1.2,0.6
m_0eUxKc,2026-08-08,t_0SmVI4,Independiente Rivadavia,5,4,0,1,13,5,8,12,2.6,1.0,5,2,3,0,6,3,3,9,1.2,0.6
m_2rJ3SG,2026-08-15,t_0SmVI4,Independiente Rivadavia,5,4,0,1,13,6,7,12,2.6,1.2,5,2,3,0,6,3,3,9,1.2,0.6
m_2IoMcO,2026-08-22,t_0SmVI4,Independiente Rivadavia,5,4,0,1,13,6,7,12,2.6,1.2,5,1,3,1,3,3,0,6,0.6,0.6
m_3p9B98,2026-08-31,t_0SmVI4,Independiente Rivadavia,5,4,0,1,13,6,7,12,2.6,1.2,5,0,4,1,1,3,-2,4,0.2,0.6
m_32YJGL,2026-09-06,t_0SmVI4,Independiente Rivadavia,5,4,0,1,13,6,7,12,2.6,1.2,5,0,4,1,1,3,-2,4,0.2,0.6
m_2lA7Wg,2026-09-12,t_0SmVI4,Independiente Rivadavia,5,4,0,1,13,6,7,12,2.6,1.2,5,0,3,2,2,6,-4,3,0.4,1.2
m_4LyLYK,2026-01-22,t_0bW0AU,Banfield,0,0,0,0,0,0,0,0,0.0,0.0,0,0,0,0,0,0,0,0,0.0,0.0
m_2daQ30,2026-01-30,t_0bW0AU,Banfield,1,0,1,0,1,1,0,1,1.0,1.0,0,0,0,0,0,0,0,0,0.0,0.0
m_1P4cPw,2026-02-03,t_0bW0AU,Banfield,1,0,1,0,1,1,0,1,1.0,1.0,1,0,0,1,0,1,-1,0,0.0,1.0
m_2MVqzf,2026-02-08,t_0bW0AU,Banfield,2,1,1,0,3,2,1,4,1.5,1.0,1,0,0,1,0,1,-1,0,0.0,1.0
m_3g6NsD,2026-02-14,t_0bW0AU,Banfield,2,1,1,0,3,2,1,4,1.5,1.0,2,0,0,2,0,2,-2,0,0.0,1.0
m_4dWdyt,2026-02-21,t_0bW0AU,Banfield,3,1,1,1,3,4,-1,4,1.0,1.3333333333333333,2,0,0,2,0,2,-2,0,0.0,1.0
m_25L4uT,2026-02-26,t_0bW0AU,Banfield,4,2,1,1,6,4,2,7,1.5,1.0,2,0,0,2,0,2,-2,0,0.0,1.0
m_0KBmAa,2026-03-03,t_0bW0AU,Banfield,4,2,1,1,6,4,2,7,1.5,1.0,3,0,0,3,1,5,-4,0,0.3333333333333333,1.6666666666666667
m_2bEX07,2026-03-11,t_0bW0AU,Banfield,5,3,1,1,8,4,4,10,1.6,0.8,3,0,0,3,1,5,-4,0,0.3333333333333333,1.6666666666666667
m_0FP8kh,2026-03-15,t_0bW0AU,Banfield,5,3,0,2,8,5,3,9,1.6,1.0,3,0,0,3,1,5,-4,0,0.3333333333333333,1.6666666666666667
m_3Ol2iT,2026-03-21,t_0bW0AU,Banfield,5,3,0,2,8,5,3,9,1.6,1.0,4,0,0,4,2,7,-5,0,0.5,1.75
m_1ABinW,2026-04-06,t_0bW0AU,Banfield,5,3,0,2,7,4,3,9,1.4,0.8,4,0,0,4,2,7,-5,0,0.5,1.75
m_2pE60O,2026-04-13,t_0bW0AU,Banfield,5,3,0,2,7,4,3,9,1.4,0.8,5,0,0,5,4,10,-6,0,0.8,2.0
m_0fOliE,2026-04-20,t_0bW0AU,Banfield,5,3,0,2,7,4,3,9,1.4,0.8,5,0,0,5,4,10,-6,0,0.8,2.0
m_2uyJMX,2026-04-26,t_0bW0AU,Banfield,5,3,1,1,7,2,5,10,1.4,0.4,5,0,0,5,4,10,-6,0,0.8,2.0
m_1UxCxs,2026-05-02,t_0bW0AU,Banfield,5,3,1,1,7,2,5,10,1.4,0.4,5,0,1,4,5,10,-5,1,1.0,2.0
m_19ZLfE,2026-07-25,t_0bW0AU,Banfield,5,3,1,1,7,2,5,10,1.4,0.4,5,1,1,3,6,8,-2,4,1.2,1.6
m_0U4Xso,2026-07-28,t_0bW0AU,Banfield,5,3,1,1,7,2,5,10,1.4,0.4,5,1,1,3,5,7,-2,4,1.0,1.4
m_0OvFHa,2026-08-01,t_0bW0AU,Banfield,5,3,1,1,7,4,3,10,1.4,0.8,5,1,1,3,5,7,-2,4,1.0,1.4
m_2ckNSG,2026-08-10,t_0bW0AU,Banfield,5,3,1,1,7,4,3,10,1.4,0.8,5,1,2,2,3,4,-1,5,0.6,0.8
m_0M3QLL,2026-08-14,t_0bW0AU,Banfield,5,2,1,2,5,6,-1,7,1.0,1.2,5,1,2,2,3,4,-1,5,0.6,0.8
m_3yRTgE,2026-08-23,t_0bW0AU,Banfield,5,2,1,2,5,6,-1,7,1.0,1.2,5,2,2,1,4,3,1,8,0.8,0.6
m_1oO6B7,2026-08-30,t_0bW0AU,Banfield,5,2,1,2,5,6,-1,7,1.0,1.2,5,2,1,2,4,4,0,7,0.8,0.8
m_3GuLGz,2026-09-05,t_0bW0AU,Banfield,5,2,1,2,6,7,-1,7,1.2,1.4,5,2,1,2,4,4,0,7,0.8,0.8
m_0WEWh7,2026-09-14,t_0bW0AU,Banfield,5,2,1,2,6,7,-1,7,1.2,1.4,5,1,1,3,3,6,-3,4,0.6,1.2
m_1qLG6R,2026-09-14,t_0bW0AU,Banfield,5,1,2,2,6,8,-2,5,1.2,1.6,5,1,1,3,3,6,-3,4,0.6,1.2
m_3Ky5pe,2026-01-22,t_0oa5Fc,Unión,0,0,0,0,0,0,0,0,0.0,0.0,0,0,0,0,0,0,0,0,0.0,0.0
m_431211,2026-01-29,t_0oa5Fc,Unión,1,0,1,0,0,0,0,1,0.0,0.0,0,0,0,0,0,0,0,0,0.0,0.0
m_0Xzrp8,2026-02-03,t_0oa5Fc,Unión,1,0,1,0,0,0,0,1,0.0,0.0,1,0,0,1,1,2,-1,0,1.0,2.0
m_0ofblh,2026-02-07,t_0oa5Fc,Unión,2,1,1,0,4,0,4,4,2.0,0.0,1,0,0,1,1,2,-1,0,1.0,2.0
m_0TuvMr,2026-02-14,t_0oa5Fc,Unión,2,1,1,0,4,0,4,4,2.0,0.0,2,0,0,2,1,3,-2,0,0.5,1.5
m_4P2osf,2026-02-23,t_0oa5Fc,Unión,3,1,2,0,4,0,4,5,1.3333333333333333,0.0,2,0,0,2,1,3,-2,0,0.5,1.5
m_0cS0mC,2026-02-26,t_0oa5Fc,Unión,4,2,2,0,5,0,5,8,1.25,0.0,2,0,0,2,1,3,-2,0,0.5,1.5
m_15JkYD,2026-03-01,t_0oa5Fc,Unión,4,2,2,0,5,0,5,8,1.25,0.0,3,1,0,2,4,4,0,3,1.3333333333333333,1.3333333333333333
m_433Hpb,2026-03-10,t_0oa5Fc,Unión,4,2,2,0,5,0,5,8,1.25,0.0,4,2,0,2,6,5,1,6,1.5,1.25
m_1ifuZW,2026-03-16,t_0oa5Fc,Unión,4,2,2,0,5,0,5,8,1.25,0.0,5,2,1,2,10,9,1,7,2.0,1.8
m_1hukZb,2026-03-21,t_0oa5Fc,Unión,5,2,3,0,6,1,5,9,1.2,0.2,5,2,1,2,10,9,1,7,2.0,1.8
m_1wLnDu,2026-04-03,t_0oa5Fc,Unión,5,2,3,0,6,1,5,9,1.2,0.2,5,2,1,2,9,9,0,7,1.8,1.8
m_4fxT6w,2026-04-11,t_0oa5Fc,Unión,5,3,2,0,8,1,7,11,1.6,0.2,5,2,1,2,9,9,0,7,1.8,1.8
m_2518A4,2026-04-17,t_0oa5Fc,Unión,5,3,2,0,8,1,7,11,1.6,0.2,5,2,1,2,10,10,0,7,2.0,2.0
m_3JhiqO,2026-04-27,t_0oa5Fc,Unión,5,2,2,1,6,4,2,8,1.2,0.8,5,2,1,2,10,10,0,7,2.0,2.0
m_3C4rqD,2026-05-02,t_0oa5Fc,Unión,5,2,2,1,6,4,2,8,1.2,0.8,5,1,2,2,9,11,-2,5,1.8,2.2
m_3h25YQ,2026-05-10,t_0oa5Fc,Unión,5,2,2,1,7,5,2,8,1.4,1.0,5,1,2,2,9,11,-2,5,1.8,2.2
m_0yhLBE,2026-05-12,t_0oa5Fc,Unión,5,2,2,1,7,5,2,8,1.4,1.0,5,1,2,2,9,11,-2,5,1.8,2.2
m_3A4OqU,2026-07-25,t_0oa5Fc,Unión,5,2,2,1,7,5,2,8,1.4,1.0,5,1,1,3,5,9,-4,4,1.0,1.8
m_2WYe7B,2026-08-01,t_0oa5Fc,Unión,5,2,2,1,7,5,2,8,1.4,1.0,5,1,2,2,7,9,-2,5,1.4,1.8
m_1wAs6k,2026-08-06,t_0oa5Fc,Unión,5,2,2,1,7,5,2,8,1.4,1.0,5,1,2,2,6,9,-3,5,1.2,1.8
m_23LFB9,2026-08-11,t_0oa5Fc,Unión,5,2,2,1,8,6,2,8,1.6,1.2,5,1,2,2,6,9,-3,5,1.2,1.8
m_0CvxlD,2026-08-15,t_0oa5Fc,Unión,5,2,1,2,8,7,1,7,1.6,1.4,5,1,2,2,6,9,-3,5,1.2,1.8
m_4g29p2,2026-08-21,t_0oa5Fc,Unión,5,2,1,2,8,7,1,7,1.6,1.4,5,1,1,3,4,8,-4,4,0.8,1.6
m_1bDP6c,2026-08-28,t_0oa5Fc,Unión,5,2,1,2,8,7,1,7,1.6,1.4,5,1,1,3,5,8,-3,4,1.0,1.6
m_0rPnpL,2026-09-08,t_0oa5Fc,Unión,5,2,1,2,10,8,2,7,2.0,1.6,5,1,1,3,5,8,-3,4,1.0,1.6
m_36N9w7,2026-09-12,t_0oa5Fc,Unión,5,3,1,1,11,7,4,10,2.2,1.4,5,1,1,3,5,8,-3,4,1.0,1.6
m_2hYXmh,2026-01-25,t_0otcXZ,Boca Juniors,0,0,0,0,0,0,0,0,0.0,0.0,0,0,0,0,0,0,0,0,0.0,0.0
m_09UPPR,2026-01-29,t_0otcXZ,Boca Juniors,1,1,0,0,1,0,1,3,1.0,0.0,0,0,0,0,0,0,0,0,0.0,0.0
m_2jSZpM,2026-02-01,t_0otcXZ,Boca Juniors,1,1,0,0,1,0,1,3,1.0,0.0,1,0,0,1,1,2,-1,0,1.0,2.0
m_14fRnJ,2026-02-09,t_0otcXZ,Boca Juniors,2,2,0,0,3,0,3,6,1.5,0.0,1,0,0,1,1,2,-1,0,1.0,2.0
m_31Xzsf,2026-02-15,t_0otcXZ,Boca Juniors,2,2,0,0,3,0,3,6,1.5,0.0,2,0,0,2,2,4,-2,0,1.0,2.0
m_0WMvJY,2026-02-20,t_0otcXZ,Boca Juniors,3,2,1,0,3,0,3,7,1.0,0.0,2,0,0,2,2,4,-2,0,1.0,2.0
m_3ZmoAF,2026-02-28,t_0otcXZ,Boca Juniors,4,2,2,0,3,0,3,8,0.75,0.0,2,0,0,2,2,4,-2,0,1.0,2.0
m_3bNpUp,2026-03-05,t_0otcXZ,Boca Juniors,5,2,3,0,4,1,3,9,0.8,0.2,2,0,0,2,2,4,-2,0,1.0,2.0
m_0EJRQi,2026-03-11,t_0otcXZ,Boca Juniors,5,2,3,0,4,1,3,9,0.8,0.2,3,1,0,2,5,4,1,3,1.6666666666666667,1.3333333333333333
m_1ifuZW,2026-03-16,t_0otcXZ,Boca Juniors,5,1,4,0,4,2,2,7,0.8,0.4,3,1,0,2,5,4,1,3,1.6666666666666667,1.3333333333333333
m_3kkhBc,2026-03-22,t_0otcXZ,Boca Juniors,5,1,4,0,4,2,2,7,0.8,0.4,4,1,1,2,6,5,1,4,1.5,1.25
m_24NuK9,2026-04-02,t_0otcXZ,Boca Juniors,5,1,4,0,4,2,2,7,0.8,0.4,4,1,1,2,6,5,1,4,1.5,1.25
m_1uocnY,2026-04-11,t_0otcXZ,Boca Juniors,5,1,4,0,4,2,2,7,0.8,0.4,5,2,1,2,7,5,2,7,1.4,1.0
m_0FlMqm,2026-04-19,t_0otcXZ,Boca Juniors,5,1,4,0,5,3,2,7,1.0,0.6,5,2,1,2,7,5,2,7,1.4,1.0
m_3puHKN,2026-04-23,t_0otcXZ,Boca Juniors,5,1,4,0,5,3,2,7,1.0,0.6,5,3,1,1,7,3,4,10,1.4,0.6
m_3crdvk,2026-05-02,t_0otcXZ,Boca Juniors,5,1,4,0,5,3,2,7,1.0,0.6,5,4,1,0,10,1,9,13,2.0,0.2
m_0kTolw,2026-05-09,t_0otcXZ,Boca Juniors,5,1,4,0,5,3,2,7,1.0,0.6,5,4,1,0,9,2,7,13,1.8,0.4
m_4Gu3AR,2026-07-26,t_0otcXZ,Boca Juniors,5,1,3,1,7,6,1,6,1.4,1.2,5,4,1,0,9,2,7,13,1.8,0.4
m_2Vtk92,2026-08-02,t_0otcXZ,Boca Juniors,5,1,3,1,7,6,1,6,1.4,1.2,5,4,0,1,8,4,4,12,1.6,0.8
m_26MC0h,2026-08-05,t_0otcXZ,Boca Juniors,5,1,3,1,7,6,1,6,1.4,1.2,5,3,1,1,9,6,3,10,1.8,1.2
m_4Ha0vK,2026-08-08,t_0otcXZ,Boca Juniors,5,2,2,1,7,5,2,8,1.4,1.0,5,3,1,1,9,6,3,10,1.8,1.2
m_07PgTk,2026-08-16,t_0otcXZ,Boca Juniors,5,2,2,1,7,5,2,8,1.4,1.0,5,3,1,1,9,6,3,10,1.8,1.2
m_0kNt0b,2026-08-24,t_0otcXZ,Boca Juniors,5,2,2,1,7,5,2,8,1.4,1.0,5,2,2,1,9,7,2,8,1.8,1.4
m_0rmcr6,2026-08-29,t_0otcXZ,Boca Juniors,5,2,2,1,7,5,2,8,1.4,1.0,5,1,3,1,6,8,-2,6,1.2,1.6
m_4BLbJI,2026-09-05,t_0otcXZ,Boca Juniors,5,2,2,1,6,5,1,8,1.2,1.0,5,1,3,1,6,8,-2,6,1.2,1.6
m_2HZGss,2026-09-12,t_0otcXZ,Boca Juniors,5,2,2,1,6,5,1,8,1.2,1.0,5,0,4,1,6,9,-3,4,1.2,1.8
m_0U6amu,2026-01-24,t_0rGDE4,Gimnasia LP,0,0,0,0,0,0,0,0,0.0,0.0,0,0,0,0,0,0,0,0,0.0,0.0
m_01aTkm,2026-01-28,t_0rGDE4,Gimnasia LP,1,1,0,0,2,1,1,3,2.0,1.0,0,0,0,0,0,0,0,0,0.0,0.0
m_3OMXQ9,2026-02-02,t_0rGDE4,Gimnasia LP,1,1,0,0,2,1,1,3,2.0,1.0,1,0,0,1,0,2,-2,0,0.0,2.0
m_1Cuhf7,2026-02-09,t_0rGDE4,Gimnasia LP,2,2,0,0,5,2,3,6,2.5,1.0,1,0,0,1,0,2,-2,0,0.0,2.0
m_2wlvcQ,2026-02-15,t_0rGDE4,Gimnasia LP,2,2,0,0,5,2,3,6,2.5,1.0,2,0,0,2,0,4,-4,0,0.0,2.0
m_3TfM13,2026-02-21,t_0rGDE4,Gimnasia LP,3,2,1,0,5,2,3,7,1.6666666666666667,0.6666666666666666,2,0,0,2,0,4,-4,0,0.0,2.0
m_1j8XKc,2026-02-25,t_0rGDE4,Gimnasia LP,3,2,1,0,5,2,3,7,1.6666666666666667,0.6666666666666666,3,1,0,2,1,4,-3,3,0.3333333333333333,1.3333333333333333
m_4QwFk6,2026-03-02,t_0rGDE4,Gimnasia LP,4,2,1,1,6,4,2,7,1.5,1.0,3,1,0,2,1,4,-3,3,0.3333333333333333,1.3333333333333333
m_2bEX07,2026-03-11,t_0rGDE4,Gimnasia LP,4,2,1,1,6,4,2,7,1.5,1.0,4,1,1,2,3,6,-3,4,0.75,1.5
m_4KLddA,2026-03-15,t_0rGDE4,Gimnasia LP,4,2,1,1,6,4,2,7,1.5,1.0,5,2,1,2,5,7,-2,7,1.0,1.4
m_1c7isO,2026-03-21,t_0rGDE4,Gimnasia LP,5,2,1,2,8,7,1,7,1.6,1.4,5,2,1,2,5,7,-2,7,1.0,1.4
m_2k76Cm,2026-04-05,t_0rGDE4,Gimnasia LP,5,2,1,2,8,7,1,7,1.6,1.4,5,2,1,2,5,6,-1,7,1.0,1.2
m_4DcYBn,2026-04-13,t_0rGDE4,Gimnasia LP,5,1,1,3,6,9,-3,4,1.2,1.8,5,2,1,2,5,6,-1,7,1.0,1.2
m_2yMdi1,2026-04-18,t_0rGDE4,Gimnasia LP,5,1,1,3,6,9,-3,4,1.2,1.8,5,3,1,1,7,5,2,10,1.4,1.0
m_3Xoqfp,2026-04-26,t_0rGDE4,Gimnasia LP,5,1,1,3,4,8,-4,4,0.8,1.6,5,3,1,1,7,5,2,10,1.4,1.0
m_1fmUw8,2026-05-03,t_0rGDE4,Gimnasia LP,5,1,1,3,4,8,-4,4,0.8,1.6,5,3,1,1,7,5,2,10,1.4,1.0
m_4Cpvon,2026-05-11,t_0rGDE4,Gimnasia LP,5,2,0,3,6,8,-2,6,1.2,1.6,5,3,1,1,7,5,2,10,1.4,1.0
m_3ar3G9,2026-05-14,t_0rGDE4,Gimnasia LP,5,2,0,3,6,8,-2,6,1.2,1.6,5,4,0,1,6,3,3,12,1.2,0.6
m_1P4GDL,2026-07-24,t_0rGDE4,Gimnasia LP,5,2,0,3,6,8,-2,6,1.2,1.6,5,3,0,2,4,4,0,9,0.8,0.8
m_19jhYQ,2026-07-29,t_0rGDE4,Gimnasia LP,5,2,0,3,6,8,-2,6,1.2,1.6,5,3,0,2,5,5,0,9,1.0,1.0
m_2GNnDW,2026-08-02,t_0rGDE4,Gimnasia LP,5,3,0,2,6,6,0,9,1.2,1.2,5,3,0,2,5,5,0,9,1.0,1.0
m_4AhgSS,2026-08-09,t_0rGDE4,Gimnasia LP,5,3,0,2,6,6,0,9,1.2,1.2,5,3,0,2,5,5,0,9,1.0,1.0
m_3spPk4,2026-08-15,t_0rGDE4,Gimnasia LP,5,4,0,1,6,3,3,12,1.2,0.6,5,3,0,2,5,5,0,9,1.0,1.0
m_4FtNTS,2026-08-22,t_0rGDE4,Gimnasia LP,5,4,0,1,6,3,3,12,1.2,0.6,5,2,0,3,4,9,-5,6,0.8,1.8
m_4bNncf,2026-08-29,t_0rGDE4,Gimnasia LP,5,4,0,1,8,3,5,12,1.6,0.6,5,2,0,3,4,9,-5,6,0.8,1.8
m_2MnXyo,2026-09-05,t_0rGDE4,Gimnasia LP,5,4,0,1,8,3,5,12,1.6,0.6,5,2,0,3,5,10,-5,6,1.0,2.0
m_2tVeMD,2026-09-13,t_0rGDE4,Gimnasia LP,5,4,0,1,9,4,5,12,1.8,0.8,5,2,0,3,5,10,-5,6,1.0,2.0
m_2wEu9K,2026-01-23,t_0rsFNq,Lanús,0,0,0,0,0,0,0,0,0.0,0.0,0,0,0,0,0,0,0,0,0.0,0.0
m_431211,2026-01-29,t_0rsFNq,Lanús,0,0,0,0,0,0,0,0,0.0,0.0,1,1,0,0,3,2,1,3,3.0,2.0
m_4MfeT3,2026-02-04,t_0rsFNq,Lanús,1,1,0,0,2,1,1,3,2.0,1.0,1,1,0,0,3,2,1,3,3.0,2.0
m_0rf9Wx,2026-02-09,t_0rsFNq,Lanús,1,1,0,0,2,1,1,3,2.0,1.0,2,1,1,0,5,4,1,4,2.5,2.0
m_4CCLV7,2026-02-13,t_0rsFNq,Lanús,2,1,1,0,3,2,1,4,1.5,1.0,2,1,1,0,5,4,1,4,2.5,2.0
m_32VFMh,2026-03-02,t_0rsFNq,Lanús,2,1,1,0,3,2,1,4,1.5,1.0,3,1,1,1,5,6,-1,4,1.6666666666666667,2.0
m_3bNpUp,2026-03-05,t_0rsFNq,Lanús,2,1,1,0,3,2,1,4,1.5,1.0,4,1,2,1,6,7,-1,5,1.5,1.75
m_2rfIEE,2026-03-13,t_0rsFNq,Lanús,3,1,1,1,3,5,-2,4,1.0,1.6666666666666667,4,1,2,1,6,7,-1,5,1.5,1.75
m_1sCl2u,2026-03-17,t_0rsFNq,Lanús,3,1,1,1,3,5,-2,4,1.0,1.6666666666666667,5,2,2,1,7,7,0,8,1.4,1.4
m_1CaySw,2026-03-21,t_0rsFNq,Lanús,4,2,1,1,8,5,3,7,2.0,1.25,5,2,2,1,7,7,0,8,1.4,1.4
m_1c9W0N,2026-03-27,t_0rsFNq,Lanús,4,2,1,1,8,5,3,7,2.0,1.25,5,2,2,1,5,5,0,8,1.0,1.0
m_4fH8lA,2026-04-01,t_0rsFNq,Lanús,4,2,1,1,8,5,3,7,2.0,1.25,5,2,1,2,4,5,-1,7,0.8,1.0
m_2pE60O,2026-04-13,t_0rsFNq,Lanús,5,2,2,1,8,5,3,8,1.6,1.0,5,2,1,2,4,5,-1,7,0.8,1.0
m_2riSvt,2026-04-21,t_0rsFNq,Lanús,5,2,2,1,7,4,3,8,1.4,0.8,5,2,1,2,4,5,-1,7,0.8,1.0
m_3JTbLz,2026-04-24,t_0rsFNq,Lanús,5,2,2,1,7,4,3,8,1.4,0.8,5,2,1,2,4,4,0,7,0.8,0.8
m_1XEoaS,2026-05-02,t_0rsFNq,Lanús,5,2,2,1,6,3,3,8,1.2,0.6,5,2,1,2,4,4,0,7,0.8,0.8
m_2t96qK,2026-05-10,t_0rsFNq,Lanús,5,2,3,0,6,0,6,9,1.2,0.0,5,2,1,2,4,4,0,7,0.8,0.8
m_1aviF3,2026-07-26,t_0rsFNq,Lanús,5,2,3,0,6,0,6,9,1.2,0.0,5,2,0,3,3,5,-2,6,0.6,1.0
m_2EBOtR,2026-08-03,t_0rsFNq,Lanús,5,2,3,0,2,0,2,9,0.4,0.0,5,2,0,3,3,5,-2,6,0.6,1.0
m_1wAs6k,2026-08-06,t_0rsFNq,Lanús,5,2,2,1,2,1,1,8,0.4,0.2,5,2,0,3,3,5,-2,6,0.6,1.0
m_4f6yGZ,2026-08-12,t_0rsFNq,Lanús,5,2,2,1,2,1,1,8,0.4,0.2,5,1,0,4,3,7,-4,3,0.6,1.4
m_1E7Dux,2026-08-17,t_0rsFNq,Lanús,5,2,2,1,2,1,1,8,0.4,0.2,5,1,0,4,5,7,-2,3,1.0,1.4
m_38XAFZ,2026-08-25,t_0rsFNq,Lanús,5,1,2,2,2,4,-2,5,0.4,0.8,5,1,0,4,5,7,-2,3,1.0,1.4
m_0rmcr6,2026-08-29,t_0rsFNq,Lanús,5,1,2,2,3,5,-2,5,0.6,1.0,5,1,0,4,5,7,-2,3,1.0,1.4
m_0NaY2x,2026-09-06,t_0rsFNq,Lanús,5,1,2,2,3,5,-2,5,0.6,1.0,5,1,0,4,4,6,-2,3,0.8,1.2
m_0AnTKr,2026-09-14,t_0rsFNq,Lanús,5,2,1,2,4,5,-1,7,0.8,1.0,5,1,0,4,4,6,-2,3,0.8,1.2
m_2vy6Yj,2026-09-14,t_0rsFNq,Lanús,5,2,1,2,4,5,-1,7,0.8,1.0,5,2,0,3,7,5,2,6,1.4,1.0
m_0MqdAY,2026-01-22,t_1DVMAZ,Defensa y Justicia,0,0,0,0,0,0,0,0,0.0,0.0,0,0,0,0,0,0,0,0,0.0,0.0
m_20gfAy,2026-01-29,t_1DVMAZ,Defensa y Justicia,0,0,0,0,0,0,0,0,0.0,0.0,1,0,1,0,0,0,0,1,0.0,0.0
m_0cs8S8,2026-02-02,t_1DVMAZ,Defensa y Justicia,0,0,0,0,0,0,0,0,0.0,0.0,2,1,1,0,1,0,1,4,0.5,0.0
m_1hisDs,2026-02-08,t_1DVMAZ,Defensa y Justicia,1,0,1,0,0,0,0,1,0.0,0.0,2,1,1,0,1,0,1,4,0.5,0.0
m_0Wq4zM,2026-02-14,t_1DVMAZ,Defensa y Justicia,1,0,1,0,0,0,0,1,0.0,0.0,3,2,1,0,4,2,2,7,1.3333333333333333,0.6666666666666666
m_16ojkM,2026-02-20,t_1DVMAZ,Defensa y Justicia,2,0,2,0,1,1,0,2,0.5,0.5,3,2,1,0,4,2,2,7,1.3333333333333333,0.6666666666666666
m_1pWCHs,2026-02-24,t_1DVMAZ,Defensa y Justicia,3,0,3,0,2,2,0,3,0.6666666666666666,0.6666666666666666,3,2,1,0,4,2,2,7,1.3333333333333333,0.6666666666666666
m_32VFMh,2026-03-02,t_1DVMAZ,Defensa y Justicia,3,0,3,0,2,2,0,3,0.6666666666666666,0.6666666666666666,4,2,2,0,4,2,2,8,1.0,0.5
m_3FHq0X,2026-03-12,t_1DVMAZ,Defensa y Justicia,4,0,4,0,3,3,0,4,0.75,0.75,4,2,2,0,4,2,2,8,1.0,0.5
m_2pi43m,2026-03-16,t_1DVMAZ,Defensa y Justicia,5,0,5,0,4,4,0,5,0.8,0.8,4,2,2,0,4,2,2,8,1.0,0.5
m_1hukZb,2026-03-21,t_1DVMAZ,Defensa y Justicia,5,0,5,0,4,4,0,5,0.8,0.8,5,3,2,0,9,4,5,11,1.8,0.8
m_2NfZWl,2026-04-07,t_1DVMAZ,Defensa y Justicia,5,1,4,0,6,4,2,7,1.2,0.8,5,3,2,0,9,4,5,11,1.8,0.8
m_3SYDN1,2026-04-13,t_1DVMAZ,Defensa y Justicia,5,1,4,0,6,4,2,7,1.2,0.8,5,3,1,1,9,6,3,10,1.8,1.2
m_2qTx0J,2026-04-18,t_1DVMAZ,Defensa y Justicia,5,1,3,1,6,5,1,6,1.2,1.0,5,3,1,1,9,6,3,10,1.8,1.2
m_3puHKN,2026-04-23,t_1DVMAZ,Defensa y Justicia,5,1,3,1,6,5,1,6,1.2,1.0,5,2,1,2,9,9,0,7,1.8,1.8
m_019qHk,2026-05-04,t_1DVMAZ,Defensa y Justicia,5,1,2,2,5,8,-3,5,1.0,1.6,5,2,1,2,9,9,0,7,1.8,1.8
m_4cBLTF,2026-07-24,t_1DVMAZ,Defensa y Justicia,5,1,2,2,5,8,-3,5,1.0,1.6,5,1,1,3,7,9,-2,4,1.4,1.8
m_1R2IMx,2026-07-29,t_1DVMAZ,Defensa y Justicia,5,1,2,2,5,8,-3,5,1.0,1.6,5,1,1,3,7,9,-2,4,1.4,1.8
m_2xdOyu,2026-08-01,t_1DVMAZ,Defensa y Justicia,5,2,1,2,6,8,-2,7,1.2,1.6,5,1,1,3,7,9,-2,4,1.4,1.8
m_208YJA,2026-08-09,t_1DVMAZ,Defensa y Justicia,5,2,1,2,6,8,-2,7,1.2,1.6,5,1,0,4,7,12,-5,3,1.4,2.4
m_43tFlq,2026-08-17,t_1DVMAZ,Defensa y Justicia,5,2,1,2,6,9,-3,7,1.2,1.8,5,1,0,4,7,12,-5,3,1.4,2.4
m_4Llsds,2026-08-23,t_1DVMAZ,Defensa y Justicia,5,2,1,2,6,9,-3,7,1.2,1.8,5,0,1,4,3,11,-8,1,0.6,2.2
m_300q44,2026-08-31,t_1DVMAZ,Defensa y Justicia,5,2,1,2,6,9,-3,7,1.2,1.8,5,1,1,3,5,10,-5,4,1.0,2.0
m_0NaY2x,2026-09-06,t_1DVMAZ,Defensa y Justicia,5,3,1,1,6,7,-1,10,1.2,1.4,5,1,1,3,5,10,-5,4,1.0,2.0
m_0v5efb,2026-09-11,t_1DVMAZ,Defensa y Justicia,5,3,1,1,6,7,-1,10,1.2,1.4,5,1,1,3,4,8,-4,4,0.8,1.6
m_3L4LL7,2026-01-24,t_1Fzy5s,River Plate,0,0,0,0,0,0,0,0,0.0,0.0,0,0,0,0,0,0,0,0,0.0,0.0
m_01aTkm,2026-01-28,t_1Fzy5s,River Plate,0,0,0,0,0,0,0,0,0.0,0.0,1,1,0,0,1,0,1,3,1.0,0.0
m_4aRjxN,2026-02-02,t_1Fzy5s,River Plate,1,1,0,0,2,0,2,3,2.0,0.0,1,1,0,0,1,0,1,3,1.0,0.0
m_0k3gzI,2026-02-07,t_1Fzy5s,River Plate,1,1,0,0,2,0,2,3,2.0,0.0,2,1,1,0,1,0,1,4,0.5,0.0
m_064D4L,2026-02-13,t_1Fzy5s,River Plate,2,1,0,1,3,4,-1,3,1.5,2.0,2,1,1,0,1,0,1,4,0.5,0.0
m_4JeqYL,2026-02-22,t_1Fzy5s,River Plate,2,1,0,1,3,4,-1,3,1.5,2.0,3,1,1,1,1,1,0,4,0.3333333333333333,0.3333333333333333
m_25L4uT,2026-02-26,t_1Fzy5s,River Plate,2,1,0,1,3,4,-1,3,1.5,2.0,4,1,1,2,1,2,-1,4,0.25,0.5
m_1IrvXt,2026-03-03,t_1Fzy5s,River Plate,3,2,0,1,6,5,1,6,2.0,1.6666666666666667,4,1,1,2,1,2,-1,4,0.25,0.5
m_2e6Rvv,2026-03-13,t_1Fzy5s,River Plate,3,2,0,1,6,5,1,6,2.0,1.6666666666666667,5,1,2,2,2,3,-1,5,0.4,0.6
m_1fJ2Fa,2026-03-15,t_1Fzy5s,River Plate,3,2,0,1,6,5,1,6,2.0,1.6666666666666667,5,1,2,2,3,4,-1,5,0.6,0.8
m_38Dq9r,2026-03-22,t_1Fzy5s,River Plate,4,3,0,1,8,5,3,9,2.0,1.25,5,1,2,2,3,4,-1,5,0.6,0.8
m_0X7bQS,2026-04-05,t_1Fzy5s,River Plate,4,3,0,1,8,5,3,9,2.0,1.25,5,2,1,2,5,4,1,7,1.0,0.8
m_3RgxwY,2026-04-12,t_1Fzy5s,River Plate,5,4,0,1,11,5,6,12,2.2,1.0,5,2,1,2,5,4,1,7,1.0,0.8
m_0FlMqm,2026-04-19,t_1Fzy5s,River Plate,5,4,0,1,11,5,6,12,2.2,1.0,5,3,1,1,7,3,4,10,1.4,0.6
m_3Nkc9o,2026-04-26,t_1Fzy5s,River Plate,5,3,0,2,9,6,3,9,1.8,1.2,5,3,1,1,7,3,4,10,1.4,0.6
m_29QdK5,2026-05-03,t_1Fzy5s,River Plate,5,4,0,1,11,3,8,12,2.2,0.6,5,3,1,1,7,3,4,10,1.4,0.6
m_21tO51,2026-05-10,t_1Fzy5s,River Plate,5,3,0,2,8,3,5,9,1.6,0.6,5,3,1,1,7,3,4,10,1.4,0.6
m_3ar3G9,2026-05-14,t_1Fzy5s,River Plate,5,2,1,2,8,5,3,7,1.6,1.0,5,3,1,1,7,3,4,10,1.4,0.6
m_211adJ,2026-05-16,t_1Fzy5s,River Plate,5,2,1,2,7,5,2,7,1.4,1.0,5,3,1,1,7,3,4,10,1.4,0.6
m_25ZLbm,2026-05-24,t_1Fzy5s,River Plate,5,3,1,1,8,4,4,10,1.6,0.8,5,3,1,1,7,3,4,10,1.4,0.6
m_4X9GUk,2026-07-25,t_1Fzy5s,River Plate,5,2,1,2,7,6,1,7,1.4,1.2,5,3,1,1,7,3,4,10,1.4,0.6
m_19jhYQ,2026-07-29,t_1Fzy5s,River Plate,5,2,1,2,7,6,1,7,1.4,1.2,5,3,1,1,7,3,4,10,1.4,0.6
m_4JNnXO,2026-08-02,t_1Fzy5s,River Plate,5,2,1,2,7,6,1,7,1.4,1.2,5,3,1,1,7,3,4,10,1.4,0.6
m_2VSaa1,2026-08-08,t_1Fzy5s,River Plate,5,2,0,3,5,5,0,6,1.0,1.0,5,3,1,1,7,3,4,10,1.4,0.6
m_4fCzkt,2026-08-16,t_1Fzy5s,River Plate,5,2,0,3,5,5,0,6,1.0,1.0,5,3,0,2,6,3,3,9,1.2,0.6
m_4fjPIc,2026-08-23,t_1Fzy5s,River Plate,5,2,0,3,5,5,0,6,1.0,1.0,5,3,0,2,6,3,3,9,1.2,0.6
m_1oO6B7,2026-08-30,t_1Fzy5s,River Plate,5,1,1,3,6,7,-1,4,1.2,1.4,5,3,0,2,6,3,3,9,1.2,0.6
m_32YJGL,2026-09-06,t_1Fzy5s,River Plate,5,1,1,3,6,7,-1,4,1.2,1.4,5,3,0,2,7,4,3,9,1.4,0.8
m_3TfyzU,2026-09-12,t_1Fzy5s,River Plate,5,2,1,2,7,5,2,7,1.4,1.0,5,3,0,2,7,4,3,9,1.4,0.8
m_1oH2tW,2026-01-23,t_1HsET8,Estudiantes,0,0,0,0,0,0,0,0,0.0,0.0,0,0,0,0,0,0,0,0,0.0,0.0
m_09UPPR,2026-01-29,t_1HsET8,Estudiantes,0,0,0,0,0,0,0,0,0.0,0.0,1,0,1,0,1,1,0,1,1.0,1.0
m_0cs8S8,2026-02-02,t_1HsET8,Estudiantes,1,1,0,0,2,1,1,3,2.0,1.0,1,0,1,0,1,1,0,1,1.0,1.0
m_3sDDFG,2026-02-09,t_1HsET8,Estudiantes,1,1,0,0,2,1,1,3,2.0,1.0,2,0,2,0,1,1,0,2,0.5,0.5
m_2wlvcQ,2026-02-15,t_1HsET8,Estudiantes,2,2,0,0,3,1,2,6,1.5,0.5,2,0,2,0,1,1,0,2,0.5,0.5
m_2kYA49,2026-02-20,t_1HsET8,Estudiantes,2,2,0,0,3,1,2,6,1.5,0.5,3,0,3,0,1,1,0,3,0.3333333333333333,0.3333333333333333
m_2byNvS,2026-02-25,t_1HsET8,Estudiantes,3,3,0,0,4,1,3,9,1.3333333333333333,0.3333333333333333,3,0,3,0,1,1,0,3,0.3333333333333333,0.3333333333333333
m_3WwAlG,2026-03-02,t_1HsET8,Estudiantes,3,3,0,0,4,1,3,9,1.3333333333333333,0.3333333333333333,4,1,3,0,3,1,2,6,0.75,0.25
m_2rfIEE,2026-03-13,t_1HsET8,Estudiantes,4,3,0,1,4,2,2,9,1.0,0.5,4,1,3,0,3,1,2,6,0.75,0.25
m_2XIz1k,2026-03-18,t_1HsET8,Estudiantes,5,3,0,2,4,3,1,9,0.8,0.6,4,1,3,0,3,1,2,6,0.75,0.25
m_0d5xg9,2026-03-23,t_1HsET8,Estudiantes,5,3,0,2,4,3,1,9,0.8,0.6,5,2,3,0,5,2,3,9,1.0,0.4
m_0IMWj8,2026-04-03,t_1HsET8,Estudiantes,5,3,0,2,7,2,5,9,1.4,0.4,5,2,3,0,5,2,3,9,1.0,0.4
m_4fxT6w,2026-04-11,t_1HsET8,Estudiantes,5,3,0,2,7,2,5,9,1.4,0.4,5,2,2,1,4,2,2,8,0.8,0.4
m_1Vr866,2026-04-18,t_1HsET8,Estudiantes,5,3,0,2,8,3,5,9,1.6,0.6,5,2,2,1,4,2,2,8,0.8,0.4
m_4DTyjs,2026-04-25,t_1HsET8,Estudiantes,5,3,0,2,8,3,5,9,1.6,0.6,5,3,1,1,5,2,3,10,1.0,0.4
m_3MBuhd,2026-05-03,t_1HsET8,Estudiantes,5,2,1,2,7,3,4,7,1.4,0.6,5,3,1,1,5,2,3,10,1.0,0.4
m_3vjLig,2026-05-10,t_1HsET8,Estudiantes,5,2,1,2,7,3,4,7,1.4,0.6,5,4,0,1,7,2,5,12,1.4,0.4
m_0smnBS,2026-07-26,t_1HsET8,Estudiantes,5,2,1,2,7,3,4,7,1.4,0.6,5,4,0,1,7,2,5,12,1.4,0.4
m_2xdOyu,2026-08-01,t_1HsET8,Estudiantes,5,2,1,2,7,4,3,7,1.4,0.8,5,4,0,1,7,2,5,12,1.4,0.4
m_26MC0h,2026-08-05,t_1HsET8,Estudiantes,5,2,1,2,5,4,1,7,1.0,0.8,5,4,0,1,7,2,5,12,1.4,0.4
m_3xPV3E,2026-08-08,t_1HsET8,Estudiantes,5,2,1,2,5,4,1,7,1.0,0.8,5,3,0,2,5,3,2,9,1.0,0.6
m_3spPk4,2026-08-15,t_1HsET8,Estudiantes,5,2,1,2,5,4,1,7,1.0,0.8,5,2,0,3,3,4,-1,6,0.6,0.8
m_3xzvfD,2026-08-23,t_1HsET8,Estudiantes,5,2,1,2,7,3,4,7,1.4,0.6,5,2,0,3,3,4,-1,6,0.6,0.8
m_23XA3J,2026-08-31,t_1HsET8,Estudiantes,5,2,1,2,7,3,4,7,1.4,0.6,5,2,0,3,3,5,-2,6,0.6,1.0
m_3kXmim,2026-09-06,t_1HsET8,Estudiantes,5,2,1,2,7,3,4,7,1.4,0.6,5,2,0,3,3,5,-2,6,0.6,1.0
m_2iSmoq,2026-09-12,t_1HsET8,Estudiantes,5,2,1,2,7,3,4,7,1.4,0.6,5,1,0,4,2,6,-4,3,0.4,1.2
m_3gOUak,2026-01-26,t_1L8FaD,Tigre,0,0,0,0,0,0,0,0,0.0,0.0,0,0,0,0,0,0,0,0,0.0,0.0
m_4XI4Tz,2026-01-29,t_1L8FaD,Tigre,1,1,0,0,2,0,2,3,2.0,0.0,0,0,0,0,0,0,0,0,0.0,0.0
m_3ACZQ9,2026-02-02,t_1L8FaD,Tigre,1,1,0,0,2,0,2,3,2.0,0.0,1,0,1,0,1,1,0,1,1.0,1.0
m_0k3gzI,2026-02-07,t_1L8FaD,Tigre,2,2,0,0,5,1,4,6,2.5,0.5,1,0,1,0,1,1,0,1,1.0,1.0
m_1H9yMb,2026-02-12,t_1L8FaD,Tigre,2,2,0,0,5,1,4,6,2.5,0.5,2,1,1,0,5,2,3,4,2.5,1.0
m_10l4Ew,2026-02-22,t_1L8FaD,Tigre,3,3,0,0,6,1,5,9,2.0,0.3333333333333333,2,1,1,0,5,2,3,4,2.5,1.0
m_2dkzXZ,2026-02-25,t_1L8FaD,Tigre,3,3,0,0,6,1,5,9,2.0,0.3333333333333333,3,1,2,0,5,2,3,5,1.6666666666666667,0.6666666666666666
m_4QwFk6,2026-03-02,t_1L8FaD,Tigre,3,3,0,0,6,1,5,9,2.0,0.3333333333333333,4,1,2,1,6,4,2,5,1.5,1.0
m_4GHjNn,2026-03-10,t_1L8FaD,Tigre,4,3,1,0,8,3,5,10,2.0,0.75,4,1,2,1,6,4,2,5,1.5,1.0
m_2yIwhJ,2026-03-16,t_1L8FaD,Tigre,5,3,2,0,9,4,5,11,1.8,0.8,4,1,2,1,6,4,2,5,1.5,1.0
m_3Ol2iT,2026-03-21,t_1L8FaD,Tigre,5,2,3,0,8,5,3,9,1.6,1.0,4,1,2,1,6,4,2,5,1.5,1.0
m_41Dxbo,2026-04-02,t_1L8FaD,Tigre,5,2,3,0,8,5,3,9,1.6,1.0,5,1,2,2,6,5,1,5,1.2,1.0
m_19b0Rn,2026-04-12,t_1L8FaD,Tigre,5,1,3,1,5,6,-1,6,1.0,1.2,5,1,2,2,6,5,1,5,1.2,1.0
m_0QP5Eq,2026-04-21,t_1L8FaD,Tigre,5,1,3,1,5,6,-1,6,1.0,1.2,5,1,2,2,5,4,1,5,1.0,0.8
m_19Px84,2026-04-25,t_1L8FaD,Tigre,5,0,4,1,5,7,-2,4,1.0,1.4,5,1,2,2,5,4,1,5,1.0,0.8
m_0fdjQP,2026-05-03,t_1L8FaD,Tigre,5,0,4,1,5,7,-2,4,1.0,1.4,5,0,2,3,1,4,-3,2,0.2,0.8
m_2VlptL,2026-07-25,t_1L8FaD,Tigre,5,0,4,1,5,7,-2,4,1.0,1.4,5,0,2,3,2,5,-3,2,0.4,1.0
m_0afzlB,2026-08-01,t_1L8FaD,Tigre,5,0,4,1,5,7,-2,4,1.0,1.4,5,0,2,3,1,4,-3,2,0.2,0.8
m_147hOq,2026-08-06,t_1L8FaD,Tigre,5,0,4,1,5,7,-2,4,1.0,1.4,5,1,2,2,4,4,0,5,0.8,0.8
m_2VSaa1,2026-08-08,t_1L8FaD,Tigre,5,0,4,1,3,5,-2,4,0.6,1.0,5,1,2,2,4,4,0,5,0.8,0.8
m_0kIwxH,2026-08-15,t_1L8FaD,Tigre,5,1,3,1,3,4,-1,6,0.6,0.8,5,1,2,2,4,4,0,5,0.8,0.8
m_2k3hTY,2026-08-24,t_1L8FaD,Tigre,5,1,3,1,3,4,-1,6,0.6,0.8,5,1,2,2,4,4,0,5,0.8,0.8
m_2eHqO4,2026-09-01,t_1L8FaD,Tigre,5,2,2,1,4,4,0,8,0.8,0.8,5,1,2,2,4,4,0,5,0.8,0.8
m_2MnXyo,2026-09-05,t_1L8FaD,Tigre,5,2,3,0,4,2,2,9,0.8,0.4,5,1,2,2,4,4,0,5,0.8,0.8
m_2UjMTH,2026-09-13,t_1L8FaD,Tigre,5,2,3,0,4,2,2,9,0.8,0.4,5,1,2,2,5,5,0,5,1.0,1.0
m_2wEu9K,2026-01-23,t_1QqhS7,San Lorenzo,0,0,0,0,0,0,0,0,0.0,0.0,0,0,0,0,0,0,0,0,0.0,0.0
m_14jWEQ,2026-01-27,t_1QqhS7,San Lorenzo,1,0,0,1,2,3,-1,0,2.0,3.0,0,0,0,0,0,0,0,0,0.0,0.0
m_4SzUty,2026-01-31,t_1QqhS7,San Lorenzo,1,0,0,1,2,3,-1,0,2.0,3.0,1,1,0,0,1,0,1,3,1.0,0.0
m_4PxDme,2026-02-08,t_1QqhS7,San Lorenzo,2,1,0,1,3,3,0,3,1.5,1.5,1,1,0,0,1,0,1,3,1.0,0.0
m_0TuvMr,2026-02-14,t_1QqhS7,San Lorenzo,2,1,0,1,3,3,0,3,1.5,1.5,2,1,0,1,1,1,0,3,0.5,0.5
m_48r2a7,2026-02-22,t_1QqhS7,San Lorenzo,2,1,0,1,3,3,0,3,1.5,1.5,3,1,1,1,1,1,0,4,0.3333333333333333,0.3333333333333333
m_2YNGA5,2026-02-24,t_1QqhS7,San Lorenzo,3,2,0,1,5,3,2,6,1.6666666666666667,1.0,3,1,1,1,1,1,0,4,0.3333333333333333,0.3333333333333333
m_3CjTLG,2026-03-01,t_1QqhS7,San Lorenzo,4,2,1,1,6,4,2,7,1.5,1.0,3,1,1,1,1,1,0,4,0.3333333333333333,0.3333333333333333
m_0EJRQi,2026-03-11,t_1QqhS7,San Lorenzo,4,2,1,1,6,4,2,7,1.5,1.0,4,1,2,1,1,1,0,5,0.25,0.25
m_2pi43m,2026-03-16,t_1QqhS7,San Lorenzo,4,2,1,1,6,4,2,7,1.5,1.0,5,1,3,1,2,2,0,6,0.4,0.4
m_0idF82,2026-03-25,t_1QqhS7,San Lorenzo,5,2,1,2,8,9,-1,7,1.6,1.8,5,1,3,1,2,2,0,6,0.4,0.4
m_0IMWj8,2026-04-03,t_1QqhS7,San Lorenzo,5,2,1,2,8,9,-1,7,1.6,1.8,5,0,4,1,2,3,-1,4,0.4,0.6
m_1WEirs,2026-04-12,t_1QqhS7,San Lorenzo,5,3,1,1,7,6,1,10,1.4,1.2,5,0,4,1,2,3,-1,4,0.4,0.6
m_4X5YYv,2026-04-20,t_1QqhS7,San Lorenzo,5,3,1,1,7,6,1,10,1.4,1.2,5,0,5,0,2,2,0,5,0.4,0.4
m_41mY2k,2026-04-25,t_1QqhS7,San Lorenzo,5,2,2,1,6,6,0,8,1.2,1.2,5,0,5,0,2,2,0,5,0.4,0.4
m_3CZXTq,2026-05-02,t_1QqhS7,San Lorenzo,5,2,2,1,6,6,0,8,1.2,1.2,5,1,4,0,3,2,1,7,0.6,0.4
m_21tO51,2026-05-10,t_1QqhS7,San Lorenzo,5,1,2,2,5,8,-3,5,1.0,1.6,5,1,4,0,3,2,1,7,0.6,0.4
m_1aviF3,2026-07-26,t_1QqhS7,San Lorenzo,5,1,2,2,5,8,-3,5,1.0,1.6,5,1,4,0,5,4,1,7,1.0,0.8
m_0SpGk1,2026-07-28,t_1QqhS7,San Lorenzo,5,1,2,2,5,8,-3,5,1.0,1.6,5,1,3,1,4,4,0,6,0.8,0.8
m_3lE8VM,2026-08-04,t_1QqhS7,San Lorenzo,5,2,1,2,5,7,-2,7,1.0,1.4,5,1,3,1,4,4,0,6,0.8,0.8
m_3Oow95,2026-08-09,t_1QqhS7,San Lorenzo,5,2,1,2,5,7,-2,7,1.0,1.4,5,1,2,2,3,4,-1,5,0.6,0.8
m_0CvxlD,2026-08-15,t_1QqhS7,San Lorenzo,5,2,1,2,3,4,-1,7,0.6,0.8,5,1,2,2,3,4,-1,5,0.6,0.8
m_3wtsgB,2026-08-21,t_1QqhS7,San Lorenzo,5,2,1,2,3,4,-1,7,0.6,0.8,5,1,2,2,3,4,-1,5,0.6,0.8
m_1YGhXX,2026-09-01,t_1QqhS7,San Lorenzo,5,2,1,2,3,4,-1,7,0.6,0.8,5,1,2,2,3,4,-1,5,0.6,0.8
m_2ImO5V,2026-09-05,t_1QqhS7,San Lorenzo,5,2,1,2,3,4,-1,7,0.6,0.8,5,0,2,3,2,5,-3,2,0.4,1.0
m_0XqwtQ,2026-09-13,t_1QqhS7,San Lorenzo,5,3,0,2,4,4,0,9,0.8,0.8,5,0,2,3,2,5,-3,2,0.4,1.0
m_1oH2tW,2026-01-23,t_1XZg6T,Independiente,0,0,0,0,0,0,0,0,0.0,0.0,0,0,0,0,0,0,0,0,0.0,0.0
m_1BPKXp,2026-01-28,t_1XZg6T,Independiente,1,0,1,0,1,1,0,1,1.0,1.0,0,0,0,0,0,0,0,0,0.0,0.0
m_1jdpKo,2026-01-31,t_1XZg6T,Independiente,1,0,1,0,1,1,0,1,1.0,1.0,1,0,1,0,1,1,0,1,1.0,1.0
m_4FfDiT,2026-02-08,t_1XZg6T,Independiente,2,0,2,0,2,2,0,2,1.0,1.0,1,0,1,0,1,1,0,1,1.0,1.0
m_4CCLV7,2026-02-13,t_1XZg6T,Independiente,2,0,2,0,2,2,0,2,1.0,1.0,2,1,1,0,2,1,1,4,1.0,0.5
m_49Gg2q,2026-02-21,t_1XZg6T,Independiente,3,1,2,0,4,2,2,5,1.3333333333333333,0.6666666666666666,2,1,1,0,2,1,1,4,1.0,0.5
m_4Hyhnt,2026-02-25,t_1XZg6T,Independiente,3,1,2,0,4,2,2,5,1.3333333333333333,0.6666666666666666,3,1,1,1,4,4,0,4,1.3333333333333333,1.3333333333333333
m_2FKyoL,2026-02-28,t_1XZg6T,Independiente,3,1,2,0,4,2,2,5,1.3333333333333333,0.6666666666666666,4,1,2,1,5,5,0,5,1.25,1.25
m_433Hpb,2026-03-10,t_1XZg6T,Independiente,4,2,2,0,6,2,4,8,1.5,0.5,4,1,2,1,5,5,0,5,1.25,1.25
m_4WxmC2,2026-03-17,t_1XZg6T,Independiente,5,2,3,0,10,6,4,9,2.0,1.2,4,1,2,1,5,5,0,5,1.25,1.25
m_41GmcC,2026-03-21,t_1XZg6T,Independiente,5,2,3,0,10,6,4,9,2.0,1.2,5,1,2,2,6,7,-1,5,1.2,1.4
m_3qEFO6,2026-04-04,t_1XZg6T,Independiente,5,2,2,1,10,7,3,8,2.0,1.4,5,1,2,2,6,7,-1,5,1.2,1.4
m_1uocnY,2026-04-11,t_1XZg6T,Independiente,5,3,1,1,10,6,4,10,2.0,1.2,5,1,2,2,6,7,-1,5,1.2,1.4
m_2qTx0J,2026-04-18,t_1XZg6T,Independiente,5,3,1,1,10,6,4,10,2.0,1.2,5,1,2,2,6,7,-1,5,1.2,1.4
m_0cJtQg,2026-04-24,t_1XZg6T,Independiente,5,3,1,1,11,7,4,10,2.2,1.4,5,1,2,2,6,7,-1,5,1.2,1.4
m_3CZXTq,2026-05-02,t_1XZg6T,Independiente,5,3,1,1,11,7,4,10,2.2,1.4,5,0,2,3,5,9,-4,2,1.0,1.8
m_2dZtBq,2026-05-10,t_1XZg6T,Independiente,5,3,1,1,11,7,4,10,2.2,1.4,5,1,2,2,5,7,-2,5,1.0,1.4
m_0smnBS,2026-07-26,t_1XZg6T,Independiente,5,3,1,1,11,7,4,10,2.2,1.4,5,1,1,3,5,9,-4,4,1.0,1.8
m_2tup6z,2026-07-31,t_1XZg6T,Independiente,5,3,1,1,11,7,4,10,2.2,1.4,5,2,1,2,6,7,-1,7,1.2,1.4
m_11WoiN,2026-08-09,t_1XZg6T,Independiente,5,3,1,1,10,7,3,10,2.0,1.4,5,2,1,2,6,7,-1,7,1.2,1.4
m_1E7Dux,2026-08-17,t_1XZg6T,Independiente,5,3,0,2,6,4,2,9,1.2,0.8,5,2,1,2,6,7,-1,7,1.2,1.4
m_2IoMcO,2026-08-22,t_1XZg6T,Independiente,5,3,0,2,6,4,2,9,1.2,0.8,5,3,0,2,8,7,1,9,1.6,1.4
m_14q45G,2026-08-30,t_1XZg6T,Independiente,5,3,1,1,5,2,3,10,1.0,0.4,5,3,0,2,8,7,1,9,1.6,1.4
m_1W1wwo,2026-09-06,t_1XZg6T,Independiente,5,2,1,2,4,5,-1,7,0.8,1.0,5,3,0,2,8,7,1,9,1.6,1.4
m_0XqwtQ,2026-09-13,t_1XZg6T,Independiente,5,2,1,2,4,5,-1,7,0.8,1.0,5,4,0,1,9,5,4,12,1.8,1.0
m_3gOUak,2026-01-26,t_1dhmUh,Estudiantes de Río Cuarto,0,0,0,0,0,0,0,0,0.0,0.0,0,0,0,0,0,0,0,0,0.0,0.0
m_1mw3rN,2026-01-30,t_1dhmUh,Estudiantes de Río Cuarto,0,0,0,0,0,0,0,0,0.0,0.0,1,0,0,1,0,2,-2,0,0.0,2.0
m_1P4cPw,2026-02-03,t_1dhmUh,Estudiantes de Río Cuarto,1,0,1,0,0,0,0,1,0.0,0.0,1,0,0,1,0,2,-2,0,0.0,2.0
m_3jKKF8,2026-02-10,t_1dhmUh,Estudiantes de Río Cuarto,1,0,1,0,0,0,0,1,0.0,0.0,2,0,0,2,1,4,-3,0,0.5,2.0
m_37CuJS,2026-02-15,t_1dhmUh,Estudiantes de Río Cuarto,2,0,1,1,0,1,-1,1,0.0,0.5,2,0,0,2,1,4,-3,0,0.5,2.0
m_48r2a7,2026-02-22,t_1dhmUh,Estudiantes de Río Cuarto,2,0,1,1,0,1,-1,1,0.0,0.5,3,0,0,3,1,8,-7,0,0.3333333333333333,2.6666666666666665
m_0JTPFi,2026-02-26,t_1dhmUh,Estudiantes de Río Cuarto,2,0,1,1,0,1,-1,1,0.0,0.5,4,0,0,4,1,10,-9,0,0.25,2.5
m_3B5PeK,2026-03-03,t_1dhmUh,Estudiantes de Río Cuarto,3,1,1,1,2,1,1,4,0.6666666666666666,0.3333333333333333,4,0,0,4,1,10,-9,0,0.25,2.5
m_3oaL0D,2026-03-12,t_1dhmUh,Estudiantes de Río Cuarto,3,1,1,1,2,1,1,4,0.6666666666666666,0.3333333333333333,5,0,0,5,1,11,-10,0,0.2,2.2
m_1jmmXo,2026-03-16,t_1dhmUh,Estudiantes de Río Cuarto,4,1,1,2,2,2,0,4,0.5,0.5,5,0,0,5,1,11,-10,0,0.2,2.2
m_38Dq9r,2026-03-22,t_1dhmUh,Estudiantes de Río Cuarto,4,1,1,2,2,2,0,4,0.5,0.5,5,0,0,5,1,11,-10,0,0.2,2.2
m_3pnBbL,2026-04-04,t_1dhmUh,Estudiantes de Río Cuarto,5,1,1,3,2,4,-2,4,0.4,0.8,5,0,0,5,1,11,-10,0,0.2,2.2
m_1VteVu,2026-04-12,t_1dhmUh,Estudiantes de Río Cuarto,5,1,1,3,2,4,-2,4,0.4,0.8,5,0,1,4,0,9,-9,1,0.0,1.8
m_2yMdi1,2026-04-18,t_1dhmUh,Estudiantes de Río Cuarto,5,1,0,4,3,6,-3,3,0.6,1.2,5,0,1,4,0,9,-9,1,0.0,1.8
m_4KqHL3,2026-04-24,t_1dhmUh,Estudiantes de Río Cuarto,5,1,0,4,3,6,-3,3,0.6,1.2,5,0,1,4,0,6,-6,1,0.0,1.2
m_1qqpJe,2026-05-05,t_1dhmUh,Estudiantes de Río Cuarto,5,1,0,4,4,7,-3,3,0.8,1.4,5,0,1,4,0,6,-6,1,0.0,1.2
m_2VlptL,2026-07-25,t_1dhmUh,Estudiantes de Río Cuarto,5,0,0,5,2,9,-7,0,0.4,1.8,5,0,1,4,0,6,-6,1,0.0,1.2
m_3zA6AY,2026-07-29,t_1dhmUh,Estudiantes de Río Cuarto,5,1,0,4,3,8,-5,3,0.6,1.6,5,0,1,4,0,6,-6,1,0.0,1.2
m_0OvFHa,2026-08-01,t_1dhmUh,Estudiantes de Río Cuarto,5,1,0,4,3,8,-5,3,0.6,1.6,5,0,1,4,0,7,-7,1,0.0,1.4
m_0eUxKc,2026-08-08,t_1dhmUh,Estudiantes de Río Cuarto,5,1,1,3,3,6,-3,4,0.6,1.2,5,0,1,4,0,7,-7,1,0.0,1.4
m_17RFeg,2026-08-17,t_1dhmUh,Estudiantes de Río Cuarto,5,1,1,3,3,6,-3,4,0.6,1.2,5,0,1,4,1,8,-7,1,0.2,1.6
m_3wtsgB,2026-08-21,t_1dhmUh,Estudiantes de Río Cuarto,5,1,1,3,2,5,-3,4,0.4,1.0,5,0,1,4,1,8,-7,1,0.2,1.6
m_0m7kON,2026-08-29,t_1dhmUh,Estudiantes de Río Cuarto,5,1,2,2,1,3,-2,5,0.2,0.6,5,0,1,4,1,8,-7,1,0.2,1.6
m_4fJmCv,2026-09-04,t_1dhmUh,Estudiantes de Río Cuarto,5,1,2,2,1,3,-2,5,0.2,0.6,5,0,2,3,2,7,-5,2,0.4,1.4
m_1qj0Vv,2026-09-15,t_1dhmUh,Estudiantes de Río Cuarto,5,1,2,2,1,3,-2,5,0.2,0.6,5,0,2,3,2,7,-5,2,0.4,1.4
m_47lc7V,2026-09-15,t_1dhmUh,Estudiantes de Río Cuarto,5,1,2,2,1,3,-2,5,0.2,0.6,5,0,1,4,3,9,-6,1,0.6,1.8
m_22Z8p0,2026-01-23,t_1g5yTJ,Gimnasia Mendoza,0,0,0,0,0,0,0,0,0.0,0.0,0,0,0,0,0,0,0,0,0.0,0.0
m_14jWEQ,2026-01-27,t_1g5yTJ,Gimnasia Mendoza,0,0,0,0,0,0,0,0,0.0,0.0,1,1,0,0,1,0,1,3,1.0,0.0
m_0Xzrp8,2026-02-03,t_1g5yTJ,Gimnasia Mendoza,1,0,0,1,0,1,-1,0,0.0,1.0,1,1,0,0,1,0,1,3,1.0,0.0
m_185FrI,2026-02-09,t_1g5yTJ,Gimnasia Mendoza,1,0,0,1,0,1,-1,0,0.0,1.0,2,1,0,1,1,4,-3,3,0.5,2.0
m_2a1a7F,2026-02-14,t_1g5yTJ,Gimnasia Mendoza,2,1,0,1,1,1,0,3,0.5,0.5,2,1,0,1,1,4,-3,3,0.5,2.0
m_3TfM13,2026-02-21,t_1g5yTJ,Gimnasia Mendoza,2,1,0,1,1,1,0,3,0.5,0.5,3,1,0,2,2,6,-4,3,0.6666666666666666,2.0
m_4Hyhnt,2026-02-25,t_1g5yTJ,Gimnasia Mendoza,3,1,0,2,1,2,-1,3,0.3333333333333333,0.6666666666666666,3,1,0,2,2,6,-4,3,0.6666666666666666,2.0
m_3ZmoAF,2026-02-28,t_1g5yTJ,Gimnasia Mendoza,4,1,1,2,2,3,-1,4,0.5,0.75,3,1,0,2,2,6,-4,3,0.6666666666666666,2.0
m_2mbzIF,2026-03-12,t_1g5yTJ,Gimnasia Mendoza,4,1,1,2,2,3,-1,4,0.5,0.75,4,1,1,2,3,7,-4,4,0.75,1.75
m_2XIz1k,2026-03-18,t_1g5yTJ,Gimnasia Mendoza,4,1,1,2,2,3,-1,4,0.5,0.75,5,1,2,2,3,7,-4,5,0.6,1.4
m_2gIXlp,2026-03-21,t_1g5yTJ,Gimnasia Mendoza,5,1,1,3,3,5,-2,4,0.6,1.0,5,1,2,2,3,7,-4,5,0.6,1.4
m_1tC6eA,2026-04-03,t_1g5yTJ,Gimnasia Mendoza,5,1,1,3,3,5,-2,4,0.6,1.0,5,0,2,3,2,8,-6,2,0.4,1.6
m_4TG70M,2026-04-12,t_1g5yTJ,Gimnasia Mendoza,5,2,1,2,6,6,0,7,1.2,1.2,5,0,2,3,2,8,-6,2,0.4,1.6
m_2riSvt,2026-04-21,t_1g5yTJ,Gimnasia Mendoza,5,2,1,2,6,6,0,7,1.2,1.2,5,0,3,2,3,5,-2,3,0.6,1.0
m_1qQfO1,2026-04-26,t_1g5yTJ,Gimnasia Mendoza,5,2,1,2,6,6,0,7,1.2,1.2,5,0,3,2,3,5,-2,3,0.6,1.0
m_019qHk,2026-05-04,t_1g5yTJ,Gimnasia Mendoza,5,2,1,2,6,6,0,7,1.2,1.2,5,0,3,2,3,8,-5,3,0.6,1.6
m_3B1MqQ,2026-07-24,t_1g5yTJ,Gimnasia Mendoza,5,3,1,1,8,6,2,10,1.6,1.2,5,0,3,2,3,8,-5,3,0.6,1.6
m_0SpGk1,2026-07-28,t_1g5yTJ,Gimnasia Mendoza,5,4,0,1,8,5,3,12,1.6,1.0,5,0,3,2,3,8,-5,3,0.6,1.6
m_2WYe7B,2026-08-01,t_1g5yTJ,Gimnasia Mendoza,5,4,0,1,8,5,3,12,1.6,1.0,5,0,2,3,2,8,-6,2,0.4,1.6
m_3JpYQD,2026-08-09,t_1g5yTJ,Gimnasia Mendoza,5,5,0,0,9,3,6,15,1.8,0.6,5,0,2,3,2,8,-6,2,0.4,1.6
m_15Akee,2026-08-18,t_1g5yTJ,Gimnasia Mendoza,5,5,0,0,9,3,6,15,1.8,0.6,5,0,1,4,2,9,-7,1,0.4,1.8
m_4FtNTS,2026-08-22,t_1g5yTJ,Gimnasia Mendoza,5,5,0,0,9,2,7,15,1.8,0.4,5,0,1,4,2,9,-7,1,0.4,1.8
m_14q45G,2026-08-30,t_1g5yTJ,Gimnasia Mendoza,5,5,0,0,9,2,7,15,1.8,0.4,5,1,1,3,5,10,-5,4,1.0,2.0
m_4BLbJI,2026-09-05,t_1g5yTJ,Gimnasia Mendoza,5,5,0,0,9,2,7,15,1.8,0.4,5,2,0,3,7,9,-2,6,1.4,1.8
m_0v5efb,2026-09-11,t_1g5yTJ,Gimnasia Mendoza,5,4,1,0,10,4,6,13,2.0,0.8,5,2,0,3,7,9,-2,6,1.4,1.8
m_0pr0Dr,2026-01-25,t_1rEb7t,Rosario Central,0,0,0,0,0,0,0,0,0.0,0.0,0,0,0,0,0,0,0,0,0.0,0.0
m_0GrdJU,2026-01-28,t_1rEb7t,Rosario Central,1,0,0,1,1,2,-1,0,1.0,2.0,0,0,0,0,0,0,0,0,0.0,0.0
m_4aRjxN,2026-02-02,t_1rEb7t,Rosario Central,1,0,0,1,1,2,-1,0,1.0,2.0,1,1,0,0,2,1,1,3,2.0,1.0
m_0WCpY7,2026-02-07,t_1rEb7t,Rosario Central,2,0,1,1,1,2,-1,1,0.5,1.0,1,1,0,0,2,1,1,3,2.0,1.0
m_2HMWiS,2026-02-16,t_1rEb7t,Rosario Central,2,0,1,1,1,2,-1,1,0.5,1.0,2,1,1,0,3,2,1,4,1.5,1.0
m_2M8Y8t,2026-02-21,t_1rEb7t,Rosario Central,3,1,1,1,3,2,1,4,1.0,0.6666666666666666,2,1,1,0,3,2,1,4,1.5,1.0
m_1j8XKc,2026-02-25,t_1rEb7t,Rosario Central,4,1,1,2,3,3,0,4,0.75,0.75,2,1,1,0,3,2,1,4,1.5,1.0
m_2sHWPe,2026-03-01,t_1rEb7t,Rosario Central,4,1,1,2,3,3,0,4,0.75,0.75,3,2,1,0,5,3,2,7,1.6666666666666667,1.0
m_1WKjOD,2026-03-11,t_1rEb7t,Rosario Central,4,1,1,2,3,3,0,4,0.75,0.75,4,3,1,0,7,3,4,10,1.75,0.75
m_0FP8kh,2026-03-15,t_1rEb7t,Rosario Central,4,1,1,2,3,3,0,4,0.75,0.75,5,3,2,0,7,3,4,11,1.4,0.6
m_3SxiDH,2026-03-23,t_1rEb7t,Rosario Central,5,2,1,2,5,4,1,7,1.0,0.8,5,3,2,0,7,3,4,11,1.4,0.6
m_0QgN6d,2026-04-05,t_1rEb7t,Rosario Central,5,2,1,2,5,4,1,7,1.0,0.8,5,2,2,1,5,4,1,8,1.0,0.8
m_19wJgg,2026-04-12,t_1rEb7t,Rosario Central,5,3,1,1,6,3,3,10,1.2,0.6,5,2,2,1,5,4,1,8,1.0,0.8
m_2AINHd,2026-04-19,t_1rEb7t,Rosario Central,5,3,1,1,6,3,3,10,1.2,0.6,5,2,1,2,5,6,-1,7,1.0,1.2
m_4KqHL3,2026-04-24,t_1rEb7t,Rosario Central,5,4,0,1,8,4,4,12,1.6,0.8,5,2,1,2,5,6,-1,7,1.0,1.2
m_0fdjQP,2026-05-03,t_1rEb7t,Rosario Central,5,4,0,1,8,4,4,12,1.6,0.8,5,2,1,2,5,6,-1,7,1.0,1.2
m_2dZtBq,2026-05-10,t_1rEb7t,Rosario Central,5,3,1,1,7,5,2,10,1.4,1.0,5,2,1,2,5,6,-1,7,1.0,1.2
m_4SVLwu,2026-05-13,t_1rEb7t,Rosario Central,5,4,1,0,10,5,5,13,2.0,1.0,5,2,1,2,5,6,-1,7,1.0,1.2
m_211adJ,2026-05-16,t_1rEb7t,Rosario Central,5,4,1,0,10,5,5,13,2.0,1.0,5,2,1,2,5,6,-1,7,1.0,1.2
m_3h9ajC,2026-07-23,t_1rEb7t,Rosario Central,5,4,1,0,10,5,5,13,2.0,1.0,5,1,1,3,3,7,-4,4,0.6,1.4
m_1YnVax,2026-07-29,t_1rEb7t,Rosario Central,5,4,1,0,10,5,5,13,2.0,1.0,5,1,0,4,4,9,-5,3,0.8,1.8
m_4JNnXO,2026-08-02,t_1rEb7t,Rosario Central,5,3,2,0,8,4,4,11,1.6,0.8,5,1,0,4,4,9,-5,3,0.8,1.8
m_4HTpja,2026-08-07,t_1rEb7t,Rosario Central,5,3,2,0,8,4,4,11,1.6,0.8,5,2,0,3,5,7,-2,6,1.0,1.4
m_48fWBj,2026-08-17,t_1rEb7t,Rosario Central,5,3,2,0,8,4,4,11,1.6,0.8,5,2,0,3,5,7,-2,6,1.0,1.4
m_2LhyO1,2026-08-25,t_1rEb7t,Rosario Central,5,3,2,0,8,4,4,11,1.6,0.8,5,3,0,2,5,4,1,9,1.0,0.8
m_4bNncf,2026-08-29,t_1rEb7t,Rosario Central,5,3,2,0,8,4,4,11,1.6,0.8,5,2,1,2,5,5,0,7,1.0,1.0
m_0Ksq5j,2026-09-06,t_1rEb7t,Rosario Central,5,3,1,1,8,5,3,10,1.6,1.0,5,2,1,2,5,5,0,7,1.0,1.0
m_2UjMTH,2026-09-13,t_1rEb7t,Rosario Central,5,2,2,1,6,5,1,8,1.2,1.0,5,2,1,2,5,5,0,7,1.0,1.0
m_0pr0Dr,2026-01-25,t_2Ba0sx,Belgrano,0,0,0,0,0,0,0,0,0.0,0.0,0,0,0,0,0,0,0,0,0.0,0.0
m_4XI4Tz,2026-01-29,t_2Ba0sx,Belgrano,0,0,0,0,0,0,0,0,0.0,0.0,1,1,0,0,2,1,1,3,2.0,1.0
m_0ks99k,2026-02-03,t_2Ba0sx,Belgrano,1,0,1,0,1,1,0,1,1.0,1.0,1,1,0,0,2,1,1,3,2.0,1.0
m_2MVqzf,2026-02-08,t_2Ba0sx,Belgrano,1,0,1,0,1,1,0,1,1.0,1.0,2,1,1,0,2,1,1,4,1.0,0.5
m_4RVX9V,2026-02-15,t_2Ba0sx,Belgrano,2,1,1,0,2,1,1,4,1.0,0.5,2,1,1,0,2,1,1,4,1.0,0.5
m_16ojkM,2026-02-20,t_2Ba0sx,Belgrano,2,1,1,0,2,1,1,4,1.0,0.5,3,2,1,0,3,1,2,7,1.0,0.3333333333333333
m_4GDLN6,2026-02-25,t_2Ba0sx,Belgrano,2,1,1,0,2,1,1,4,1.0,0.5,4,2,2,0,4,2,2,8,1.0,0.5
m_2obGmX,2026-03-03,t_2Ba0sx,Belgrano,3,2,1,0,5,2,3,7,1.6666666666666667,0.6666666666666666,4,2,2,0,4,2,2,8,1.0,0.5
m_3oaL0D,2026-03-12,t_2Ba0sx,Belgrano,3,2,1,0,5,2,3,7,1.6666666666666667,0.6666666666666666,5,2,2,1,5,5,0,8,1.0,1.0
m_3W9CKi,2026-03-15,t_2Ba0sx,Belgrano,3,2,1,0,5,2,3,7,1.6666666666666667,0.6666666666666666,5,2,2,1,4,4,0,8,0.8,0.8
m_3rFQnJ,2026-03-22,t_2Ba0sx,Belgrano,4,2,2,0,5,2,3,8,1.25,0.5,5,2,2,1,4,4,0,8,0.8,0.8
m_0X7bQS,2026-04-05,t_2Ba0sx,Belgrano,5,2,2,1,6,4,2,8,1.2,0.8,5,2,2,1,4,4,0,8,0.8,0.8
m_4OXsD0,2026-04-11,t_2Ba0sx,Belgrano,5,2,2,1,6,4,2,8,1.2,0.8,5,2,1,2,4,7,-3,7,0.8,1.4
m_0HO7em,2026-04-20,t_2Ba0sx,Belgrano,5,3,1,1,6,3,3,10,1.2,0.6,5,2,1,2,4,7,-3,7,0.8,1.4
m_3Xoqfp,2026-04-26,t_2Ba0sx,Belgrano,5,3,1,1,6,3,3,10,1.2,0.6,5,1,2,2,3,7,-4,5,0.6,1.4
m_2RNEop,2026-05-03,t_2Ba0sx,Belgrano,5,2,1,2,5,4,1,7,1.0,0.8,5,1,2,2,3,7,-4,5,0.6,1.4
m_3c05ZH,2026-05-09,t_2Ba0sx,Belgrano,5,2,1,2,6,3,3,7,1.2,0.6,5,1,2,2,3,7,-4,5,0.6,1.4
m_0yhLBE,2026-05-12,t_2Ba0sx,Belgrano,5,2,1,2,6,3,3,7,1.2,0.6,5,2,1,2,3,6,-3,7,0.6,1.2
m_0JyeiC,2026-05-17,t_2Ba0sx,Belgrano,5,3,0,2,8,3,5,9,1.6,0.6,5,2,1,2,3,6,-3,7,0.6,1.2
m_25ZLbm,2026-05-24,t_2Ba0sx,Belgrano,5,3,0,2,8,3,5,9,1.6,0.6,5,2,2,1,3,4,-1,8,0.6,0.8
m_3h9ajC,2026-07-23,t_2Ba0sx,Belgrano,5,3,0,2,8,3,5,9,1.6,0.6,5,2,2,1,5,6,-1,8,1.0,1.2
m_1cKmol,2026-08-01,t_2Ba0sx,Belgrano,5,4,0,1,9,2,7,12,1.8,0.4,5,2,2,1,5,6,-1,8,1.0,1.2
m_147hOq,2026-08-06,t_2Ba0sx,Belgrano,5,3,0,2,8,3,5,9,1.6,0.6,5,2,2,1,5,6,-1,8,1.0,1.2
m_2ckNSG,2026-08-10,t_2Ba0sx,Belgrano,5,3,0,2,8,3,5,9,1.6,0.6,5,2,3,0,5,3,2,9,1.0,0.6
m_2rJ3SG,2026-08-15,t_2Ba0sx,Belgrano,5,3,0,2,8,3,5,9,1.6,0.6,5,3,2,0,7,3,4,11,1.4,0.6
m_4Llsds,2026-08-23,t_2Ba0sx,Belgrano,5,4,0,1,10,2,8,12,2.0,0.4,5,3,2,0,7,3,4,11,1.4,0.6
m_02m9E0,2026-08-30,t_2Ba0sx,Belgrano,5,3,0,2,7,4,3,9,1.4,0.8,5,3,2,0,7,3,4,11,1.4,0.6
m_1hvbqC,2026-09-04,t_2Ba0sx,Belgrano,5,3,0,2,7,4,3,9,1.4,0.8,5,2,3,0,6,3,3,9,1.2,0.6
m_0ZigWJ,2026-09-13,t_2Ba0sx,Belgrano,5,2,1,2,6,5,1,7,1.2,1.0,5,2,3,0,6,3,3,9,1.2,0.6
m_22Z8p0,2026-01-23,t_2M7cot,Central Córdoba de Santiago,0,0,0,0,0,0,0,0,0.0,0.0,0,0,0,0,0,0,0,0,0.0,0.0
m_2XR10W,2026-01-28,t_2M7cot,Central Córdoba de Santiago,1,0,0,1,0,1,-1,0,0.0,1.0,0,0,0,0,0,0,0,0,0.0,0.0
m_4SzUty,2026-01-31,t_2M7cot,Central Córdoba de Santiago,1,0,0,1,0,1,-1,0,0.0,1.0,1,0,1,0,0,0,0,1,0.0,0.0
m_0ofblh,2026-02-07,t_2M7cot,Central Córdoba de Santiago,1,0,0,1,0,1,-1,0,0.0,1.0,2,0,1,1,0,1,-1,1,0.0,0.5
m_3C7F2J,2026-02-16,t_2M7cot,Central Córdoba de Santiago,2,1,0,1,1,1,0,3,0.5,0.5,2,0,1,1,0,1,-1,1,0.0,0.5
m_10l4Ew,2026-02-22,t_2M7cot,Central Córdoba de Santiago,2,1,0,1,1,1,0,3,0.5,0.5,3,0,1,2,0,3,-3,1,0.0,1.0
m_42bvJB,2026-02-24,t_2M7cot,Central Córdoba de Santiago,3,1,1,1,1,1,0,4,0.3333333333333333,0.3333333333333333,3,0,1,2,0,3,-3,1,0.0,1.0
m_2FKyoL,2026-02-28,t_2M7cot,Central Córdoba de Santiago,4,2,1,1,3,1,2,7,0.75,0.25,3,0,1,2,0,3,-3,1,0.0,1.0
m_3FHq0X,2026-03-12,t_2M7cot,Central Córdoba de Santiago,4,2,1,1,3,1,2,7,0.75,0.25,4,0,1,3,0,5,-5,1,0.0,1.25
m_1JvU76,2026-03-18,t_2M7cot,Central Córdoba de Santiago,4,2,1,1,3,1,2,7,0.75,0.25,5,0,2,3,1,6,-5,2,0.2,1.2
m_0d5xg9,2026-03-23,t_2M7cot,Central Córdoba de Santiago,5,3,1,1,4,1,3,10,0.8,0.2,5,0,2,3,1,6,-5,2,0.2,1.2
m_0S9hu2,2026-04-05,t_2M7cot,Central Córdoba de Santiago,5,3,1,1,4,1,3,10,0.8,0.2,5,0,1,4,1,11,-10,1,0.2,2.2
m_2wfcAu,2026-04-14,t_2M7cot,Central Córdoba de Santiago,5,3,1,1,5,3,2,10,1.0,0.6,5,0,1,4,1,11,-10,1,0.2,2.2
m_3YFLQO,2026-04-20,t_2M7cot,Central Córdoba de Santiago,5,3,1,1,5,3,2,10,1.0,0.6,5,0,1,4,1,11,-10,1,0.2,2.2
m_3JTbLz,2026-04-24,t_2M7cot,Central Córdoba de Santiago,5,3,1,1,8,6,2,10,1.6,1.2,5,0,1,4,1,11,-10,1,0.2,2.2
m_3crdvk,2026-05-02,t_2M7cot,Central Córdoba de Santiago,5,3,1,1,8,6,2,10,1.6,1.2,5,0,2,3,1,9,-8,2,0.2,1.8
m_3B1MqQ,2026-07-24,t_2M7cot,Central Córdoba de Santiago,5,3,0,2,9,8,1,9,1.8,1.6,5,0,2,3,1,9,-8,2,0.2,1.8
m_4Qe3bh,2026-07-31,t_2M7cot,Central Córdoba de Santiago,5,3,0,2,9,8,1,9,1.8,1.6,5,0,2,3,1,8,-7,2,0.2,1.6
m_3lE8VM,2026-08-04,t_2M7cot,Central Córdoba de Santiago,5,2,0,3,7,10,-3,6,1.4,2.0,5,0,2,3,1,8,-7,2,0.2,1.6
m_23LFB9,2026-08-11,t_2M7cot,Central Córdoba de Santiago,5,2,0,3,7,10,-3,6,1.4,2.0,5,0,2,3,1,8,-7,2,0.2,1.6
m_4XvVEn,2026-08-16,t_2M7cot,Central Córdoba de Santiago,5,2,0,3,7,10,-3,6,1.4,2.0,5,1,1,3,2,8,-6,4,0.4,1.6
m_2k3hTY,2026-08-24,t_2M7cot,Central Córdoba de Santiago,5,2,0,3,6,8,-2,6,1.2,1.6,5,1,1,3,2,8,-6,4,0.4,1.6
m_38lyOU,2026-08-30,t_2M7cot,Central Córdoba de Santiago,5,2,0,3,6,8,-2,6,1.2,1.6,5,1,1,3,3,5,-2,4,0.6,1.0
m_1W1wwo,2026-09-06,t_2M7cot,Central Córdoba de Santiago,5,2,0,3,6,8,-2,6,1.2,1.6,5,1,2,2,3,4,-1,5,0.6,0.8
m_2HZGss,2026-09-12,t_2M7cot,Central Córdoba de Santiago,5,1,0,4,2,6,-4,3,0.4,1.2,5,1,2,2,3,4,-1,5,0.6,0.8
m_0U6amu,2026-01-24,t_2RmaMX,Racing Club,0,0,0,0,0,0,0,0,0.0,0.0,0,0,0,0,0,0,0,0,0.0,0.0
m_0GrdJU,2026-01-28,t_2RmaMX,Racing Club,0,0,0,0,0,0,0,0,0.0,0.0,1,0,0,1,1,2,-1,0,1.0,2.0
m_3ACZQ9,2026-02-02,t_2RmaMX,Racing Club,1,0,0,1,1,2,-1,0,1.0,2.0,1,0,0,1,1,2,-1,0,1.0,2.0
m_21nAGO,2026-02-07,t_2RmaMX,Racing Club,1,0,0,1,1,2,-1,0,1.0,2.0,2,0,0,2,2,5,-3,0,1.0,2.5
m_3g6NsD,2026-02-14,t_2RmaMX,Racing Club,2,1,0,1,3,3,0,3,1.5,1.5,2,0,0,2,2,5,-3,0,1.0,2.5
m_0WMvJY,2026-02-20,t_2RmaMX,Racing Club,2,1,0,1,3,3,0,3,1.5,1.5,3,1,0,2,4,5,-1,3,1.3333333333333333,1.6666666666666667
m_2ASJLP,2026-02-26,t_2RmaMX,Racing Club,2,1,0,1,3,3,0,3,1.5,1.5,4,1,1,2,4,5,-1,4,1.0,1.25
m_1DDmUV,2026-03-04,t_2RmaMX,Racing Club,3,1,1,1,4,4,0,4,1.3333333333333333,1.3333333333333333,4,1,1,2,4,5,-1,4,1.0,1.25
m_1vnmx3,2026-03-11,t_2RmaMX,Racing Club,3,1,1,1,4,4,0,4,1.3333333333333333,1.3333333333333333,5,2,1,2,7,5,2,7,1.4,1.0
m_1jmmXo,2026-03-16,t_2RmaMX,Racing Club,3,1,1,1,4,4,0,4,1.3333333333333333,1.3333333333333333,5,2,2,1,6,3,3,8,1.2,0.6
m_3rFQnJ,2026-03-22,t_2RmaMX,Racing Club,4,2,1,1,6,4,2,7,1.5,1.0,5,2,2,1,6,3,3,8,1.2,0.6
m_3qEFO6,2026-04-04,t_2RmaMX,Racing Club,4,2,1,1,6,4,2,7,1.5,1.0,5,3,2,0,7,1,6,11,1.4,0.2
m_3RgxwY,2026-04-12,t_2RmaMX,Racing Club,4,2,1,1,6,4,2,7,1.5,1.0,5,2,2,1,5,2,3,8,1.0,0.4
m_3XlvKO,2026-04-19,t_2RmaMX,Racing Club,5,2,1,2,6,6,0,7,1.2,1.2,5,2,2,1,5,2,3,8,1.0,0.4
m_3vfFEs,2026-04-25,t_2RmaMX,Racing Club,5,2,1,2,6,6,0,7,1.2,1.2,5,2,2,1,6,3,3,8,1.2,0.6
m_4ODmAi,2026-05-03,t_2RmaMX,Racing Club,5,2,2,1,6,5,1,8,1.2,1.0,5,2,2,1,6,3,3,8,1.2,0.6
m_3vjLig,2026-05-10,t_2RmaMX,Racing Club,5,1,3,1,4,4,0,6,0.8,0.8,5,2,2,1,6,3,3,8,1.2,0.6
m_4SVLwu,2026-05-13,t_2RmaMX,Racing Club,5,1,3,1,4,4,0,6,0.8,0.8,5,2,2,1,4,3,1,8,0.8,0.6
m_1P4GDL,2026-07-24,t_2RmaMX,Racing Club,5,1,3,1,4,4,0,6,0.8,0.8,5,2,1,2,5,5,0,7,1.0,1.0
m_1YnVax,2026-07-29,t_2RmaMX,Racing Club,5,2,2,1,5,4,1,8,1.0,0.8,5,2,1,2,5,5,0,7,1.0,1.0
m_0afzlB,2026-08-01,t_2RmaMX,Racing Club,5,2,2,1,5,4,1,8,1.0,0.8,5,1,2,2,3,4,-1,5,0.6,0.8
m_3HhWIs,2026-08-09,t_2RmaMX,Racing Club,5,1,2,2,4,7,-3,5,0.8,1.4,5,1,2,2,3,4,-1,5,0.6,0.8
m_0M3QLL,2026-08-14,t_2RmaMX,Racing Club,5,1,2,2,4,7,-3,5,0.8,1.4,5,1,2,2,4,5,-1,5,0.8,1.0
m_0kNt0b,2026-08-24,t_2RmaMX,Racing Club,5,1,2,2,4,6,-2,5,0.8,1.2,5,1,2,2,4,5,-1,5,0.8,1.0
m_3p9B98,2026-08-31,t_2RmaMX,Racing Club,5,1,2,2,4,6,-2,5,0.8,1.2,5,1,2,2,4,5,-1,5,0.8,1.0
m_3Sp87a,2026-09-07,t_2RmaMX,Racing Club,5,1,2,2,4,6,-2,5,0.8,1.2,5,1,1,3,4,7,-3,4,0.8,1.4
m_1jSOwn,2026-09-14,t_2RmaMX,Racing Club,5,1,1,3,5,8,-3,4,1.0,1.6,5,1,1,3,4,7,-3,4,0.8,1.4
m_3n69Oa,2026-09-14,t_2RmaMX,Racing Club,5,1,1,3,5,8,-3,4,1.0,1.6,5,0,1,4,4,9,-5,1,0.8,1.8
m_3Ky5pe,2026-01-22,t_2Swqmw,Club Atlético Platense,0,0,0,0,0,0,0,0,0.0,0.0,0,0,0,0,0,0,0,0,0.0,0.0
m_1tV17s,2026-01-26,t_2Swqmw,Club Atlético Platense,0,0,0,0,0,0,0,0,0.0,0.0,1,0,1,0,0,0,0,1,0.0,0.0
m_2citFn,2026-02-01,t_2Swqmw,Club Atlético Platense,1,1,0,0,2,1,1,3,2.0,1.0,1,0,1,0,0,0,0,1,0.0,0.0
m_4FfDiT,2026-02-08,t_2Swqmw,Club Atlético Platense,1,1,0,0,2,1,1,3,2.0,1.0,2,1,1,0,2,1,1,4,1.0,0.5
m_31Xzsf,2026-02-15,t_2Swqmw,Club Atlético Platense,2,1,0,1,2,2,0,3,1.0,1.0,2,1,1,0,2,1,1,4,1.0,0.5
m_13pMsz,2026-02-21,t_2Swqmw,Club Atlético Platense,2,1,0,1,2,2,0,3,1.0,1.0,3,1,2,0,2,1,1,5,0.6666666666666666,0.3333333333333333
m_1pWCHs,2026-02-24,t_2Swqmw,Club Atlético Platense,3,2,0,1,3,2,1,6,1.0,0.6666666666666666,3,1,2,0,2,1,1,5,0.6666666666666666,0.3333333333333333
m_2hRZh7,2026-03-02,t_2Swqmw,Club Atlético Platense,4,2,1,1,3,2,1,7,0.75,0.5,3,1,2,0,2,1,1,5,0.6666666666666666,0.3333333333333333
m_0njgmB,2026-03-11,t_2Swqmw,Club Atlético Platense,4,2,1,1,3,2,1,7,0.75,0.5,4,1,3,0,2,1,1,6,0.5,0.25
m_3WrGF3,2026-03-14,t_2Swqmw,Club Atlético Platense,4,2,1,1,3,2,1,7,0.75,0.5,5,1,4,0,3,2,1,7,0.6,0.4
m_1Y4U8l,2026-03-23,t_2Swqmw,Club Atlético Platense,5,2,1,2,3,4,-1,7,0.6,0.8,5,1,4,0,3,2,1,7,0.6,0.4
m_4fH8lA,2026-04-01,t_2Swqmw,Club Atlético Platense,5,2,1,2,3,4,-1,7,0.6,0.8,5,1,3,1,3,3,0,6,0.6,0.6
m_4TG70M,2026-04-12,t_2Swqmw,Club Atlético Platense,5,2,1,2,3,4,-1,7,0.6,0.8,5,0,4,1,1,2,-1,4,0.2,0.4
m_3YFLQO,2026-04-20,t_2Swqmw,Club Atlético Platense,5,1,2,2,2,4,-2,5,0.4,0.8,5,0,4,1,1,2,-1,4,0.2,0.4
m_41mY2k,2026-04-25,t_2Swqmw,Club Atlético Platense,5,1,2,2,2,4,-2,5,0.4,0.8,5,0,3,2,4,6,-2,3,0.8,1.2
m_3MBuhd,2026-05-03,t_2Swqmw,Club Atlético Platense,5,1,2,2,2,4,-2,5,0.4,0.8,5,0,3,2,4,6,-2,3,0.8,1.2
m_3A4OqU,2026-07-25,t_2Swqmw,Club Atlético Platense,5,0,2,3,1,6,-5,2,0.2,1.2,5,0,3,2,4,6,-2,3,0.8,1.2
m_1WfN4f,2026-07-30,t_2Swqmw,Club Atlético Platense,5,0,2,3,3,8,-5,2,0.6,1.6,5,0,3,2,4,6,-2,3,0.8,1.2
m_11WoiN,2026-08-09,t_2Swqmw,Club Atlético Platense,5,0,2,3,3,8,-5,2,0.6,1.6,5,0,2,3,5,8,-3,2,1.0,1.6
m_07PgTk,2026-08-16,t_2Swqmw,Club Atlético Platense,5,0,2,3,3,8,-5,2,0.6,1.6,5,1,1,3,5,7,-2,4,1.0,1.4
m_4IdcNi,2026-08-23,t_2Swqmw,Club Atlético Platense,5,0,3,2,4,7,-3,3,0.8,1.4,5,1,1,3,5,7,-2,4,1.0,1.4
m_300q44,2026-08-31,t_2Swqmw,Club Atlético Platense,5,0,3,2,4,7,-3,3,0.8,1.4,5,2,1,2,7,7,0,7,1.4,1.4
m_08AJGA,2026-09-04,t_2Swqmw,Club Atlético Platense,5,0,3,2,4,7,-3,3,0.8,1.4,5,2,0,3,7,8,-1,6,1.4,1.6
m_2iSmoq,2026-09-12,t_2Swqmw,Club Atlético Platense,5,0,3,2,4,7,-3,3,0.8,1.4,5,2,0,3,7,8,-1,6,1.4,1.6
m_1JjKsV,2026-01-23,t_2eRs85,Vélez Sarsfield,0,0,0,0,0,0,0,0,0.0,0.0,0,0,0,0,0,0,0,0,0.0,0.0
m_45TuR8,2026-01-27,t_2eRs85,Vélez Sarsfield,0,0,0,0,0,0,0,0,0.0,0.0,1,1,0,0,1,0,1,3,1.0,0.0
m_1jdpKo,2026-01-31,t_2eRs85,Vélez Sarsfield,1,1,0,0,2,1,1,3,2.0,1.0,1,1,0,0,1,0,1,3,1.0,0.0
m_14fRnJ,2026-02-09,t_2eRs85,Vélez Sarsfield,1,1,0,0,2,1,1,3,2.0,1.0,2,1,1,0,2,1,1,4,1.0,0.5
m_0Wq4zM,2026-02-14,t_2eRs85,Vélez Sarsfield,2,2,0,0,4,2,2,6,2.0,1.0,2,1,1,0,2,1,1,4,1.0,0.5
m_4JeqYL,2026-02-22,t_2eRs85,Vélez Sarsfield,2,2,0,0,4,2,2,6,2.0,1.0,3,1,2,0,3,2,1,5,1.0,0.6666666666666666
m_0rdClw,2026-02-25,t_2eRs85,Vélez Sarsfield,3,3,0,0,5,2,3,9,1.6666666666666667,0.6666666666666666,3,1,2,0,3,2,1,5,1.0,0.6666666666666666
m_3WwAlG,2026-03-02,t_2eRs85,Vélez Sarsfield,4,3,1,0,5,2,3,10,1.25,0.5,3,1,2,0,3,2,1,5,1.0,0.6666666666666666
m_4GHjNn,2026-03-10,t_2eRs85,Vélez Sarsfield,4,3,1,0,5,2,3,10,1.25,0.5,4,2,2,0,4,2,2,8,1.0,0.5
m_3WrGF3,2026-03-14,t_2eRs85,Vélez Sarsfield,4,3,1,0,5,2,3,10,1.25,0.5,5,2,3,0,5,3,2,9,1.0,0.6
m_1CaySw,2026-03-21,t_2eRs85,Vélez Sarsfield,4,3,1,0,5,2,3,10,1.25,0.5,5,2,3,0,6,3,3,9,1.2,0.6
m_1tC6eA,2026-04-03,t_2eRs85,Vélez Sarsfield,5,3,1,1,5,3,2,10,1.0,0.6,5,2,3,0,6,3,3,9,1.2,0.6
m_2wfcAu,2026-04-14,t_2eRs85,Vélez Sarsfield,5,3,1,1,5,3,2,10,1.0,0.6,5,2,2,1,7,5,2,8,1.4,1.0
m_4X5YYv,2026-04-20,t_2eRs85,Vélez Sarsfield,5,3,1,1,4,2,2,10,0.8,0.4,5,2,2,1,7,5,2,8,1.4,1.0
m_3JhiqO,2026-04-27,t_2eRs85,Vélez Sarsfield,5,3,1,1,4,2,2,10,0.8,0.4,5,2,2,1,6,4,2,8,1.2,0.8
m_1P18Zr,2026-05-04,t_2eRs85,Vélez Sarsfield,5,2,2,1,4,3,1,8,0.8,0.6,5,2,2,1,6,4,2,8,1.2,0.8
m_4Cpvon,2026-05-11,t_2eRs85,Vélez Sarsfield,5,1,3,1,4,4,0,6,0.8,0.8,5,2,2,1,6,4,2,8,1.2,0.8
m_0xmq9N,2026-07-24,t_2eRs85,Vélez Sarsfield,5,1,2,2,4,5,-1,5,0.8,1.0,5,2,2,1,6,4,2,8,1.2,0.8
m_0OoV9x,2026-07-30,t_2eRs85,Vélez Sarsfield,5,2,2,1,5,4,1,8,1.0,0.8,5,2,2,1,6,4,2,8,1.2,0.8
m_4Ha0vK,2026-08-08,t_2eRs85,Vélez Sarsfield,5,2,2,1,5,4,1,8,1.0,0.8,5,2,2,1,8,5,3,8,1.6,1.0
m_43tFlq,2026-08-17,t_2eRs85,Vélez Sarsfield,5,2,2,1,5,4,1,8,1.0,0.8,5,2,2,1,8,5,3,8,1.6,1.0
m_4fjPIc,2026-08-23,t_2eRs85,Vélez Sarsfield,5,1,3,1,5,5,0,6,1.0,1.0,5,2,2,1,8,5,3,8,1.6,1.0
m_4bZ5kw,2026-08-29,t_2eRs85,Vélez Sarsfield,5,1,3,1,5,5,0,6,1.0,1.0,5,1,3,1,8,7,1,6,1.6,1.4
m_3kXmim,2026-09-06,t_2eRs85,Vélez Sarsfield,5,1,3,1,5,5,0,6,1.0,1.0,5,1,4,0,7,5,2,7,1.4,1.0
m_3tdQH8,2026-09-11,t_2eRs85,Vélez Sarsfield,5,2,2,1,4,3,1,8,0.8,0.6,5,1,4,0,7,5,2,7,1.4,1.0
m_4LyLYK,2026-01-22,t_2qXAzu,Huracán,0,0,0,0,0,0,0,0,0.0,0.0,0,0,0,0,0,0,0,0,0.0,0.0
m_2jeBEO,2026-01-27,t_2qXAzu,Huracán,0,0,0,0,0,0,0,0,0.0,0.0,1,0,1,0,1,1,0,1,1.0,1.0
m_3bjCVs,2026-02-01,t_2qXAzu,Huracán,1,0,0,1,1,2,-1,0,1.0,2.0,1,0,1,0,1,1,0,1,1.0,1.0
m_4PxDme,2026-02-08,t_2qXAzu,Huracán,1,0,0,1,1,2,-1,0,1.0,2.0,2,0,2,0,2,2,0,2,1.0,1.0
m_0cdzvY,2026-02-14,t_2qXAzu,Huracán,2,1,0,1,2,2,0,3,1.0,1.0,2,0,2,0,2,2,0,2,1.0,1.0
m_0aYpab,2026-02-21,t_2qXAzu,Huracán,3,2,0,1,3,2,1,6,1.0,0.6666666666666666,2,0,2,0,2,2,0,2,1.0,1.0
m_0JTPFi,2026-02-26,t_2qXAzu,Huracán,3,2,0,1,3,2,1,6,1.0,0.6666666666666666,3,0,3,0,2,2,0,3,0.6666666666666666,0.6666666666666666
m_2obGmX,2026-03-03,t_2qXAzu,Huracán,3,2,0,1,3,2,1,6,1.0,0.6666666666666666,4,0,3,1,2,4,-2,3,0.5,1.0
m_2e6Rvv,2026-03-13,t_2qXAzu,Huracán,4,3,0,1,6,3,3,9,1.5,0.75,4,0,3,1,2,4,-2,3,0.5,1.0
m_2vu8vn,2026-03-16,t_2qXAzu,Huracán,5,3,0,2,7,5,2,9,1.4,1.0,4,0,3,1,2,4,-2,3,0.5,1.0
m_1Klahn,2026-03-24,t_2qXAzu,Huracán,5,3,0,2,7,5,2,9,1.4,1.0,5,0,4,1,2,4,-2,4,0.4,0.8
m_2k76Cm,2026-04-05,t_2qXAzu,Huracán,5,3,1,1,6,3,3,10,1.2,0.6,5,0,4,1,2,4,-2,4,0.4,0.8
m_19wJgg,2026-04-12,t_2qXAzu,Huracán,5,3,1,1,6,3,3,10,1.2,0.6,5,1,3,1,4,3,1,6,0.8,0.6
m_0QP5Eq,2026-04-21,t_2qXAzu,Huracán,5,3,1,1,8,4,4,10,1.6,0.8,5,1,3,1,4,3,1,6,0.8,0.6
m_4Q9jVb,2026-04-28,t_2qXAzu,Huracán,5,3,1,1,8,4,4,10,1.6,0.8,5,1,3,1,4,3,1,6,0.8,0.6
m_4ODmAi,2026-05-03,t_2qXAzu,Huracán,5,2,1,2,8,6,2,7,1.6,1.2,5,1,3,1,4,3,1,6,0.8,0.6
m_0kTolw,2026-05-09,t_2qXAzu,Huracán,5,2,1,2,8,6,2,7,1.6,1.2,5,1,3,1,4,3,1,6,0.8,0.6
m_3CeTeZ,2026-05-13,t_2qXAzu,Huracán,5,2,1,2,8,6,2,7,1.6,1.2,5,2,3,0,7,3,4,9,1.4,0.6
m_19ZLfE,2026-07-25,t_2qXAzu,Huracán,5,2,1,2,8,6,2,7,1.6,1.2,5,2,2,1,7,4,3,8,1.4,0.8
m_4ZaB72,2026-07-30,t_2qXAzu,Huracán,5,2,1,2,6,5,1,7,1.2,1.0,5,2,2,1,7,4,3,8,1.4,0.8
m_0KKvFY,2026-08-04,t_2qXAzu,Huracán,5,2,1,2,6,5,1,7,1.2,1.0,5,1,2,2,5,6,-1,5,1.0,1.2
m_3Oow95,2026-08-09,t_2qXAzu,Huracán,5,2,2,1,5,3,2,8,1.0,0.6,5,1,2,2,5,6,-1,5,1.0,1.2
m_0VVZir,2026-08-16,t_2qXAzu,Huracán,5,2,2,1,5,3,2,8,1.0,0.6,5,2,1,2,6,5,1,7,1.2,1.0
m_3jpi32,2026-08-23,t_2qXAzu,Huracán,5,2,2,1,5,3,2,8,1.0,0.6,5,2,0,3,6,7,-1,6,1.2,1.4
m_0m7kON,2026-08-29,t_2qXAzu,Huracán,5,2,2,1,5,3,2,8,1.0,0.6,5,2,0,3,6,7,-1,6,1.2,1.4
m_1hvbqC,2026-09-04,t_2qXAzu,Huracán,5,1,3,1,3,3,0,6,0.6,0.6,5,2,0,3,6,7,-1,6,1.2,1.4
m_1jSOwn,2026-09-14,t_2qXAzu,Huracán,5,1,3,1,3,3,0,6,0.6,0.6,5,1,1,3,4,6,-2,4,0.8,1.2
m_3n69Oa,2026-09-14,t_2qXAzu,Huracán,5,2,3,0,4,2,2,9,0.8,0.4,5,1,1,3,4,6,-2,4,0.8,1.2
m_0MqdAY,2026-01-22,t_2rD0OF,Aldosivi,0,0,0,0,0,0,0,0,0.0,0.0,0,0,0,0,0,0,0,0,0.0,0.0
m_2kLUw0,2026-01-28,t_2rD0OF,Aldosivi,1,0,1,0,0,0,0,1,0.0,0.0,0,0,0,0,0,0,0,0,0.0,0.0
m_3OMXQ9,2026-02-02,t_2rD0OF,Aldosivi,2,0,2,0,0,0,0,2,0.0,0.0,0,0,0,0,0,0,0,0,0.0,0.0
m_0WCpY7,2026-02-07,t_2rD0OF,Aldosivi,2,0,2,0,0,0,0,2,0.0,0.0,1,0,0,1,1,3,-2,0,1.0,3.0
m_1H9yMb,2026-02-12,t_2rD0OF,Aldosivi,3,0,3,0,1,1,0,3,0.3333333333333333,0.3333333333333333,1,0,0,1,1,3,-2,0,1.0,3.0
m_4P2osf,2026-02-23,t_2rD0OF,Aldosivi,3,0,3,0,1,1,0,3,0.3333333333333333,0.3333333333333333,2,0,0,2,1,4,-3,0,0.5,2.0
m_0KBmAa,2026-03-03,t_2rD0OF,Aldosivi,3,0,3,0,1,1,0,3,0.3333333333333333,0.3333333333333333,3,0,0,3,1,5,-4,0,0.3333333333333333,1.6666666666666667
m_3yk8on,2026-03-12,t_2rD0OF,Aldosivi,3,0,3,0,1,1,0,3,0.3333333333333333,0.3333333333333333,4,0,0,4,1,7,-6,0,0.25,1.75
m_2vu8vn,2026-03-16,t_2rD0OF,Aldosivi,3,0,3,0,1,1,0,3,0.3333333333333333,0.3333333333333333,5,0,1,4,2,8,-6,1,0.4,1.6
m_49lsqf,2026-03-22,t_2rD0OF,Aldosivi,4,0,4,0,1,1,0,4,0.25,0.25,5,0,1,4,2,8,-6,1,0.4,1.6
m_3hUrMw,2026-03-31,t_2rD0OF,Aldosivi,4,0,4,0,1,1,0,4,0.25,0.25,5,0,1,4,1,7,-6,1,0.2,1.4
m_3pnBbL,2026-04-04,t_2rD0OF,Aldosivi,5,0,4,1,1,3,-2,4,0.2,0.6,5,0,1,4,1,7,-6,1,0.2,1.4
m_4OXsD0,2026-04-11,t_2rD0OF,Aldosivi,5,0,4,1,1,3,-2,4,0.2,0.6,5,0,1,4,1,7,-6,1,0.2,1.4
m_3XlvKO,2026-04-19,t_2rD0OF,Aldosivi,5,0,4,1,1,3,-2,4,0.2,0.6,5,0,1,4,1,7,-6,1,0.2,1.4
m_3Nkc9o,2026-04-26,t_2rD0OF,Aldosivi,5,0,4,1,2,4,-2,4,0.4,0.8,5,0,1,4,1,7,-6,1,0.2,1.4
m_3MfCw1,2026-05-03,t_2rD0OF,Aldosivi,5,0,4,1,2,4,-2,4,0.4,0.8,5,0,1,4,2,9,-7,1,0.4,1.8
m_4cBLTF,2026-07-24,t_2rD0OF,Aldosivi,5,0,4,1,2,4,-2,4,0.4,0.8,5,0,1,4,2,9,-7,1,0.4,1.8
m_03VPBd,2026-07-29,t_2rD0OF,Aldosivi,5,0,4,1,2,4,-2,4,0.4,0.8,5,0,2,3,3,8,-5,2,0.6,1.6
m_2GNnDW,2026-08-02,t_2rD0OF,Aldosivi,5,0,4,1,2,4,-2,4,0.4,0.8,5,0,1,4,2,8,-6,1,0.4,1.6
m_4HTpja,2026-08-07,t_2rD0OF,Aldosivi,5,0,3,2,3,6,-3,3,0.6,1.2,5,0,1,4,2,8,-6,1,0.4,1.6
m_0kIwxH,2026-08-15,t_2rD0OF,Aldosivi,5,0,3,2,3,6,-3,3,0.6,1.2,5,0,1,4,3,8,-5,1,0.6,1.6
m_4g29p2,2026-08-21,t_2rD0OF,Aldosivi,5,0,4,1,3,4,-1,4,0.6,0.8,5,0,1,4,3,8,-5,1,0.6,1.6
m_1B4lCI,2026-08-30,t_2rD0OF,Aldosivi,5,0,3,2,4,7,-3,3,0.8,1.4,5,0,1,4,3,8,-5,1,0.6,1.6
m_3GuLGz,2026-09-05,t_2rD0OF,Aldosivi,5,0,3,2,4,7,-3,3,0.8,1.4,5,0,1,4,4,9,-5,1,0.8,1.8
m_2lA7Wg,2026-09-12,t_2rD0OF,Aldosivi,5,1,2,2,6,7,-1,5,1.2,1.4,5,0,1,4,4,9,-5,1,0.8,1.8
m_1JjKsV,2026-01-23,t_2rXlDo,Instituto,0,0,0,0,0,0,0,0,0.0,0.0,0,0,0,0,0,0,0,0,0.0,0.0
m_1tV17s,2026-01-26,t_2rXlDo,Instituto,1,0,0,1,0,1,-1,0,0.0,1.0,0,0,0,0,0,0,0,0,0.0,0.0
m_4MfeT3,2026-02-04,t_2rXlDo,Instituto,1,0,0,1,0,1,-1,0,0.0,1.0,1,0,0,1,1,2,-1,0,1.0,2.0
m_185FrI,2026-02-09,t_2rXlDo,Instituto,2,0,1,1,2,3,-1,1,1.0,1.5,1,0,0,1,1,2,-1,0,1.0,2.0
m_3C7F2J,2026-02-16,t_2rXlDo,Instituto,2,0,1,1,2,3,-1,1,1.0,1.5,2,0,0,2,1,3,-2,0,0.5,1.5
m_2MNUQn,2026-02-20,t_2rXlDo,Instituto,3,1,1,1,4,3,1,4,1.3333333333333333,1.0,2,0,0,2,1,3,-2,0,0.5,1.5
m_2YNGA5,2026-02-24,t_2rXlDo,Instituto,4,2,1,1,6,4,2,7,1.5,1.0,2,0,0,2,1,3,-2,0,0.5,1.5
m_15JkYD,2026-03-01,t_2rXlDo,Instituto,4,2,1,1,6,4,2,7,1.5,1.0,3,0,1,2,2,4,-2,1,0.6666666666666666,1.3333333333333333
m_0RZpdm,2026-03-12,t_2rXlDo,Instituto,5,2,1,2,7,6,1,7,1.4,1.2,3,0,1,2,2,4,-2,1,0.6666666666666666,1.3333333333333333
m_4WxmC2,2026-03-17,t_2rXlDo,Instituto,5,2,1,2,7,6,1,7,1.4,1.2,4,0,1,3,2,6,-4,1,0.5,1.5
m_3kkhBc,2026-03-22,t_2rXlDo,Instituto,5,3,1,1,9,6,3,10,1.8,1.2,4,0,1,3,2,6,-4,1,0.5,1.5
m_2NfZWl,2026-04-07,t_2rXlDo,Instituto,5,3,1,1,9,6,3,10,1.8,1.2,5,0,1,4,2,8,-6,1,0.4,1.6
m_0g9Wn1,2026-04-11,t_2rXlDo,Instituto,5,4,0,1,9,4,5,12,1.8,0.8,5,0,1,4,2,8,-6,1,0.4,1.6
m_1Vr866,2026-04-18,t_2rXlDo,Instituto,5,4,0,1,9,4,5,12,1.8,0.8,5,1,1,3,2,6,-4,4,0.4,1.2
m_3kUgTn,2026-04-26,t_2rXlDo,Instituto,5,3,0,2,7,5,2,9,1.4,1.0,5,1,1,3,2,6,-4,4,0.4,1.2
m_1qqpJe,2026-05-05,t_2rXlDo,Instituto,5,3,0,2,7,5,2,9,1.4,1.0,5,1,2,2,3,6,-3,5,0.6,1.2
m_0xmq9N,2026-07-24,t_2rXlDo,Instituto,5,3,0,2,7,5,2,9,1.4,1.0,5,2,1,2,4,5,-1,7,0.8,1.0
m_1WfN4f,2026-07-30,t_2rXlDo,Instituto,5,3,0,2,7,5,2,9,1.4,1.0,5,2,1,2,4,4,0,7,0.8,0.8
m_2EBOtR,2026-08-03,t_2rXlDo,Instituto,5,3,0,2,7,5,2,9,1.4,1.0,5,2,1,2,4,4,0,7,0.8,0.8
m_3JpYQD,2026-08-09,t_2rXlDo,Instituto,5,3,0,2,7,5,2,9,1.4,1.0,5,3,1,1,5,2,3,10,1.0,0.4
m_4XvVEn,2026-08-16,t_2rXlDo,Instituto,5,4,0,1,7,3,4,12,1.4,0.6,5,3,1,1,5,2,3,10,1.0,0.4
m_4Vv4zW,2026-08-22,t_2rXlDo,Instituto,5,4,0,1,7,3,4,12,1.4,0.6,5,3,1,1,5,2,3,10,1.0,0.4
m_1YGhXX,2026-09-01,t_2rXlDo,Instituto,5,4,0,1,7,3,4,12,1.4,0.6,5,3,1,1,4,1,3,10,0.8,0.2
m_0rPnpL,2026-09-08,t_2rXlDo,Instituto,5,4,0,1,6,2,4,12,1.2,0.4,5,3,1,1,4,1,3,10,0.8,0.2
m_1qj0Vv,2026-09-15,t_2rXlDo,Instituto,5,4,0,1,6,2,4,12,1.2,0.4,5,2,1,2,4,4,0,7,0.8,0.8
m_47lc7V,2026-09-15,t_2rXlDo,Instituto,5,4,0,1,6,3,3,12,1.2,0.6,5,2,1,2,4,4,0,7,0.8,0.8
m_3L4LL7,2026-01-24,t_3FROV0,Barracas Central,0,0,0,0,0,0,0,0,0.0,0.0,0,0,0,0,0,0,0,0,0.0,0.0
m_2kLUw0,2026-01-28,t_3FROV0,Barracas Central,1,0,0,1,0,1,-1,0,0.0,1.0,0,0,0,0,0,0,0,0,0.0,0.0
m_45XhQv,2026-02-01,t_3FROV0,Barracas Central,1,0,0,1,0,1,-1,0,0.0,1.0,1,0,1,0,0,0,0,1,0.0,0.0
m_1Cuhf7,2026-02-09,t_3FROV0,Barracas Central,2,0,1,1,1,2,-1,1,0.5,1.0,1,0,1,0,0,0,0,1,0.0,0.0
m_2HMWiS,2026-02-16,t_3FROV0,Barracas Central,3,1,1,1,3,2,1,4,1.0,0.6666666666666666,1,0,1,0,0,0,0,1,0.0,0.0
m_13pMsz,2026-02-21,t_3FROV0,Barracas Central,3,1,1,1,3,2,1,4,1.0,0.6666666666666666,2,0,1,1,0,2,-2,1,0.0,1.0
m_2dkzXZ,2026-02-25,t_3FROV0,Barracas Central,3,1,1,1,3,2,1,4,1.0,0.6666666666666666,3,0,1,2,0,3,-3,1,0.0,1.0
m_3FQmVY,2026-03-01,t_3FROV0,Barracas Central,4,2,1,1,5,3,2,7,1.25,0.75,3,0,1,2,0,3,-3,1,0.0,1.0
m_1DO56u,2026-03-12,t_3FROV0,Barracas Central,4,2,1,1,5,3,2,7,1.25,0.75,4,0,2,2,1,4,-3,2,0.25,1.0
m_0yVlJb,2026-03-16,t_3FROV0,Barracas Central,4,2,1,1,5,3,2,7,1.25,0.75,5,1,2,2,3,5,-2,5,0.6,1.0
m_1Klahn,2026-03-24,t_3FROV0,Barracas Central,5,3,1,1,7,4,3,10,1.4,0.8,5,1,2,2,3,5,-2,5,0.6,1.0
m_03csNA,2026-04-02,t_3FROV0,Barracas Central,5,3,1,1,7,4,3,10,1.4,0.8,5,1,2,2,3,5,-2,5,0.6,1.0
m_1VteVu,2026-04-12,t_3FROV0,Barracas Central,5,3,1,1,8,5,3,10,1.6,1.0,5,1,2,2,3,5,-2,5,0.6,1.0
m_0HO7em,2026-04-20,t_3FROV0,Barracas Central,5,3,1,1,8,5,3,10,1.6,1.0,5,2,2,1,5,4,1,8,1.0,0.8
m_3vfFEs,2026-04-25,t_3FROV0,Barracas Central,5,3,1,1,7,4,3,10,1.4,0.8,5,2,2,1,5,4,1,8,1.0,0.8
m_1UxCxs,2026-05-02,t_3FROV0,Barracas Central,5,3,1,1,7,4,3,10,1.4,0.8,5,2,3,0,6,4,2,9,1.2,0.8
m_4X9GUk,2026-07-25,t_3FROV0,Barracas Central,5,2,1,2,6,6,0,7,1.2,1.2,5,2,3,0,6,4,2,9,1.2,0.8
m_03VPBd,2026-07-29,t_3FROV0,Barracas Central,5,2,1,2,6,6,0,7,1.2,1.2,5,3,2,0,6,3,3,11,1.2,0.6
m_1sTPds,2026-08-02,t_3FROV0,Barracas Central,5,2,1,2,5,5,0,7,1.0,1.0,5,3,2,0,6,3,3,11,1.2,0.6
m_4AhgSS,2026-08-09,t_3FROV0,Barracas Central,5,2,1,2,5,5,0,7,1.0,1.0,5,3,2,0,5,2,3,11,1.0,0.4
m_48fWBj,2026-08-17,t_3FROV0,Barracas Central,5,2,1,2,5,5,0,7,1.0,1.0,5,3,1,1,5,4,1,10,1.0,0.8
m_4IdcNi,2026-08-23,t_3FROV0,Barracas Central,5,1,1,3,3,5,-2,4,0.6,1.0,5,3,1,1,5,4,1,10,1.0,0.8
m_2eHqO4,2026-09-01,t_3FROV0,Barracas Central,5,1,1,3,3,5,-2,4,0.6,1.0,5,3,1,1,5,4,1,10,1.0,0.8
m_1lN21b,2026-09-07,t_3FROV0,Barracas Central,5,1,1,3,3,5,-2,4,0.6,1.0,5,2,2,1,3,3,0,8,0.6,0.6
m_0WEWh7,2026-09-14,t_3FROV0,Barracas Central,5,1,1,3,3,5,-2,4,0.6,1.0,5,2,2,1,3,3,0,8,0.6,0.6
m_1qLG6R,2026-09-14,t_3FROV0,Barracas Central,5,1,1,3,3,5,-2,4,0.6,1.0,5,2,2,1,3,3,0,8,0.6,0.6
m_2hYXmh,2026-01-25,t_3TbOfu,Deportivo Riestra,0,0,0,0,0,0,0,0,0.0,0.0,0,0,0,0,0,0,0,0,0.0,0.0
m_20gfAy,2026-01-29,t_3TbOfu,Deportivo Riestra,0,0,0,0,0,0,0,0,0.0,0.0,1,0,0,1,0,1,-1,0,0.0,1.0
m_45XhQv,2026-02-01,t_3TbOfu,Deportivo Riestra,1,0,0,1,0,1,-1,0,0.0,1.0,1,0,0,1,0,1,-1,0,0.0,1.0
m_3sDDFG,2026-02-09,t_3TbOfu,Deportivo Riestra,1,0,0,1,0,1,-1,0,0.0,1.0,2,0,1,1,1,2,-1,1,0.5,1.0
m_1CzDvn,2026-02-16,t_3TbOfu,Deportivo Riestra,1,0,0,1,0,1,-1,0,0.0,1.0,3,0,1,2,1,3,-2,1,0.3333333333333333,1.0
m_0aYpab,2026-02-21,t_3TbOfu,Deportivo Riestra,2,0,1,1,1,2,-1,1,0.5,1.0,3,0,1,2,1,3,-2,1,0.3333333333333333,1.0
m_0rdClw,2026-02-25,t_3TbOfu,Deportivo Riestra,3,0,2,1,1,2,-1,2,0.3333333333333333,0.6666666666666666,3,0,1,2,1,3,-2,1,0.3333333333333333,1.0
m_2hRZh7,2026-03-02,t_3TbOfu,Deportivo Riestra,3,0,2,1,1,2,-1,2,0.3333333333333333,0.6666666666666666,4,0,2,2,1,3,-2,2,0.25,0.75
m_2mbzIF,2026-03-12,t_3TbOfu,Deportivo Riestra,4,0,3,1,1,2,-1,3,0.25,0.5,4,0,2,2,1,3,-2,2,0.25,0.75
m_1JvU76,2026-03-18,t_3TbOfu,Deportivo Riestra,5,0,4,1,1,2,-1,4,0.2,0.4,4,0,2,2,1,3,-2,2,0.25,0.75
m_0idF82,2026-03-25,t_3TbOfu,Deportivo Riestra,5,0,4,1,1,2,-1,4,0.2,0.4,5,0,2,3,1,4,-3,2,0.2,0.8
m_1wLnDu,2026-04-03,t_3TbOfu,Deportivo Riestra,5,0,5,0,2,2,0,5,0.4,0.4,5,0,2,3,1,4,-3,2,0.2,0.8
m_0g9Wn1,2026-04-11,t_3TbOfu,Deportivo Riestra,5,0,5,0,2,2,0,5,0.4,0.4,5,0,2,3,1,5,-4,2,0.2,1.0
m_2g93PE,2026-04-19,t_3TbOfu,Deportivo Riestra,5,0,4,1,1,2,-1,4,0.2,0.4,5,0,2,3,1,5,-4,2,0.2,1.0
m_0cJtQg,2026-04-24,t_3TbOfu,Deportivo Riestra,5,0,4,1,1,2,-1,4,0.2,0.4,5,0,1,4,0,6,-6,1,0.0,1.2
m_1XEoaS,2026-05-02,t_3TbOfu,Deportivo Riestra,5,1,3,1,3,2,1,6,0.6,0.4,5,0,1,4,0,6,-6,1,0.0,1.2
m_4Gu3AR,2026-07-26,t_3TbOfu,Deportivo Riestra,5,1,3,1,3,2,1,6,0.6,0.4,5,0,2,3,0,5,-5,2,0.0,1.0
m_1R2IMx,2026-07-29,t_3TbOfu,Deportivo Riestra,5,2,2,1,6,2,4,8,1.2,0.4,5,0,2,3,0,5,-5,2,0.0,1.0
m_1sTPds,2026-08-02,t_3TbOfu,Deportivo Riestra,5,2,2,1,6,2,4,8,1.2,0.4,5,0,1,4,1,7,-6,1,0.2,1.4
m_3xPV3E,2026-08-08,t_3TbOfu,Deportivo Riestra,5,2,1,2,6,3,3,7,1.2,0.6,5,0,1,4,1,7,-6,1,0.2,1.4
m_4Y2JeT,2026-08-15,t_3TbOfu,Deportivo Riestra,5,3,0,2,7,2,5,9,1.4,0.4,5,0,1,4,1,7,-6,1,0.2,1.4
m_3jpi32,2026-08-23,t_3TbOfu,Deportivo Riestra,5,3,0,2,7,2,5,9,1.4,0.4,5,0,1,4,1,8,-7,1,0.2,1.6
m_4bZ5kw,2026-08-29,t_3TbOfu,Deportivo Riestra,5,3,0,2,7,2,5,9,1.4,0.4,5,0,2,3,1,6,-5,2,0.2,1.2
m_08AJGA,2026-09-04,t_3TbOfu,Deportivo Riestra,5,3,1,1,8,2,6,10,1.6,0.4,5,0,2,3,1,6,-5,2,0.2,1.2
m_0AnTKr,2026-09-14,t_3TbOfu,Deportivo Riestra,5,3,1,1,8,2,6,10,1.6,0.4,5,0,3,2,2,5,-3,3,0.4,1.0
m_2vy6Yj,2026-09-14,t_3TbOfu,Deportivo Riestra,5,2,1,2,6,5,1,7,1.2,1.0,5,0,3,2,2,5,-3,3,0.4,1.0
m_1BLvBV,2026-01-26,t_3XuEvf,Argentinos Juniors,0,0,0,0,0,0,0,0,0.0,0.0,0,0,0,0,0,0,0,0,0.0,0.0
m_1mw3rN,2026-01-30,t_3XuEvf,Argentinos Juniors,1,1,0,0,1,0,1,3,1.0,0.0,0,0,0,0,0,0,0,0,0.0,0.0
m_0ks99k,2026-02-03,t_3XuEvf,Argentinos Juniors,1,1,0,0,1,0,1,3,1.0,0.0,1,0,1,0,0,0,0,1,0.0,0.0
m_21nAGO,2026-02-07,t_3XuEvf,Argentinos Juniors,2,1,1,0,1,0,1,4,0.5,0.0,1,0,1,0,0,0,0,1,0.0,0.0
m_064D4L,2026-02-13,t_3XuEvf,Argentinos Juniors,2,1,1,0,1,0,1,4,0.5,0.0,2,0,1,1,1,2,-1,1,0.5,1.0
m_3FQmVY,2026-03-01,t_3XuEvf,Argentinos Juniors,3,2,1,0,2,0,2,7,0.6666666666666666,0.0,2,0,1,1,1,2,-1,1,0.5,1.0
m_1WKjOD,2026-03-11,t_3XuEvf,Argentinos Juniors,4,2,2,0,3,1,2,8,0.75,0.25,2,0,1,1,1,2,-1,1,0.5,1.0
m_2yIwhJ,2026-03-16,t_3XuEvf,Argentinos Juniors,5,2,3,0,3,1,2,9,0.6,0.2,2,0,1,1,1,2,-1,1,0.5,1.0
m_1Y4U8l,2026-03-23,t_3XuEvf,Argentinos Juniors,5,2,3,0,3,1,2,9,0.6,0.2,3,0,2,1,2,3,-1,2,0.6666666666666666,1.0
m_1c9W0N,2026-03-27,t_3XuEvf,Argentinos Juniors,5,2,3,0,3,1,2,9,0.6,0.2,3,0,2,1,2,3,-1,2,0.6666666666666666,1.0
m_3hUrMw,2026-03-31,t_3XuEvf,Argentinos Juniors,5,3,2,0,5,2,3,11,1.0,0.4,3,0,2,1,2,3,-1,2,0.6666666666666666,1.0
m_1ABinW,2026-04-06,t_3XuEvf,Argentinos Juniors,5,3,2,0,5,2,3,11,1.0,0.4,4,1,2,1,4,3,1,5,1.0,0.75
m_0sFzNT,2026-04-11,t_3XuEvf,Argentinos Juniors,5,3,2,0,7,4,3,11,1.4,0.8,4,1,2,1,4,3,1,5,1.0,0.75
m_0UgeFv,2026-04-19,t_3XuEvf,Argentinos Juniors,5,3,2,0,7,4,3,11,1.4,0.8,5,1,2,2,5,6,-1,5,1.0,1.2
m_4Q9jVb,2026-04-28,t_3XuEvf,Argentinos Juniors,5,4,1,0,7,3,4,13,1.4,0.6,5,1,2,2,5,6,-1,5,1.0,1.2
m_1fmUw8,2026-05-03,t_3XuEvf,Argentinos Juniors,5,4,1,0,7,3,4,13,1.4,0.6,5,2,1,2,7,7,0,7,1.4,1.4
m_2t96qK,2026-05-10,t_3XuEvf,Argentinos Juniors,5,4,1,0,7,3,4,13,1.4,0.6,5,2,1,2,6,7,-1,7,1.2,1.4
m_3CeTeZ,2026-05-13,t_3XuEvf,Argentinos Juniors,5,5,0,0,9,3,6,15,1.8,0.6,5,2,1,2,6,7,-1,7,1.2,1.4
m_0JyeiC,2026-05-17,t_3XuEvf,Argentinos Juniors,5,5,0,0,9,3,6,15,1.8,0.6,5,2,1,2,6,7,-1,7,1.2,1.4
m_3bFbbT,2026-07-23,t_3XuEvf,Argentinos Juniors,5,4,1,0,8,3,5,13,1.6,0.6,5,2,1,2,6,7,-1,7,1.2,1.4
m_3zA6AY,2026-07-29,t_3XuEvf,Argentinos Juniors,5,4,1,0,8,3,5,13,1.6,0.6,5,3,0,2,8,8,0,9,1.6,1.6
m_1cKmol,2026-08-01,t_3XuEvf,Argentinos Juniors,5,4,1,0,8,1,7,13,1.6,0.2,5,3,0,2,8,8,0,9,1.6,1.6
m_3HhWIs,2026-08-09,t_3XuEvf,Argentinos Juniors,5,4,1,0,8,1,7,13,1.6,0.2,5,3,0,2,7,8,-1,9,1.4,1.6
m_4fCzkt,2026-08-16,t_3XuEvf,Argentinos Juniors,5,4,1,0,9,2,7,13,1.8,0.4,5,3,0,2,7,8,-1,9,1.4,1.6
m_38XAFZ,2026-08-25,t_3XuEvf,Argentinos Juniors,5,4,1,0,9,2,7,13,1.8,0.4,5,3,0,2,6,7,-1,9,1.2,1.4
m_1B4lCI,2026-08-30,t_3XuEvf,Argentinos Juniors,5,4,1,0,9,2,7,13,1.8,0.4,5,2,1,2,5,7,-2,7,1.0,1.4
m_1lN21b,2026-09-07,t_3XuEvf,Argentinos Juniors,5,4,1,0,9,3,6,13,1.8,0.6,5,2,1,2,5,7,-2,7,1.0,1.4
m_2tVeMD,2026-09-13,t_3XuEvf,Argentinos Juniors,5,4,1,0,9,3,6,13,1.8,0.6,5,2,2,1,5,5,0,8,1.0,1.0
m_43Vm4s,2026-01-24,t_3mLGSt,Newell's Old Boys,0,0,0,0,0,0,0,0,0.0,0.0,0,0,0,0,0,0,0,0,0.0,0.0
m_1BPKXp,2026-01-28,t_3mLGSt,Newell's Old Boys,0,0,0,0,0,0,0,0,0.0,0.0,1,0,0,1,1,2,-1,0,1.0,2.0
m_2jSZpM,2026-02-01,t_3mLGSt,Newell's Old Boys,1,0,1,0,1,1,0,1,1.0,1.0,1,0,0,1,1,2,-1,0,1.0,2.0
m_1hisDs,2026-02-08,t_3mLGSt,Newell's Old Boys,1,0,1,0,1,1,0,1,1.0,1.0,2,0,0,2,1,4,-3,0,0.5,2.0
m_1CzDvn,2026-02-16,t_3mLGSt,Newell's Old Boys,2,0,1,1,3,4,-1,1,1.5,2.0,2,0,0,2,1,4,-3,0,0.5,2.0
m_4dWdyt,2026-02-21,t_3mLGSt,Newell's Old Boys,2,0,1,1,3,4,-1,1,1.5,2.0,3,0,1,2,2,5,-3,1,0.6666666666666666,1.6666666666666667
m_2byNvS,2026-02-25,t_3mLGSt,Newell's Old Boys,2,0,1,1,3,4,-1,1,1.5,2.0,4,0,1,3,2,8,-6,1,0.5,2.0
m_2sHWPe,2026-03-01,t_3mLGSt,Newell's Old Boys,3,0,1,2,3,6,-3,1,1.0,2.0,4,0,1,3,2,8,-6,1,0.5,2.0
m_0njgmB,2026-03-11,t_3mLGSt,Newell's Old Boys,4,0,1,3,3,8,-5,1,0.75,2.0,4,0,1,3,2,8,-6,1,0.5,2.0
m_1sCl2u,2026-03-17,t_3mLGSt,Newell's Old Boys,5,0,2,3,4,9,-5,2,0.8,1.8,4,0,1,3,2,8,-6,1,0.5,2.0
m_2gIXlp,2026-03-21,t_3mLGSt,Newell's Old Boys,5,0,2,3,4,9,-5,2,0.8,1.8,5,0,1,4,2,13,-11,1,0.4,2.6
m_0S9hu2,2026-04-05,t_3mLGSt,Newell's Old Boys,5,1,1,3,4,8,-4,4,0.8,1.6,5,0,1,4,2,13,-11,1,0.4,2.6
m_1WEirs,2026-04-12,t_3mLGSt,Newell's Old Boys,5,1,1,3,4,8,-4,4,0.8,1.6,5,1,1,3,4,12,-8,4,0.8,2.4
m_2518A4,2026-04-17,t_3mLGSt,Newell's Old Boys,5,1,2,2,2,5,-3,5,0.4,1.0,5,1,1,3,4,12,-8,4,0.8,2.4
m_3kUgTn,2026-04-26,t_3mLGSt,Newell's Old Boys,5,1,2,2,2,5,-3,5,0.4,1.0,5,2,1,2,7,12,-5,7,1.4,2.4
m_1P18Zr,2026-05-04,t_3mLGSt,Newell's Old Boys,5,1,3,1,3,4,-1,6,0.6,0.8,5,2,1,2,7,12,-5,7,1.4,2.4
m_4P8SSz,2026-07-25,t_3mLGSt,Newell's Old Boys,5,1,3,1,3,4,-1,6,0.6,0.8,5,2,1,2,7,12,-5,7,1.4,2.4
m_2tup6z,2026-07-31,t_3mLGSt,Newell's Old Boys,5,2,3,0,4,2,2,9,0.8,0.4,5,2,1,2,7,12,-5,7,1.4,2.4
m_2Vtk92,2026-08-02,t_3mLGSt,Newell's Old Boys,5,2,3,0,4,2,2,9,0.8,0.4,5,2,1,2,7,10,-3,7,1.4,2.0
m_208YJA,2026-08-09,t_3mLGSt,Newell's Old Boys,5,2,3,0,5,3,2,9,1.0,0.6,5,2,1,2,7,10,-3,7,1.4,2.0
m_4Y2JeT,2026-08-15,t_3mLGSt,Newell's Old Boys,5,2,3,0,5,3,2,9,1.0,0.6,5,2,1,2,8,7,1,7,1.6,1.4
m_3yRTgE,2026-08-23,t_3mLGSt,Newell's Old Boys,5,2,3,0,6,3,3,9,1.2,0.6,5,2,1,2,8,7,1,7,1.6,1.4
m_23XA3J,2026-08-31,t_3mLGSt,Newell's Old Boys,5,3,2,0,8,4,4,11,1.6,0.8,5,2,1,2,8,7,1,7,1.6,1.4
m_0Ksq5j,2026-09-06,t_3mLGSt,Newell's Old Boys,5,3,2,0,8,4,4,11,1.6,0.8,5,1,2,2,5,6,-1,5,1.0,1.2
m_3tdQH8,2026-09-11,t_3mLGSt,Newell's Old Boys,5,3,2,0,8,4,4,11,1.6,0.8,5,0,3,2,3,5,-2,3,0.6,1.0
m_1BLvBV,2026-01-26,t_3qkV0m,Sarmiento,0,0,0,0,0,0,0,0,0.0,0.0,0,0,0,0,0,0,0,0,0.0,0.0
m_2daQ30,2026-01-30,t_3qkV0m,Sarmiento,0,0,0,0,0,0,0,0,0.0,0.0,1,0,0,1,0,1,-1,0,0.0,1.0
m_2PMEYZ,2026-02-04,t_3qkV0m,Sarmiento,1,1,0,0,1,0,1,3,1.0,0.0,1,0,0,1,0,1,-1,0,0.0,1.0
m_4EpGKB,2026-02-08,t_3qkV0m,Sarmiento,1,1,0,0,1,0,1,3,1.0,0.0,2,0,0,2,1,3,-2,0,0.5,1.5
m_0cdzvY,2026-02-14,t_3qkV0m,Sarmiento,2,2,0,0,3,1,2,6,1.5,0.5,2,0,0,2,1,3,-2,0,0.5,1.5
m_2kYA49,2026-02-20,t_3qkV0m,Sarmiento,2,2,0,0,3,1,2,6,1.5,0.5,3,0,0,3,1,4,-3,0,0.3333333333333333,1.3333333333333333
m_0cS0mC,2026-02-26,t_3qkV0m,Sarmiento,2,2,0,0,3,1,2,6,1.5,0.5,4,0,0,4,1,5,-4,0,0.25,1.25
m_3B5PeK,2026-03-03,t_3qkV0m,Sarmiento,3,2,0,1,4,4,0,6,1.3333333333333333,1.3333333333333333,4,0,0,4,1,5,-4,0,0.25,1.25
m_1vnmx3,2026-03-11,t_3qkV0m,Sarmiento,4,3,0,1,5,4,1,9,1.25,1.0,4,0,0,4,1,5,-4,0,0.25,1.25
m_1fJ2Fa,2026-03-15,t_3qkV0m,Sarmiento,5,3,1,1,5,4,1,10,1.0,0.8,4,0,0,4,1,5,-4,0,0.25,1.25
m_49lsqf,2026-03-22,t_3qkV0m,Sarmiento,5,3,1,1,5,4,1,10,1.0,0.8,5,0,0,5,1,7,-6,0,0.2,1.4
m_03csNA,2026-04-02,t_3qkV0m,Sarmiento,5,3,1,1,6,4,2,10,1.2,0.8,5,0,0,5,1,7,-6,0,0.2,1.4
m_4DcYBn,2026-04-13,t_3qkV0m,Sarmiento,5,3,1,1,6,4,2,10,1.2,0.8,5,1,0,4,3,7,-4,3,0.6,1.4
m_2AINHd,2026-04-19,t_3qkV0m,Sarmiento,5,2,1,2,5,5,0,7,1.0,1.0,5,1,0,4,3,7,-4,3,0.6,1.4
m_19Px84,2026-04-25,t_3qkV0m,Sarmiento,5,2,1,2,5,5,0,7,1.0,1.0,5,1,0,4,3,7,-4,3,0.6,1.4
m_2RNEop,2026-05-03,t_3qkV0m,Sarmiento,5,3,1,1,5,2,3,10,1.0,0.4,5,1,0,4,3,7,-4,3,0.6,1.4
m_3bFbbT,2026-07-23,t_3qkV0m,Sarmiento,5,3,1,1,5,2,3,10,1.0,0.4,5,1,0,4,3,10,-7,3,0.6,2.0
m_0U4Xso,2026-07-28,t_3qkV0m,Sarmiento,5,2,1,2,6,5,1,7,1.2,1.0,5,1,0,4,3,10,-7,3,0.6,2.0
m_0YDAap,2026-08-08,t_3qkV0m,Sarmiento,5,2,1,2,6,5,1,7,1.2,1.0,5,1,0,4,5,12,-7,3,1.0,2.4
m_0VVZir,2026-08-16,t_3qkV0m,Sarmiento,5,2,1,2,6,5,1,7,1.2,1.0,5,2,0,3,7,11,-4,6,1.4,2.2
m_3xzvfD,2026-08-23,t_3qkV0m,Sarmiento,5,3,0,2,8,5,3,9,1.6,1.0,5,2,0,3,7,11,-4,6,1.4,2.2
m_1bDP6c,2026-08-28,t_3qkV0m,Sarmiento,5,3,0,2,8,5,3,9,1.6,1.0,5,2,0,3,7,11,-4,6,1.4,2.2
m_4fJmCv,2026-09-04,t_3qkV0m,Sarmiento,5,3,0,2,8,5,3,9,1.6,1.0,5,1,0,4,6,14,-8,3,1.2,2.8
m_0ZigWJ,2026-09-13,t_3qkV0m,Sarmiento,5,3,0,2,8,5,3,9,1.6,1.0,5,2,0,3,7,12,-5,6,1.4,2.4
m_1bOPPX,2026-01-24,t_45vTPl,Atlético Tucumán,0,0,0,0,0,0,0,0,0.0,0.0,0,0,0,0,0,0,0,0,0.0,0.0
m_2XR10W,2026-01-28,t_45vTPl,Atlético Tucumán,0,0,0,0,0,0,0,0,0.0,0.0,1,0,0,1,1,2,-1,0,1.0,2.0
m_3bjCVs,2026-02-01,t_45vTPl,Atlético Tucumán,1,0,1,0,0,0,0,1,0.0,0.0,1,0,0,1,1,2,-1,0,1.0,2.0
m_4EpGKB,2026-02-08,t_45vTPl,Atlético Tucumán,2,0,2,0,1,1,0,2,0.5,0.5,1,0,0,1,1,2,-1,0,1.0,2.0
m_37CuJS,2026-02-15,t_45vTPl,Atlético Tucumán,2,0,2,0,1,1,0,2,0.5,0.5,2,0,0,2,2,4,-2,0,1.0,2.0
m_2MNUQn,2026-02-20,t_45vTPl,Atlético Tucumán,3,1,2,0,5,1,4,5,1.6666666666666667,0.3333333333333333,2,0,0,2,2,4,-2,0,1.0,2.0
m_4GDLN6,2026-02-25,t_45vTPl,Atlético Tucumán,3,1,2,0,5,1,4,5,1.6666666666666667,0.3333333333333333,3,0,0,3,3,6,-3,0,1.0,2.0
m_1DDmUV,2026-03-04,t_45vTPl,Atlético Tucumán,3,1,2,0,5,1,4,5,1.6666666666666667,0.3333333333333333,4,0,0,4,4,9,-5,0,1.0,2.25
m_3yk8on,2026-03-12,t_45vTPl,Atlético Tucumán,4,1,2,1,5,4,1,5,1.25,1.0,4,0,0,4,4,9,-5,0,1.0,2.25
m_0yVlJb,2026-03-16,t_45vTPl,Atlético Tucumán,5,1,3,1,6,5,1,6,1.2,1.0,4,0,0,4,4,9,-5,0,1.0,2.25
m_1c7isO,2026-03-21,t_45vTPl,Atlético Tucumán,5,1,3,1,6,5,1,6,1.2,1.0,5,0,0,5,5,11,-6,0,1.0,2.2
m_0QgN6d,2026-04-05,t_45vTPl,Atlético Tucumán,5,2,2,1,7,5,2,8,1.4,1.0,5,0,0,5,5,11,-6,0,1.0,2.2
m_19b0Rn,2026-04-12,t_45vTPl,Atlético Tucumán,5,2,2,1,7,5,2,8,1.4,1.0,5,0,0,5,5,11,-6,0,1.0,2.2
m_0UgeFv,2026-04-19,t_45vTPl,Atlético Tucumán,5,2,2,1,6,4,2,8,1.2,0.8,5,0,0,5,5,11,-6,0,1.0,2.2
m_2uyJMX,2026-04-26,t_45vTPl,Atlético Tucumán,5,2,2,1,6,4,2,8,1.2,0.8,5,0,0,5,4,10,-6,0,0.8,2.0
m_29QdK5,2026-05-03,t_45vTPl,Atlético Tucumán,5,1,3,1,3,5,-2,6,0.6,1.0,5,0,0,5,4,10,-6,0,0.8,2.0
m_38l4Ru,2026-07-26,t_45vTPl,Atlético Tucumán,5,1,3,1,3,5,-2,6,0.6,1.0,5,1,0,4,4,8,-4,3,0.8,1.6
m_4Qe3bh,2026-07-31,t_45vTPl,Atlético Tucumán,5,1,4,0,3,2,1,7,0.6,0.4,5,1,0,4,4,8,-4,3,0.8,1.6
m_0KKvFY,2026-08-04,t_45vTPl,Atlético Tucumán,5,1,4,0,3,2,1,7,0.6,0.4,5,2,0,3,5,5,0,6,1.0,1.0
m_0YDAap,2026-08-08,t_45vTPl,Atlético Tucumán,5,1,4,0,3,2,1,7,0.6,0.4,5,2,1,2,4,3,1,7,0.8,0.6
m_17RFeg,2026-08-17,t_45vTPl,Atlético Tucumán,5,1,3,1,3,3,0,6,0.6,0.6,5,2,1,2,4,3,1,7,0.8,0.6
m_4Vv4zW,2026-08-22,t_45vTPl,Atlético Tucumán,5,1,3,1,3,3,0,6,0.6,0.6,5,3,1,1,4,1,3,10,0.8,0.2
m_02m9E0,2026-08-30,t_45vTPl,Atlético Tucumán,5,0,4,1,2,3,-1,4,0.4,0.6,5,3,1,1,4,1,3,10,0.8,0.2
m_3Sp87a,2026-09-07,t_45vTPl,Atlético Tucumán,5,0,4,1,2,3,-1,4,0.4,0.6,5,3,1,1,4,1,3,10,0.8,0.2
m_3TfyzU,2026-09-12,t_45vTPl,Atlético Tucumán,5,0,4,1,2,3,-1,4,0.4,0.6,5,4,1,0,6,1,5,13,1.2,0.2
