match_id,date,round_name,home_team,away_team,score_home,score_away,referee,goles_totales,resultado_local
m_019qHk,2026-05-04,9,Gimnasia Mendoza,Defensa y Justicia,2.0,1.0,Bruno Amiconi,3.0,G
m_01aTkm,2026-01-28,2,River Plate,Gimnasia LP,2.0,0.0,Pablo Dóvalo,2.0,G
m_02m9E0,2026-08-30,7,Atlético Tucumán,Belgrano,0.0,0.0,Sebastián Martínez,0.0,E
m_03csNA,2026-04-02,13,Barracas Central,Sarmiento,1.0,2.0,Ariel Penel,3.0,P
m_03VPBd,2026-07-29,2,Barracas Central,Aldosivi,1.0,0.0,Sebastían Zunino,1.0,G
m_064D4L,2026-02-13,5,Argentinos Juniors,River Plate,1.0,0.0,Andrés Merlos,1.0,G
m_07PgTk,2026-08-16,5,Club Atlético Platense,Boca Juniors,1.0,1.0,Jorge Ignacio Baliño,2.0,E
m_08AJGA,2026-09-04,8,Club Atlético Platense,Deportivo Riestra,1.0,1.0,Álvaro Carranza,2.0,E
m_09UPPR,2026-01-29,2,Estudiantes,Boca Juniors,2.0,1.0,Pablo Echavarría,3.0,G
m_0afzlB,2026-08-01,3,Racing Club,Tigre,1.0,3.0,Yael Falcón Pérez,4.0,P
m_0AnTKr,2026-09-14,9,Deportivo Riestra,Lanús,0.0,3.0,Leandro Rey Hilfer,3.0,P
m_0aYpab,2026-02-21,6,Deportivo Riestra,Huracán,0.0,0.0,Fernando Echenique,0.0,E
m_0cdzvY,2026-02-14,5,Huracán,Sarmiento,1.0,0.0,Sebastián Nicolás Martínez,1.0,G
m_0cJtQg,2026-04-24,16,Deportivo Riestra,Independiente,2.0,0.0,Luis Lobo Medina,2.0,G
m_0cS0mC,2026-02-26,7,Sarmiento,Unión,1.0,3.0,Daniel Alberto Zamora,4.0,P
m_0cs8S8,2026-02-02,3,Defensa y Justicia,Estudiantes,0.0,0.0,Ariel Penel,0.0,E
m_0CvxlD,2026-08-15,5,San Lorenzo,Unión,1.0,0.0,Leandro Rey Hilfer,1.0,G
m_0d5xg9,2026-03-23,12,Estudiantes,Central Córdoba de Santiago,5.0,0.0,Nicolás Ramírez,5.0,G
m_0eUxKc,2026-08-08,4,Independiente Rivadavia,Estudiantes de Río Cuarto,2.0,1.0,Gonzalo Pereira,3.0,G
m_0fdjQP,2026-05-03,9,Rosario Central,Tigre,1.0,1.0,Hernán Mastrángelo,2.0,E
m_0FlMqm,2026-04-19,15,River Plate,Boca Juniors,0.0,1.0,Darío Herrera,1.0,P
m_0fOliE,2026-04-20,15,Banfield,Independiente Rivadavia,0.0,0.0,Bryan Gustavo Ferreyra,0.0,E
m_0FP8kh,2026-03-15,11,Rosario Central,Banfield,2.0,1.0,Nicolás Lamolina,3.0,G
m_0g9Wn1,2026-04-11,14,Deportivo Riestra,Instituto,0.0,1.0,Nazareno Arasa,1.0,P
m_0GrdJU,2026-01-28,2,Racing Club,Rosario Central,1.0,2.0,Fernando Echenique,3.0,P
m_0HO7em,2026-04-20,15,Barracas Central,Belgrano,0.0,0.0,Nicolás Lamolina,0.0,E
m_0idF82,2026-03-25,12,Deportivo Riestra,San Lorenzo,1.0,1.0,Ariel Penel,2.0,E
m_0IMWj8,2026-04-03,13,San Lorenzo,Estudiantes,1.0,0.0,Sebastían Zunino,1.0,G
m_0JTPFi,2026-02-26,7,Estudiantes de Río Cuarto,Huracán,2.0,0.0,Maximiliano Macheroni,2.0,G
m_0k3gzI,2026-02-07,4,River Plate,Tigre,1.0,4.0,Sebastían Zunino,5.0,P
m_0KBmAa,2026-03-03,8,Banfield,Aldosivi,2.0,0.0,Carlos Andrés Gariano,2.0,G
m_0kIwxH,2026-08-15,5,Aldosivi,Tigre,0.0,0.0,Juan Pafundi,0.0,E
m_0KKvFY,2026-08-04,3,Huracán,Atlético Tucumán,0.0,0.0,Bruno Amiconi,0.0,E
m_0kNt0b,2026-08-24,6,Racing Club,Boca Juniors,1.0,1.0,Nicolás Ramírez,2.0,E
m_0ks99k,2026-02-03,3,Argentinos Juniors,Belgrano,0.0,0.0,Pablo Dóvalo,0.0,E
m_0Ksq5j,2026-09-06,8,Rosario Central,Newell's Old Boys,1.0,1.0,Yael Falcón Pérez,2.0,E
m_0kTolw,2026-05-09,1/8,Boca Juniors,Huracán,2.0,3.0,Pablo Echavarría,5.0,P
m_0M3QLL,2026-08-14,5,Racing Club,Banfield,0.0,1.0,Andrés Merlos,1.0,P
m_0m7kON,2026-08-29,7,Huracán,Estudiantes de Río Cuarto,1.0,1.0,Yael Falcón Pérez,2.0,E
m_0NaY2x,2026-09-06,8,Lanús,Defensa y Justicia,1.0,0.0,Andrés Merlos,1.0,G
m_0ofblh,2026-02-07,4,Central Córdoba de Santiago,Unión,1.0,0.0,Andrés Merlos,1.0,G
m_0OoV9x,2026-07-30,2,Talleres,Vélez Sarsfield,1.0,3.0,Nazareno Arasa,4.0,P
m_0OvFHa,2026-08-01,3,Estudiantes de Río Cuarto,Banfield,0.0,0.0,Jorge Ignacio Baliño,0.0,E
m_0pr0Dr,2026-01-25,1,Rosario Central,Belgrano,1.0,2.0,Yael Falcón Pérez,3.0,P
m_0QgN6d,2026-04-05,13,Rosario Central,Atlético Tucumán,2.0,1.0,Nicolás Ramírez,3.0,G
m_0QP5Eq,2026-04-21,15,Tigre,Huracán,1.0,1.0,Yael Falcón Pérez,2.0,E
m_0rdClw,2026-02-25,7,Vélez Sarsfield,Deportivo Riestra,0.0,0.0,Pablo Echavarría,0.0,E
m_0rf9Wx,2026-02-09,4,Lanús,Talleres,1.0,1.0,Nicolás Lamolina,2.0,E
m_0rmcr6,2026-08-29,7,Boca Juniors,Lanús,1.0,0.0,Pablo Dóvalo,1.0,G
m_0rPnpL,2026-09-08,8,Unión,Instituto,3.0,2.0,Nicolás Lamolina,5.0,G
m_0RZpdm,2026-03-12,10,Talleres,Instituto,2.0,0.0,Darío Herrera,2.0,G
m_0S9hu2,2026-04-05,13,Central Córdoba de Santiago,Newell's Old Boys,1.0,3.0,Hernán Mastrángelo,4.0,P
m_0sFzNT,2026-04-11,14,Independiente Rivadavia,Argentinos Juniors,3.0,1.0,Darío Herrera,4.0,G
m_0smnBS,2026-07-26,1,Estudiantes,Independiente,0.0,2.0,Pablo Dóvalo,2.0,P
m_0SpGk1,2026-07-28,2,San Lorenzo,Gimnasia Mendoza,1.0,0.0,Fernando Echenique,1.0,G
m_0TuvMr,2026-02-14,5,Unión,San Lorenzo,0.0,0.0,Ariel Penel,0.0,E
m_0U4Xso,2026-07-28,2,Banfield,Sarmiento,3.0,2.0,Carlos Andrés Gariano,5.0,G
m_0U6amu,2026-01-24,1,Gimnasia LP,Racing Club,2.0,1.0,Leandro Rey Hilfer,3.0,G
m_0UgeFv,2026-04-19,15,Argentinos Juniors,Atlético Tucumán,1.0,0.0,Bruno Amiconi,1.0,G
m_0v5efb,2026-09-11,9,Defensa y Justicia,Gimnasia Mendoza,2.0,0.0,Jorge Baliño,2.0,G
m_0VVZir,2026-08-16,5,Sarmiento,Huracán,2.0,0.0,Hernán Mastrángelo,2.0,G
m_0WCpY7,2026-02-07,4,Aldosivi,Rosario Central,1.0,1.0,Fernando Espinoza,2.0,E
m_0WEWh7,2026-09-14,9,Banfield,Barracas Central,1.0,1.0,Sebastián Zunino,2.0,E
m_0WMvJY,2026-02-20,6,Boca Juniors,Racing Club,0.0,0.0,Leandro Rey Hilfer,0.0,E
m_0Wq4zM,2026-02-14,5,Defensa y Justicia,Vélez Sarsfield,1.0,1.0,Fernando Echenique,2.0,E
m_0X7bQS,2026-04-05,13,River Plate,Belgrano,3.0,0.0,Yael Falcón Pérez,3.0,G
m_0xmq9N,2026-07-24,1,Vélez Sarsfield,Instituto,1.0,0.0,Andrés Merlos,1.0,G
m_0XqwtQ,2026-09-13,9,Independiente,San Lorenzo,1.0,1.0,Facundo Tello,2.0,E
m_0Xzrp8,2026-02-03,3,Unión,Gimnasia Mendoza,4.0,0.0,Nazareno Arasa,4.0,G
m_0YDAap,2026-08-08,4,Atlético Tucumán,Sarmiento,1.0,2.0,Leandro Rey Hilfer,3.0,P
m_0yVlJb,2026-03-16,11,Barracas Central,Atlético Tucumán,2.0,1.0,Sebastían Zunino,3.0,G
m_0ZigWJ,2026-09-13,9,Sarmiento,Belgrano,1.0,1.0,Felipe Viola,2.0,E
m_10l4Ew,2026-02-22,6,Central Córdoba de Santiago,Tigre,0.0,0.0,Nazareno Arasa,0.0,E
m_11WoiN,2026-08-09,4,Independiente,Club Atlético Platense,0.0,1.0,Nicolás Ramírez,1.0,P
m_13pMsz,2026-02-21,6,Club Atlético Platense,Barracas Central,1.0,0.0,Hernán Mastrángelo,1.0,G
m_147hOq,2026-08-06,2,Tigre,Belgrano,0.0,0.0,Fernando Echenique,0.0,E
m_14fRnJ,2026-02-09,4,Vélez Sarsfield,Boca Juniors,2.0,1.0,Nazareno Arasa,3.0,G
m_14jWEQ,2026-01-27,2,Gimnasia Mendoza,San Lorenzo,0.0,1.0,Ariel Penel,1.0,P
m_14q45G,2026-08-30,7,Independiente,Gimnasia Mendoza,0.0,3.0,Sebastián Zunino,3.0,P
m_15Akee,2026-08-18,5,Gimnasia Mendoza,Talleres,3.0,1.0,Andrés Carlos Gariano,4.0,G
m_15JkYD,2026-03-01,8,Instituto,Unión,1.0,2.0,Sebastían Zunino,3.0,P
m_16ojkM,2026-02-20,6,Defensa y Justicia,Belgrano,1.0,1.0,Nicolás Lamolina,2.0,E
m_17RFeg,2026-08-17,5,Estudiantes de Río Cuarto,Atlético Tucumán,0.0,1.0,Fernando Espinoza,1.0,P
m_185FrI,2026-02-09,4,Gimnasia Mendoza,Instituto,1.0,0.0,Luis Lobo Medina,1.0,G
m_19b0Rn,2026-04-12,14,Atlético Tucumán,Tigre,0.0,0.0,Pablo Echavarría,0.0,E
m_19jhYQ,2026-07-29,2,Gimnasia LP,River Plate,1.0,0.0,Leandro Rey Hilfer,1.0,G
m_19Px84,2026-04-25,16,Sarmiento,Tigre,1.0,0.0,Sebastían Zunino,1.0,G
m_19wJgg,2026-04-12,14,Huracán,Rosario Central,3.0,1.0,Fernando Echenique,4.0,G
m_19ZLfE,2026-07-25,1,Huracán,Banfield,1.0,0.0,Juan Pafundi,1.0,G
m_1ABinW,2026-04-06,13,Argentinos Juniors,Banfield,3.0,2.0,Pablo Echavarría,5.0,G
m_1aviF3,2026-07-26,1,Lanús,San Lorenzo,1.0,0.0,Leandro Rey Hilfer,1.0,G
m_1B4lCI,2026-08-30,7,Argentinos Juniors,Aldosivi,2.0,1.0,Luis Lobo Medina,3.0,G
m_1bDP6c,2026-08-28,7,Unión,Sarmiento,4.0,1.0,Pablo Echavarría,5.0,G
m_1BLvBV,2026-01-26,1,Argentinos Juniors,Sarmiento,1.0,0.0,Carlos Andrés Gariano,1.0,G
m_1bOPPX,2026-01-24,1,Independiente Rivadavia,Atlético Tucumán,2.0,1.0,Brian Ferreyra,3.0,G
m_1BPKXp,2026-01-28,2,Newell's Old Boys,Independiente,1.0,1.0,Edgardo Daniel Zamora,2.0,E
m_1c7isO,2026-03-21,12,Atlético Tucumán,Gimnasia LP,1.0,0.0,Carlos Andrés Gariano,1.0,G
m_1c9W0N,2026-03-27,6,Argentinos Juniors,Lanús,2.0,1.0,Nicolás Lamolina,3.0,G
m_1CaySw,2026-03-21,12,Vélez Sarsfield,Lanús,0.0,1.0,Pablo Dóvalo,1.0,P
m_1cKmol,2026-08-01,3,Belgrano,Argentinos Juniors,0.0,1.0,Carlos Andrés Gariano,1.0,P
m_1Cuhf7,2026-02-09,4,Barracas Central,Gimnasia LP,2.0,0.0,Darío Herrera,2.0,G
m_1CzDvn,2026-02-16,5,Deportivo Riestra,Newell's Old Boys,1.0,1.0,Luis Lobo Medina,2.0,E
m_1DDmUV,2026-03-04,8,Atlético Tucumán,Racing Club,0.0,3.0,Fernando Echenique,3.0,P
m_1DO56u,2026-03-12,10,Independiente Rivadavia,Barracas Central,1.0,2.0,Yael Falcón Pérez,3.0,P
m_1E7Dux,2026-08-17,5,Lanús,Independiente,1.0,3.0,Sebastián Martínez,4.0,P
m_1fJ2Fa,2026-03-15,11,River Plate,Sarmiento,2.0,0.0,Darío Herrera,2.0,G
m_1fmUw8,2026-05-03,9,Gimnasia LP,Argentinos Juniors,2.0,0.0,Juan Pafundi,2.0,G
m_1H9yMb,2026-02-12,5,Tigre,Aldosivi,1.0,0.0,Bryan Gustavo Ferreyra,1.0,G
m_1hisDs,2026-02-08,4,Newell's Old Boys,Defensa y Justicia,2.0,3.0,Felipe Viola,5.0,P
m_1hukZb,2026-03-21,12,Defensa y Justicia,Unión,2.0,0.0,Felipe Viola,2.0,G
m_1hvbqC,2026-09-04,8,Belgrano,Huracán,1.0,1.0,Luis Lobo Medina,2.0,E
m_1ifuZW,2026-03-16,11,Unión,Boca Juniors,1.0,1.0,Yael Falcón Pérez,2.0,E
m_1IrvXt,2026-03-03,8,Independiente Rivadavia,River Plate,1.0,1.0,Facundo Raúl Tello Figueroa,2.0,E
m_1j8XKc,2026-02-25,7,Gimnasia LP,Rosario Central,1.0,2.0,Fernando Echenique,3.0,P
m_1jdpKo,2026-01-31,3,Independiente,Vélez Sarsfield,1.0,1.0,Hernán Mastrángelo,2.0,E
m_1jmmXo,2026-03-16,11,Racing Club,Estudiantes de Río Cuarto,2.0,0.0,Jorge Ignacio Baliño,2.0,G
m_1jSOwn,2026-09-14,9,Huracán,Racing Club,2.0,1.0,Pablo Dóvalo,3.0,G
m_1JvU76,2026-03-18,11,Central Córdoba de Santiago,Deportivo Riestra,1.0,0.0,Carlos Andrés Gariano,1.0,G
m_1Klahn,2026-03-24,12,Huracán,Barracas Central,0.0,0.0,Facundo Raúl Tello Figueroa,0.0,E
m_1lN21b,2026-09-07,8,Barracas Central,Argentinos Juniors,0.0,0.0,Leandro Rey Hilfer,0.0,E
m_1mw3rN,2026-01-30,2,Estudiantes de Río Cuarto,Argentinos Juniors,0.0,0.0,Jorge Ignacio Baliño,0.0,E
m_1oH2tW,2026-01-23,1,Independiente,Estudiantes,1.0,1.0,Nazareno Arasa,2.0,E
m_1oO6B7,2026-08-30,7,Banfield,River Plate,2.0,3.0,Leandro Rey Hilfer,5.0,P
m_1P18Zr,2026-05-04,9,Vélez Sarsfield,Newell's Old Boys,1.0,1.0,Luis Lobo Medina,2.0,E
m_1P4cPw,2026-02-03,3,Banfield,Estudiantes de Río Cuarto,2.0,1.0,Sebastían Zunino,3.0,G
m_1P4GDL,2026-07-24,1,Racing Club,Gimnasia LP,2.0,1.0,Nicolás Ramírez,3.0,G
m_1qj0Vv,2026-09-15,Clausura - Round 9,Instituto,Estudiantes de Río Cuarto,2.0,1.0,Luis Lobo Medina,3.0,G
m_1qQfO1,2026-04-26,16,Independiente Rivadavia,Gimnasia Mendoza,5.0,1.0,Yael Falcón Pérez,6.0,G
m_1qqpJe,2026-05-05,9,Estudiantes de Río Cuarto,Instituto,0.0,2.0,Andrés Merlos,2.0,P
m_1R2IMx,2026-07-29,2,Defensa y Justicia,Deportivo Riestra,2.0,1.0,Bruno Amiconi,3.0,G
m_1sCl2u,2026-03-17,11,Lanús,Newell's Old Boys,5.0,0.0,Bruno Amiconi,5.0,G
m_1sTPds,2026-08-02,3,Deportivo Riestra,Barracas Central,0.0,1.0,Darío Herrera,1.0,P
m_1tC6eA,2026-04-03,13,Gimnasia Mendoza,Vélez Sarsfield,3.0,2.0,Álvaro Carranza,5.0,G
m_1tV17s,2026-01-26,2,Club Atlético Platense,Instituto,2.0,1.0,Bruno Amiconi,3.0,G
m_1uocnY,2026-04-11,14,Boca Juniors,Independiente,1.0,1.0,Andrés Merlos,2.0,E
m_1UxCxs,2026-05-02,9,Barracas Central,Banfield,1.0,2.0,Darío Herrera,3.0,P
m_1Vr866,2026-04-18,15,Instituto,Estudiantes,0.0,1.0,Hernán Mastrángelo,1.0,P
m_1VteVu,2026-04-12,14,Estudiantes de Río Cuarto,Barracas Central,1.0,2.0,Pablo Dóvalo,3.0,P
m_1W1wwo,2026-09-06,8,Central Córdoba de Santiago,Independiente,0.0,1.0,Andrés Carlos Gariano,1.0,P
m_1wAs6k,2026-08-06,2,Unión,Lanús,2.0,1.0,Nicolás Lamolina,3.0,G
m_1WEirs,2026-04-12,14,Newell's Old Boys,San Lorenzo,0.0,0.0,Sebastián Nicolás Martínez,0.0,E
m_1WfN4f,2026-07-30,2,Instituto,Club Atlético Platense,2.0,1.0,Luis Lobo Medina,3.0,G
m_1wLnDu,2026-04-03,13,Unión,Deportivo Riestra,2.0,0.0,Darío Herrera,2.0,G
m_1XEoaS,2026-05-02,9,Lanús,Deportivo Riestra,0.0,0.0,Sebastián Nicolás Martínez,0.0,E
m_1Y4U8l,2026-03-23,12,Argentinos Juniors,Club Atlético Platense,1.0,0.0,Fernando Echenique,1.0,G
m_1YGhXX,2026-09-01,7,Instituto,San Lorenzo,1.0,0.0,Andrés Carlos Gariano,1.0,G
m_1YnVax,2026-07-29,2,Rosario Central,Racing Club,0.0,0.0,Hernán Mastrángelo,0.0,E
m_208YJA,2026-08-09,4,Defensa y Justicia,Newell's Old Boys,2.0,1.0,Álvaro Carranza,3.0,G
m_20gfAy,2026-01-29,2,Deportivo Riestra,Defensa y Justicia,0.0,1.0,Hernán Mastrángelo,1.0,P
m_21nAGO,2026-02-07,4,Racing Club,Argentinos Juniors,2.0,1.0,Hernán Mastrángelo,3.0,G
m_21tO51,2026-05-10,1/8,River Plate,San Lorenzo,2.0,2.0,Sebastían Zunino,4.0,E
m_23LFB9,2026-08-11,4,Unión,Central Córdoba de Santiago,1.0,2.0,Nazareno Arasa,3.0,P
m_23XA3J,2026-08-31,7,Estudiantes,Newell's Old Boys,0.0,0.0,Juan Pafundi,0.0,E
m_24NuK9,2026-04-02,13,Talleres,Boca Juniors,0.0,1.0,Nazareno Arasa,1.0,P
m_2518A4,2026-04-17,15,Unión,Newell's Old Boys,2.0,3.0,Fernando Espinoza,5.0,P
m_25L4uT,2026-02-26,7,River Plate,Banfield,3.0,1.0,Hernán Mastrángelo,4.0,G
m_25ZLbm,2026-05-24,final,River Plate,Belgrano,2.0,3.0,Yael Falcón Pérez,5.0,P
m_26MC0h,2026-08-05,2,Boca Juniors,Estudiantes,1.0,0.0,Nazareno Arasa,1.0,G
m_29QdK5,2026-05-03,9,River Plate,Atlético Tucumán,0.0,1.0,Yael Falcón Pérez,1.0,P
m_2a1a7F,2026-02-14,5,Talleres,Gimnasia Mendoza,2.0,1.0,Darío Herrera,3.0,G
m_2AINHd,2026-04-19,15,Rosario Central,Sarmiento,2.0,1.0,Andrés Merlos,3.0,G
m_2ASJLP,2026-02-26,7,Racing Club,Independiente Rivadavia,1.0,1.0,Darío Herrera,2.0,E
m_2byNvS,2026-02-25,7,Newell's Old Boys,Estudiantes,0.0,2.0,Nicolás Lamolina,2.0,P
m_2citFn,2026-02-01,3,Talleres,Club Atlético Platense,1.0,2.0,Carlos Andrés Gariano,3.0,P
m_2ckNSG,2026-08-10,4,Banfield,Belgrano,0.0,2.0,Sebastián Nicolás Martínez,2.0,P
m_2daQ30,2026-01-30,2,Sarmiento,Banfield,1.0,0.0,Sebastián Nicolás Martínez,1.0,G
m_2dkzXZ,2026-02-25,7,Barracas Central,Tigre,2.0,1.0,Pablo Dóvalo,3.0,G
m_2dZtBq,2026-05-10,1/8,Rosario Central,Independiente,3.0,1.0,Yael Falcón Pérez,4.0,G
m_2e6Rvv,2026-03-13,10,Huracán,River Plate,1.0,2.0,Nicolás Ramírez,3.0,P
m_2EBOtR,2026-08-03,3,Lanús,Instituto,0.0,1.0,Nazareno Arasa,1.0,P
m_2eHqO4,2026-09-01,7,Tigre,Barracas Central,0.0,0.0,Facundo Tello,0.0,E
m_2g93PE,2026-04-19,15,Talleres,Deportivo Riestra,2.0,0.0,Fernando Echenique,2.0,G
m_2gIXlp,2026-03-21,12,Newell's Old Boys,Gimnasia Mendoza,1.0,0.0,Sebastían Zunino,1.0,G
m_2GNnDW,2026-08-02,3,Aldosivi,Gimnasia LP,1.0,2.0,Luis Lobo Medina,3.0,P
m_2HMWiS,2026-02-16,5,Rosario Central,Barracas Central,2.0,0.0,Pablo Echavarría,2.0,G
m_2hRZh7,2026-03-02,8,Deportivo Riestra,Club Atlético Platense,0.0,0.0,Nazareno Arasa,0.0,E
m_2hYXmh,2026-01-25,1,Boca Juniors,Deportivo Riestra,1.0,0.0,Sebastían Zunino,1.0,G
m_2HZGss,2026-09-12,9,Boca Juniors,Central Córdoba de Santiago,3.0,1.0,Yael Falcón Pérez,4.0,G
m_2ImO5V,2026-09-05,8,San Lorenzo,Talleres,1.0,0.0,Fernando Echenique,1.0,G
m_2IoMcO,2026-08-22,6,Independiente,Independiente Rivadavia,0.0,0.0,Yael Falcón Pérez,0.0,E
m_2iSmoq,2026-09-12,9,Estudiantes,Club Atlético Platense,2.0,1.0,Maximiliano Macheroni,3.0,G
m_2jeBEO,2026-01-27,2,Huracán,Independiente Rivadavia,1.0,2.0,Juan Pafundi,3.0,P
m_2jSZpM,2026-02-01,3,Boca Juniors,Newell's Old Boys,2.0,0.0,Darío Herrera,2.0,G
m_2k3hTY,2026-08-24,6,Tigre,Central Córdoba de Santiago,2.0,1.0,Fernando Echavarría,3.0,G
m_2k76Cm,2026-04-05,13,Gimnasia LP,Huracán,0.0,3.0,Jorge Ignacio Baliño,3.0,P
m_2kLUw0,2026-01-28,2,Aldosivi,Barracas Central,0.0,0.0,Luis Lobo Medina,0.0,E
m_2kYA49,2026-02-20,6,Estudiantes,Sarmiento,1.0,0.0,Andrés Merlos,1.0,G
m_2lA7Wg,2026-09-12,9,Independiente Rivadavia,Aldosivi,4.0,3.0,Darío Herrera,7.0,G
m_2LhyO1,2026-08-25,6,Talleres,Rosario Central,2.0,2.0,Sebastián Martínez,4.0,E
m_2M8Y8t,2026-02-21,6,Rosario Central,Talleres,0.0,1.0,Sebastían Zunino,1.0,P
m_2MNUQn,2026-02-20,6,Instituto,Atlético Tucumán,2.0,1.0,Fernando Espinoza,3.0,G
m_2MnXyo,2026-09-05,8,Gimnasia LP,Tigre,2.0,1.0,Daniel Alberto Zamora,3.0,G
m_2MVqzf,2026-02-08,4,Belgrano,Banfield,1.0,0.0,Sebastián Nicolás Martínez,1.0,G
m_2NfZWl,2026-04-07,13,Instituto,Defensa y Justicia,2.0,0.0,Andrés Merlos,2.0,G
m_2obGmX,2026-03-03,8,Huracán,Belgrano,3.0,1.0,Ariel Penel,4.0,G
m_2pE60O,2026-04-13,14,Lanús,Banfield,1.0,0.0,Nicolás Ramírez,1.0,G
m_2pi43m,2026-03-16,11,San Lorenzo,Defensa y Justicia,2.0,5.0,Pablo Dóvalo,7.0,P
m_2PMEYZ,2026-02-04,3,Independiente Rivadavia,Sarmiento,2.0,1.0,Luis Lobo Medina,3.0,G
m_2qTx0J,2026-04-18,15,Independiente,Defensa y Justicia,3.0,1.0,Sebastián Nicolás Martínez,4.0,G
m_2rfIEE,2026-03-13,10,Estudiantes,Lanús,0.0,1.0,Hernán Mastrángelo,1.0,P
m_2riSvt,2026-04-21,15,Gimnasia Mendoza,Lanús,1.0,0.0,Felipe Viola,1.0,G
m_2rJ3SG,2026-08-15,5,Belgrano,Independiente Rivadavia,2.0,0.0,Nazareno Arasa,2.0,G
m_2RNEop,2026-05-03,9,Belgrano,Sarmiento,4.0,0.0,Carlos Andrés Gariano,4.0,G
m_2sHWPe,2026-03-01,8,Newell's Old Boys,Rosario Central,0.0,2.0,Yael Falcón Pérez,2.0,P
m_2t96qK,2026-05-10,1/8,Argentinos Juniors,Lanús,2.0,0.0,Leandro Rey Hilfer,2.0,G
m_2tup6z,2026-07-31,2,Independiente,Newell's Old Boys,1.0,0.0,Pablo Echavarría,1.0,G
m_2tVeMD,2026-09-13,9,Argentinos Juniors,Gimnasia LP,1.0,1.0,Sebastián Martínez,2.0,E
m_2UjMTH,2026-09-13,9,Tigre,Rosario Central,0.0,1.0,Andrés Merlos,1.0,P
m_2uyJMX,2026-04-26,16,Atlético Tucumán,Banfield,1.0,1.0,Álvaro Carranza,2.0,E
m_2VlptL,2026-07-25,1,Estudiantes de Río Cuarto,Tigre,1.0,0.0,Bryan Gustavo Ferreyra,1.0,G
m_2VSaa1,2026-08-08,4,Tigre,River Plate,1.0,0.0,Carlos Andrés Gariano,1.0,G
m_2Vtk92,2026-08-02,3,Newell's Old Boys,Boca Juniors,2.0,2.0,Andrés Merlos,4.0,E
m_2vu8vn,2026-03-16,11,Aldosivi,Huracán,0.0,0.0,Luis Lobo Medina,0.0,E
m_2wEu9K,2026-01-23,1,San Lorenzo,Lanús,2.0,3.0,Pablo Dóvalo,5.0,P
m_2wfcAu,2026-04-14,14,Vélez Sarsfield,Central Córdoba de Santiago,1.0,0.0,Bruno Amiconi,1.0,G
m_2wlvcQ,2026-02-15,5,Gimnasia LP,Estudiantes,0.0,0.0,Yael Falcón Pérez,0.0,E
m_2WYe7B,2026-08-01,3,Gimnasia Mendoza,Unión,2.0,0.0,Juan Pablo Loustau,2.0,G
m_2xdOyu,2026-08-01,3,Estudiantes,Defensa y Justicia,3.0,0.0,Sebastián Nicolás Martínez,3.0,G
m_2XIz1k,2026-03-18,11,Gimnasia Mendoza,Estudiantes,1.0,2.0,Nazareno Arasa,3.0,P
m_2XR10W,2026-01-28,2,Atlético Tucumán,Central Córdoba de Santiago,0.0,0.0,Carlos Andrés Gariano,0.0,E
m_2yIwhJ,2026-03-16,11,Tigre,Argentinos Juniors,1.0,1.0,Edgardo Daniel Zamora,2.0,E
m_2yMdi1,2026-04-18,15,Gimnasia LP,Estudiantes de Río Cuarto,1.0,0.0,Luis Lobo Medina,1.0,G
m_2YNGA5,2026-02-24,7,San Lorenzo,Instituto,1.0,1.0,Andrés Merlos,2.0,E
m_300q44,2026-08-31,7,Defensa y Justicia,Club Atlético Platense,1.0,0.0,Juan Pablo Loustau,1.0,G
m_31Xzsf,2026-02-15,5,Boca Juniors,Club Atlético Platense,0.0,0.0,Sebastían Zunino,0.0,E
m_32VFMh,2026-03-02,8,Defensa y Justicia,Lanús,1.0,1.0,Luis Lobo Medina,2.0,E
m_32YJGL,2026-09-06,8,River Plate,Independiente Rivadavia,3.0,1.0,Nicolás Ramírez,4.0,G
m_36N9w7,2026-09-12,9,Talleres,Unión,2.0,1.0,Nazareno Arasa,3.0,G
m_37CuJS,2026-02-15,5,Atlético Tucumán,Estudiantes de Río Cuarto,4.0,0.0,Daniel Alberto Zamora,4.0,G
m_38Dq9r,2026-03-22,12,Estudiantes de Río Cuarto,River Plate,0.0,2.0,Nazareno Arasa,2.0,P
m_38l4Ru,2026-07-26,1,Atlético Tucumán,Independiente Rivadavia,0.0,0.0,Álvaro Carranza,0.0,E
m_38lyOU,2026-08-30,7,Talleres,Central Córdoba de Santiago,0.0,0.0,Nicolás Ramírez,0.0,E
m_38XAFZ,2026-08-25,6,Lanús,Argentinos Juniors,1.0,1.0,Sebastián Zunino,2.0,E
m_3A4OqU,2026-07-25,1,Club Atlético Platense,Unión,2.0,2.0,Sebastián Nicolás Martínez,4.0,E
m_3ACZQ9,2026-02-02,3,Tigre,Racing Club,3.0,1.0,Pablo Echavarría,4.0,G
m_3ar3G9,2026-05-14,1/4,River Plate,Gimnasia LP,2.0,0.0,Leandro Rey Hilfer,2.0,G
m_3B1MqQ,2026-07-24,1,Gimnasia Mendoza,Central Córdoba de Santiago,1.0,0.0,Carlos Andrés Gariano,1.0,G
m_3B5PeK,2026-03-03,8,Sarmiento,Estudiantes de Río Cuarto,1.0,0.0,Juan Pablo Loustau,1.0,G
m_3bFbbT,2026-07-23,1,Sarmiento,Argentinos Juniors,2.0,3.0,Luis Lobo Medina,5.0,P
m_3bjCVs,2026-02-01,3,Atlético Tucumán,Huracán,1.0,1.0,Felipe Viola,2.0,E
m_3bNpUp,2026-03-05,7,Lanús,Boca Juniors,0.0,3.0,Darío Herrera,3.0,P
m_3c05ZH,2026-05-09,1/8,Talleres,Belgrano,0.0,1.0,Darío Herrera,1.0,P
m_3C4rqD,2026-05-02,9,Unión,Talleres,1.0,1.0,Sebastían Zunino,2.0,E
m_3C7F2J,2026-02-16,5,Instituto,Central Córdoba de Santiago,2.0,0.0,Leandro Rey Hilfer,2.0,G
m_3crdvk,2026-05-02,9,Central Córdoba de Santiago,Boca Juniors,1.0,2.0,Nazareno Arasa,3.0,P
m_3CZXTq,2026-05-02,9,San Lorenzo,Independiente,1.0,2.0,Pablo Dóvalo,3.0,P
m_3FQmVY,2026-03-01,8,Argentinos Juniors,Barracas Central,1.0,1.0,Leandro Rey Hilfer,2.0,E
m_3g6NsD,2026-02-14,5,Banfield,Racing Club,0.0,2.0,Pablo Dóvalo,2.0,P
m_3gOUak,2026-01-26,1,Tigre,Estudiantes de Río Cuarto,2.0,0.0,Felipe Viola,2.0,G
m_3GuLGz,2026-09-05,8,Aldosivi,Banfield,3.0,1.0,Sebastián Martínez,4.0,G
m_3h25YQ,2026-05-10,1/8,Independiente Rivadavia,Unión,1.0,2.0,Luis Lobo Medina,3.0,P
m_3h9ajC,2026-07-23,1,Belgrano,Rosario Central,2.0,1.0,Sebastían Zunino,3.0,G
m_3HhWIs,2026-08-09,4,Argentinos Juniors,Racing Club,2.0,1.0,Pablo Dóvalo,3.0,G
m_3JhiqO,2026-04-27,16,Vélez Sarsfield,Unión,2.0,2.0,Sebastián Nicolás Martínez,4.0,E
m_3jKKF8,2026-02-10,4,Estudiantes de Río Cuarto,Independiente Rivadavia,0.0,1.0,Carlos Andrés Gariano,1.0,P
m_3jpi32,2026-08-23,6,Huracán,Deportivo Riestra,0.0,0.0,Facundo Tello,0.0,E
m_3JpYQD,2026-08-09,4,Instituto,Gimnasia Mendoza,1.0,0.0,Sebastían Zunino,1.0,G
m_3JTbLz,2026-04-24,16,Lanús,Central Córdoba de Santiago,0.0,0.0,Pablo Dóvalo,0.0,E
m_3kkhBc,2026-03-22,12,Boca Juniors,Instituto,2.0,0.0,Leandro Rey Hilfer,2.0,G
m_3kUgTn,2026-04-26,16,Newell's Old Boys,Instituto,1.0,1.0,Bruno Amiconi,2.0,E
m_3kXmim,2026-09-06,8,Vélez Sarsfield,Estudiantes,1.0,0.0,Pablo Dóvalo,1.0,G
m_3L4LL7,2026-01-24,1,Barracas Central,River Plate,0.0,1.0,Nicolás Ramírez,1.0,P
m_3lE8VM,2026-08-04,3,Central Córdoba de Santiago,San Lorenzo,1.0,0.0,Sebastían Zunino,1.0,G
m_3MBuhd,2026-05-03,9,Club Atlético Platense,Estudiantes,0.0,2.0,Nicolás Ramírez,2.0,P
m_3MfCw1,2026-05-03,9,Aldosivi,Independiente Rivadavia,1.0,1.0,Pablo Echavarría,2.0,E
m_3Nkc9o,2026-04-26,16,River Plate,Aldosivi,3.0,1.0,Nicolás Ramírez,4.0,G
m_3oaL0D,2026-03-12,10,Estudiantes de Río Cuarto,Belgrano,0.0,1.0,Fernando Espinoza,1.0,P
m_3Ol2iT,2026-03-21,12,Banfield,Tigre,1.0,0.0,Luis Lobo Medina,1.0,G
m_3OMXQ9,2026-02-02,3,Gimnasia LP,Aldosivi,3.0,1.0,Juan Pafundi,4.0,G
m_3Oow95,2026-08-09,4,San Lorenzo,Huracán,0.0,2.0,Darío Herrera,2.0,P
m_3p9B98,2026-08-31,7,Independiente Rivadavia,Racing Club,3.0,1.0,Álvaro Carranza,4.0,G
m_3pnBbL,2026-04-04,13,Aldosivi,Estudiantes de Río Cuarto,0.0,0.0,Facundo Raúl Tello Figueroa,0.0,E
m_3qEFO6,2026-04-04,13,Independiente,Racing Club,1.0,0.0,Leandro Rey Hilfer,1.0,G
m_3rFQnJ,2026-03-22,12,Belgrano,Racing Club,1.0,2.0,Andrés Merlos,3.0,P
m_3RgxwY,2026-04-12,14,Racing Club,River Plate,0.0,2.0,Sebastían Zunino,2.0,P
m_3sDDFG,2026-02-09,4,Estudiantes,Deportivo Riestra,1.0,0.0,Facundo Raúl Tello Figueroa,1.0,G
m_3Sp87a,2026-09-07,8,Racing Club,Atlético Tucumán,1.0,2.0,Pablo Echavarría,3.0,P
m_3spPk4,2026-08-15,5,Estudiantes,Gimnasia LP,4.0,0.0,Yael Falcón Pérez,4.0,G
m_3SxiDH,2026-03-23,12,Independiente Rivadavia,Rosario Central,2.0,0.0,Pablo Echavarría,2.0,G
m_3SYDN1,2026-04-13,14,Defensa y Justicia,Talleres,1.0,2.0,Luis Lobo Medina,3.0,P
m_3tdQH8,2026-09-11,9,Newell's Old Boys,Vélez Sarsfield,1.0,1.0,Nicolás Ramírez,2.0,E
m_3TfM13,2026-02-21,6,Gimnasia Mendoza,Gimnasia LP,0.0,1.0,Carlos Andrés Gariano,1.0,P
m_3TfyzU,2026-09-12,9,Atlético Tucumán,River Plate,1.0,2.0,Andrés Carlos Gariano,3.0,P
m_3vfFEs,2026-04-25,16,Racing Club,Barracas Central,1.0,1.0,Pablo Echavarría,2.0,E
m_3vjLig,2026-05-10,1/8,Estudiantes,Racing Club,0.0,1.0,Sebastián Nicolás Martínez,1.0,P
m_3W9CKi,2026-03-15,11,Belgrano,Talleres,0.0,0.0,Facundo Raúl Tello Figueroa,0.0,E
m_3WrGF3,2026-03-14,11,Club Atlético Platense,Vélez Sarsfield,0.0,2.0,Ariel Penel,2.0,P
m_3wtsgB,2026-08-21,6,Estudiantes de Río Cuarto,San Lorenzo,0.0,0.0,Nazareno Arasa,0.0,E
m_3WwAlG,2026-03-02,8,Estudiantes,Vélez Sarsfield,0.0,1.0,Sebastián Nicolás Martínez,1.0,P
m_3XlvKO,2026-04-19,15,Aldosivi,Racing Club,1.0,1.0,Nazareno Arasa,2.0,E
m_3Xoqfp,2026-04-26,16,Belgrano,Gimnasia LP,0.0,1.0,Nazareno Arasa,1.0,P
m_3xPV3E,2026-08-08,4,Deportivo Riestra,Estudiantes,2.0,0.0,Andrés Merlos,2.0,G
m_3xzvfD,2026-08-23,6,Sarmiento,Estudiantes,2.0,0.0,Nicolás Lamolina,2.0,G
m_3YFLQO,2026-04-20,15,Central Córdoba de Santiago,Club Atlético Platense,4.0,3.0,Sebastían Zunino,7.0,G
m_3yRTgE,2026-08-23,6,Newell's Old Boys,Banfield,2.0,1.0,Felipe Viola,3.0,G
m_3zA6AY,2026-07-29,2,Argentinos Juniors,Estudiantes de Río Cuarto,3.0,0.0,Felipe Viola,3.0,G
m_41Dxbo,2026-04-02,13,Tigre,Independiente Rivadavia,0.0,2.0,Pablo Dóvalo,2.0,P
m_41GmcC,2026-03-21,12,Independiente,Talleres,1.0,2.0,Hernán Mastrángelo,3.0,P
m_41mY2k,2026-04-25,16,Club Atlético Platense,San Lorenzo,0.0,1.0,Hernán Mastrángelo,1.0,P
m_42bvJB,2026-02-24,7,Central Córdoba de Santiago,Talleres,2.0,0.0,Yael Falcón Pérez,2.0,G
m_431211,2026-01-29,2,Lanús,Unión,2.0,1.0,Fernando Espinoza,3.0,G
m_43tFlq,2026-08-17,5,Vélez Sarsfield,Defensa y Justicia,1.0,1.0,Nicolás Ramírez,2.0,E
m_43Vm4s,2026-01-24,1,Talleres,Newell's Old Boys,2.0,1.0,Luis Lobo Medina,3.0,G
m_45TuR8,2026-01-27,2,Vélez Sarsfield,Talleres,2.0,1.0,Yael Falcón Pérez,3.0,G
m_45XhQv,2026-02-01,3,Barracas Central,Deportivo Riestra,1.0,1.0,Bruno Amiconi,2.0,E
m_47lc7V,2026-09-15,9,Instituto,Estudiantes de Río Cuarto,2.0,1.0,Luis Lobo Medina,3.0,G
m_48fWBj,2026-08-17,5,Barracas Central,Rosario Central,0.0,1.0,Pablo Dóvalo,1.0,P
m_48r2a7,2026-02-22,6,San Lorenzo,Estudiantes de Río Cuarto,2.0,0.0,Sebastián Nicolás Martínez,2.0,G
m_49Gg2q,2026-02-21,6,Independiente Rivadavia,Independiente,3.0,2.0,Yael Falcón Pérez,5.0,G
m_49lsqf,2026-03-22,12,Sarmiento,Aldosivi,2.0,0.0,Bruno Amiconi,2.0,G
m_4AhgSS,2026-08-09,4,Gimnasia LP,Barracas Central,2.0,0.0,Nicolás Lamolina,2.0,G
m_4aRjxN,2026-02-02,3,Rosario Central,River Plate,0.0,0.0,Facundo Raúl Tello Figueroa,0.0,E
m_4BLbJI,2026-09-05,8,Gimnasia Mendoza,Boca Juniors,2.0,2.0,Darío Herrera,4.0,E
m_4bNncf,2026-08-29,7,Rosario Central,Gimnasia LP,1.0,2.0,Darío Herrera,3.0,P
m_4bZ5kw,2026-08-29,7,Deportivo Riestra,Vélez Sarsfield,1.0,1.0,Nazareno Arasa,2.0,E
m_4cBLTF,2026-07-24,1,Defensa y Justicia,Aldosivi,1.0,1.0,Daniel Alberto Zamora,2.0,E
m_4CCLV7,2026-02-13,5,Independiente,Lanús,2.0,0.0,Facundo Raúl Tello Figueroa,2.0,G
m_4Cpvon,2026-05-11,1/8,Vélez Sarsfield,Gimnasia LP,0.0,1.0,Carlos Andrés Gariano,1.0,P
m_4DcYBn,2026-04-13,14,Sarmiento,Gimnasia LP,1.0,2.0,Álvaro Carranza,3.0,P
m_4DTyjs,2026-04-25,16,Estudiantes,Talleres,0.0,0.0,Leandro Rey Hilfer,0.0,E
m_4dWdyt,2026-02-21,6,Banfield,Newell's Old Boys,3.0,0.0,Facundo Raúl Tello Figueroa,3.0,G
m_4EpGKB,2026-02-08,4,Sarmiento,Atlético Tucumán,2.0,1.0,Ariel Penel,3.0,G
m_4f6yGZ,2026-08-12,4,Talleres,Lanús,0.0,3.0,Luis Lobo Medina,3.0,P
m_4fCzkt,2026-08-16,5,River Plate,Argentinos Juniors,2.0,0.0,Facundo Raúl Tello Figueroa,2.0,G
m_4FfDiT,2026-02-08,4,Club Atlético Platense,Independiente,0.0,1.0,Pablo Dóvalo,1.0,P
m_4fJmCv,2026-09-04,8,Estudiantes de Río Cuarto,Sarmiento,0.0,2.0,Bryan Ferreyra,2.0,P
m_4fjPIc,2026-08-23,6,River Plate,Vélez Sarsfield,2.0,2.0,Darío Herrera,4.0,E
m_4FtNTS,2026-08-22,6,Gimnasia LP,Gimnasia Mendoza,2.0,3.0,Leandro Rey Hilfer,5.0,P
m_4fxT6w,2026-04-11,14,Estudiantes,Unión,2.0,1.0,Yael Falcón Pérez,3.0,G
m_4g29p2,2026-08-21,6,Aldosivi,Unión,1.0,3.0,Bruno Amiconi,4.0,P
m_4GDLN6,2026-02-25,7,Belgrano,Atlético Tucumán,3.0,1.0,Carlos Andrés Gariano,4.0,G
m_4Gu3AR,2026-07-26,1,Deportivo Riestra,Boca Juniors,3.0,0.0,Hernán Mastrángelo,3.0,G
m_4Ha0vK,2026-08-08,4,Boca Juniors,Vélez Sarsfield,1.0,1.0,Yael Falcón Pérez,2.0,E
m_4HTpja,2026-08-07,4,Rosario Central,Aldosivi,2.0,1.0,Pablo Echavarría,3.0,G
m_4Hyhnt,2026-02-25,7,Gimnasia Mendoza,Independiente,1.0,1.0,Sebastían Zunino,2.0,E
m_4IdcNi,2026-08-23,6,Barracas Central,Club Atlético Platense,1.0,2.0,Hernán Mastrángelo,3.0,P
m_4JeqYL,2026-02-22,6,Vélez Sarsfield,River Plate,1.0,0.0,Darío Herrera,1.0,G
m_4JNnXO,2026-08-02,3,River Plate,Rosario Central,0.0,1.0,Nicolás Ramírez,1.0,P
m_4KLddA,2026-03-15,11,Gimnasia LP,Independiente Rivadavia,2.0,3.0,Leandro Rey Hilfer,5.0,P
m_4KqHL3,2026-04-24,16,Estudiantes de Río Cuarto,Rosario Central,1.0,2.0,Darío Herrera,3.0,P
m_4Llsds,2026-08-23,6,Belgrano,Defensa y Justicia,1.0,2.0,Fernando Espinoza,3.0,P
m_4MfeT3,2026-02-04,3,Instituto,Lanús,2.0,2.0,Brian Ferreyra,4.0,E
m_4ODmAi,2026-05-03,9,Racing Club,Huracán,0.0,0.0,Leandro Rey Hilfer,0.0,E
m_4OXsD0,2026-04-11,14,Belgrano,Aldosivi,1.0,0.0,Daniel Alberto Zamora,1.0,G
m_4P2osf,2026-02-23,6,Unión,Aldosivi,1.0,0.0,Luis Lobo Medina,1.0,G
m_4P8SSz,2026-07-25,1,Newell's Old Boys,Talleres,1.0,0.0,Jorge Ignacio Baliño,1.0,G
m_4PxDme,2026-02-08,4,Huracán,San Lorenzo,1.0,0.0,Yael Falcón Pérez,1.0,G
m_4Q9jVb,2026-04-28,16,Huracán,Argentinos Juniors,1.0,2.0,Ariel Penel,3.0,P
m_4Qe3bh,2026-07-31,2,Central Córdoba de Santiago,Atlético Tucumán,0.0,2.0,Andrés Merlos,2.0,P
m_4QwFk6,2026-03-02,8,Tigre,Gimnasia LP,2.0,2.0,Pablo Echavarría,4.0,E
m_4RVX9V,2026-02-15,5,Independiente Rivadavia,Belgrano,0.0,1.0,Nazareno Arasa,1.0,P
m_4SzUty,2026-01-31,3,San Lorenzo,Central Córdoba de Santiago,1.0,0.0,Fernando Echenique,1.0,G
m_4TG70M,2026-04-12,14,Club Atlético Platense,Gimnasia Mendoza,1.0,1.0,Juan Pablo Loustau,2.0,E
m_4Vv4zW,2026-08-22,6,Atlético Tucumán,Instituto,0.0,0.0,Andrés Merlos,0.0,E
m_4WxmC2,2026-03-17,11,Instituto,Independiente,2.0,1.0,Nicolás Ramírez,3.0,G
m_4X5YYv,2026-04-20,15,San Lorenzo,Vélez Sarsfield,0.0,0.0,Leandro Rey Hilfer,0.0,E
m_4X9GUk,2026-07-25,1,River Plate,Barracas Central,0.0,1.0,Nazareno Arasa,1.0,P
m_4XI4Tz,2026-01-29,2,Belgrano,Tigre,1.0,1.0,Andrés Merlos,2.0,E
m_4XvVEn,2026-08-16,5,Central Córdoba de Santiago,Instituto,0.0,1.0,Darío Herrera,1.0,P
m_4Y2JeT,2026-08-15,5,Newell's Old Boys,Deportivo Riestra,2.0,0.0,Luis Lobo Medina,2.0,G
m_4ZaB72,2026-07-30,2,Independiente Rivadavia,Huracán,2.0,1.0,Pablo Dóvalo,3.0,G
