player_id,player_name,posicion_pitchapi,dominancia_pitchapi,posicion_sofascore,posicion_final,fuente_posicion,partidos_historicos
p_3ajgv3,Agustin Lastra,ARQ,100.0,ARQ,ARQ,PITCHAPI,11
p_3dYXua,Agustin Marchesin,ARQ,100.0,ARQ,ARQ,PITCHAPI,12
p_43Olsv,Alan Aguerre,ARQ,100.0,,ARQ,PITCHAPI,25
p_30aPId,Alvaro Montero,ARQ,100.0,ARQ,ARQ,PITCHAPI,26
p_2tK1WJ,Axel Werner,ARQ,100.0,ARQ,ARQ,PITCHAPI,16
p_173wGq,Brayan Cortés,ARQ,100.0,ARQ,ARQ,PITCHAPI,29
p_3foBen,Cesar Rigamonti,ARQ,100.0,,ARQ,PITCHAPI,24
p_46qDWM,Cristopher Fiermarin,ARQ,100.0,ARQ,ARQ,PITCHAPI,16
p_1I81cW,Diego Rodríguez,ARQ,100.0,ARQ,ARQ,PITCHAPI,6
p_2AgfXH,Emmanuel Gómez,ARQ,100.0,ARQ,ARQ,PITCHAPI,2
p_2HsKZ1,Ezequiel Unsain,ARQ,100.0,,ARQ,PITCHAPI,10
p_0wvzBl,Fabricio Iacovich,ARQ,100.0,,ARQ,PITCHAPI,8
p_0Nf4Z8,Facundo Cambeses,ARQ,100.0,ARQ,ARQ,PITCHAPI,30
p_0Jq46V,Facundo Sanguinetti,ARQ,100.0,ARQ,ARQ,PITCHAPI,20
p_1JUF3l,Felipe Zenobio,ARQ,100.0,ARQ,ARQ,PITCHAPI,24
p_43Wo3u,Fernando Muslera,ARQ,100.0,,ARQ,PITCHAPI,18
p_008yS2,Franco Armani,ARQ,100.0,ARQ,ARQ,PITCHAPI,1
p_3QfGtH,Franco Petroli,ARQ,100.0,,ARQ,PITCHAPI,2
p_21OTES,Gabriel Arias,ARQ,100.0,ARQ,ARQ,PITCHAPI,7
p_2M9PCX,Gino Santilli,ARQ,100.0,ARQ,ARQ,PITCHAPI,2
p_1u6e88,Guido Herrera,ARQ,100.0,,ARQ,PITCHAPI,17
p_1HS5gG,Hernán Galindez,ARQ,100.0,ARQ,ARQ,PITCHAPI,29
p_2hE23W,Ignacio Arce,ARQ,100.0,ARQ,ARQ,PITCHAPI,27
p_47ig4s,Ignacio Chicco,ARQ,100.0,ARQ,ARQ,PITCHAPI,4
p_3JhFbV,Iván Arboleda,ARQ,100.0,ARQ,ARQ,PITCHAPI,2
p_0MExly,Javier Burrai,ARQ,100.0,ARQ,ARQ,PITCHAPI,16
p_3lI7ex,Javier Vallejos,ARQ,100.0,,ARQ,PITCHAPI,2
p_235aQ1,Jeremias Ledesma,ARQ,100.0,ARQ,ARQ,PITCHAPI,24
p_3OsUcz,Jorge Emanuel Broun,ARQ,100.0,,ARQ,PITCHAPI,4
p_2if2Xd,Josué Reinatti,ARQ,100.0,ARQ,ARQ,PITCHAPI,15
p_4FfIyJ,José Devecchi,ARQ,100.0,ARQ,ARQ,PITCHAPI,8
p_3BgUGt,Juan Cozzani,ARQ,100.0,ARQ,ARQ,PITCHAPI,8
p_11rLEz,Juan Espínola,ARQ,100.0,ARQ,ARQ,PITCHAPI,5
p_2AGsdf,Julián Kadijevic,ARQ,100.0,ARQ,ARQ,PITCHAPI,1
p_0lZVBC,Lautaro Morales,ARQ,100.0,ARQ,ARQ,PITCHAPI,1
p_1iFHLw,Lautaro Petruchi,ARQ,100.0,,ARQ,PITCHAPI,2
p_1yBLpe,Leandro Brey,ARQ,100.0,ARQ,ARQ,PITCHAPI,6
p_1NnBUf,Lucas Acosta,ARQ,100.0,ARQ,ARQ,PITCHAPI,6
p_4MAnmB,Lucas Bruera,ARQ,100.0,ARQ,ARQ,PITCHAPI,11
p_2hGCoi,Luis Ingolotti,ARQ,100.0,ARQ,ARQ,PITCHAPI,25
p_4UkieF,Manuel Roffo,ARQ,100.0,,ARQ,PITCHAPI,16
p_1bLNCG,Manuel Vicentini,ARQ,100.0,,ARQ,PITCHAPI,1
p_4duo4k,Marcelo Mino,ARQ,100.0,,ARQ,PITCHAPI,21
p_3lQo2d,Marcos Ledesma,ARQ,100.0,,ARQ,PITCHAPI,12
p_1JQZ6o,Matias Borgogno,ARQ,100.0,ARQ,ARQ,PITCHAPI,27
p_0yyPLQ,Matias Mansilla,ARQ,100.0,,ARQ,PITCHAPI,29
p_0foRei,Máximo Cabrera,ARQ,100.0,,ARQ,PITCHAPI,1
p_4W6aiW,Nahuel Losada,ARQ,100.0,,ARQ,PITCHAPI,25
p_1CvIxl,Nelson Insfran,ARQ,100.0,ARQ,ARQ,PITCHAPI,27
p_0gsu1O,Nicolas Bolcato,ARQ,100.0,ARQ,ARQ,PITCHAPI,22
p_2Pu3Ap,Nicolás Sumavil,ARQ,100.0,ARQ,ARQ,PITCHAPI,1
p_0Uy6sL,Orlando Gill,ARQ,100.0,ARQ,ARQ,PITCHAPI,19
p_1DGB1S,Ramiro Macagno,ARQ,100.0,ARQ,ARQ,PITCHAPI,1
p_1eITB1,Renzo Bacchia,ARQ,100.0,ARQ,ARQ,PITCHAPI,5
p_3KLwFI,Rodrigo Rey,ARQ,100.0,,ARQ,PITCHAPI,27
p_4HjiAr,Santiago Beltran,ARQ,100.0,ARQ,ARQ,PITCHAPI,30
p_1xk50a,Sebastián Meza,ARQ,100.0,,ARQ,PITCHAPI,1
p_0ujJJG,Thiago Cardozo,ARQ,100.0,,ARQ,PITCHAPI,29
p_1vpaON,Thyago Ayala,ARQ,100.0,ARQ,ARQ,PITCHAPI,8
p_07QXJP,Tomas Sultani,ARQ,100.0,ARQ,ARQ,PITCHAPI,1
p_0kRKnI,Tomás Marchiori,ARQ,100.0,ARQ,ARQ,PITCHAPI,9
p_1QjqgM,Williams Barlasina,ARQ,100.0,ARQ,ARQ,PITCHAPI,4
p_1A6WgI,Aaron Quiros,DEF,100.0,DEF,DEF,PITCHAPI,4
p_4Mszzs,Adrian Sporle,DEF,100.0,,DEF,PITCHAPI,20
p_3ywdkO,Agustin Basso,DEF,100.0,,DEF,PITCHAPI,6
p_0vreM8,Agustin Quiroga,DEF,100.0,DEF,DEF,PITCHAPI,13
p_2d8zml,Agustin Sandez,DEF,100.0,DEF,DEF,PITCHAPI,21
p_0Hy7kK,Agustín Bravo,DEF,100.0,,DEF,PITCHAPI,1
p_3nfcvs,Agustín Falcón,DEF,100.0,,DEF,PITCHAPI,4
p_4RpynC,Agustín Lagos,DEF,100.0,DEF,DEF,PITCHAPI,6
p_0kjymf,Agustín Massaccesi,DEF,100.0,,DEF,PITCHAPI,4
p_1vAkWz,Agustín Seyral,DEF,100.0,DEF,DEF,PITCHAPI,8
p_1IquRb,Alan Barrionuevo,DEF,100.0,DEF,DEF,PITCHAPI,25
p_1EMq3A,Alcides Benitez,DEF,90.91,,DEF,PITCHAPI,17
p_2StpFV,Alejandro Maciel,DEF,96.0,,DEF,PITCHAPI,25
p_3IZy3x,Alejo Cordoba,DEF,100.0,DEF,DEF,PITCHAPI,4
p_4Iz6rB,Alejo Osella,DEF,100.0,DEF,DEF,PITCHAPI,15
p_3WvG1h,Alex Vigo,DEF,100.0,DEF,DEF,PITCHAPI,6
p_0rvVb2,Alexandro Maidana,DEF,100.0,,DEF,PITCHAPI,10
p_28SEJq,Alexis Maldonado,DEF,100.0,,DEF,PITCHAPI,20
p_43U0bn,Alexis Soto,DEF,100.0,DEF,DEF,PITCHAPI,11
p_1bUOsk,Alexis Steimbach,DEF,95.0,DEF,DEF,PITCHAPI,21
p_4HZbhQ,Armando Mendez,DEF,100.0,DEF,DEF,PITCHAPI,14
p_23S3AO,Augusto Schott,DEF,100.0,,DEF,PITCHAPI,25
p_12lRQi,Ayrton Costa,DEF,100.0,DEF,DEF,PITCHAPI,16
p_0xdX07,Bautista Barros Schelotto,DEF,100.0,DEF,DEF,PITCHAPI,11
p_1RFvBi,Braian Cufré,DEF,100.0,DEF,DEF,PITCHAPI,2
p_26xhDF,Brandon Oviedo,DEF,63.64,DEF,DEF,PITCHAPI,11
p_2aEhwv,Bruno Cabrera,DEF,100.0,DEF,DEF,PITCHAPI,8
p_2msaJ0,Bruno Pitton,DEF,100.0,,DEF,PITCHAPI,5
p_2bhDeH,Carlos Quintana,DEF,100.0,DEF,DEF,PITCHAPI,10
p_0pxwpN,Carlos Roberto Izquierdoz,DEF,100.0,,DEF,PITCHAPI,23
p_1N9vQt,Celías Ingenthron,DEF,100.0,DEF,DEF,PITCHAPI,3
p_1u5P1L,Cesar Ibanez,DEF,100.0,DEF,DEF,PITCHAPI,23
p_0NulPm,Claudio Bravo,DEF,100.0,DEF,DEF,PITCHAPI,2
p_3q7gBJ,Clever Ferreira,DEF,100.0,DEF,DEF,PITCHAPI,17
p_18n3tl,Cristian Paz,DEF,100.0,DEF,DEF,PITCHAPI,26
p_1Bugui,Damian Fernandez,DEF,100.0,DEF,DEF,PITCHAPI,21
p_4KHTxx,Damián Martínez,DEF,100.0,DEF,DEF,PITCHAPI,11
p_0DWgd7,Danilo Arboleda,DEF,100.0,DEF,DEF,PITCHAPI,23
p_16mEjs,Darío Cáceres,DEF,88.89,DEF,DEF,PITCHAPI,10
p_4LMFQ0,Diego Mondino,DEF,100.0,,DEF,PITCHAPI,17
p_39c8jY,Diego Sosa,DEF,100.0,,DEF,PITCHAPI,28
p_1GV82y,Dylan Gorosito,DEF,100.0,DEF,DEF,PITCHAPI,5
p_4filjU,Elias Gomez,DEF,100.0,DEF,DEF,PITCHAPI,25
p_2j4Vzq,Elias Pereyra,DEF,100.0,DEF,DEF,PITCHAPI,10
p_4NR58s,Elías López,DEF,80.0,DEF,DEF,PITCHAPI,5
p_33jhYq,Elías Verón,DEF,66.67,DEF,DEF,PITCHAPI,3
p_3RAftg,Emanuel Coronel,DEF,100.0,DEF,DEF,PITCHAPI,19
p_0AbFcl,Emanuel Iñiguez,DEF,100.0,DEF,DEF,PITCHAPI,1
p_1mwRpu,Emanuel Mammana,DEF,100.0,DEF,DEF,PITCHAPI,20
p_3HdfVG,Emiliano Amor,DEF,100.0,DEF,DEF,PITCHAPI,23
p_13PyWD,Enzo Daniel Gimenez,DEF,54.55,VOL,DEF,PITCHAPI,17
p_40ubcR,Enzo Martinez,DEF,100.0,DEF,DEF,PITCHAPI,26
p_2DQVsu,Eric Meza,DEF,100.0,,DEF,PITCHAPI,18
p_2e2fKS,Erik Fernando Godoy,DEF,100.0,DEF,DEF,PITCHAPI,7
p_375sV8,Eros Mancuso,DEF,100.0,,DEF,PITCHAPI,10
p_0CoDTg,Esteban Lucero,DEF,83.33,,DEF,PITCHAPI,7
p_47E2rv,Eugenio Raggio,DEF,100.0,DEF,DEF,PITCHAPI,8
p_2gMEtp,Ezequiel Bonifacio,DEF,100.0,DEF,DEF,PITCHAPI,8
p_11I8XF,Ezequiel Cannavo,DEF,95.45,DEF,DEF,PITCHAPI,23
p_0O1Z5O,Ezequiel Herrera,DEF,100.0,DEF,DEF,PITCHAPI,21
p_2UZfm9,Ezequiel Munoz,DEF,100.0,,DEF,PITCHAPI,23
p_2CcRpn,Fabio Pereyra,DEF,100.0,DEF,DEF,PITCHAPI,22
p_1FISj1,Fabricio Bustos,DEF,100.0,DEF,DEF,PITCHAPI,4
p_1zRg0F,Fabricio Lopez,DEF,100.0,DEF,DEF,PITCHAPI,2
p_0aF5io,Facundo Cobos,DEF,100.0,DEF,DEF,PITCHAPI,8
p_20d5BY,Facundo Gonzalez,DEF,100.0,DEF,DEF,PITCHAPI,1
p_2FsuJc,Facundo Herrera,DEF,100.0,,DEF,PITCHAPI,2
p_2tyvWq,Facundo Mallo,DEF,100.0,DEF,DEF,PITCHAPI,8
p_1KfXQ1,Facundo Mansilla Zahir,DEF,100.0,,DEF,PITCHAPI,22
p_21aKQT,Facundo Mino,DEF,100.0,DEF,DEF,PITCHAPI,17
p_2ralsZ,Facundo Zabala,DEF,100.0,,DEF,PITCHAPI,23
p_422Dh0,Federico Alvarez,DEF,100.0,DEF,DEF,PITCHAPI,15
p_1Apn7T,Federico Laurelli,DEF,50.0,VOL,DEF,PITCHAPI,3
p_4OBdka,Federico Ricca,DEF,100.0,,DEF,PITCHAPI,11
p_2xZbaM,Federico Vera,DEF,100.0,DEF,DEF,PITCHAPI,5
p_1qCu0J,Fernando Alarcon,DEF,100.0,,DEF,PITCHAPI,24
p_1K6Fr9,Fernando Martinez,DEF,64.29,,DEF,PITCHAPI,17
p_2d3t9i,Fernando Rodríguez,DEF,100.0,VOL,DEF,PITCHAPI,7
p_2A29Ip,Fernando Román,DEF,100.0,DEF,DEF,PITCHAPI,19
p_3X6bRT,Fernando Tobio,DEF,100.0,DEF,DEF,PITCHAPI,16
p_0pvncd,Francisco Alvarez,DEF,100.0,DEF,DEF,PITCHAPI,28
p_4d2ONx,Francisco Ortega,DEF,100.0,DEF,DEF,PITCHAPI,3
p_3OLQ90,Franco Escobar,DEF,100.0,DEF,DEF,PITCHAPI,5
p_2Q8TtK,Franco Lorenzon,DEF,100.0,,DEF,PITCHAPI,3
p_4MG4bN,Franco Pardo,DEF,100.0,DEF,DEF,PITCHAPI,7
p_4AgEmZ,Franco Paredes,DEF,100.0,DEF,DEF,PITCHAPI,2
p_38u8in,Franco Saavedra,DEF,100.0,,DEF,PITCHAPI,13
p_2suVlP,Franco Vázquez,DEF,100.0,DEF,DEF,PITCHAPI,8
p_2usscp,Gabriel Baez,DEF,100.0,,DEF,PITCHAPI,14
p_33Honj,Gabriel Compagnucci,DEF,100.0,DEF,DEF,PITCHAPI,4
p_2IanNl,Gabriel Díaz,DEF,50.0,DEF,DEF,PITCHAPI,5
p_2cmv2P,Gabriel Risso,DEF,100.0,,DEF,PITCHAPI,3
p_12npfJ,Gabriel Rojas,DEF,100.0,DEF,DEF,PITCHAPI,14
p_0PsDow,Gaston Arturia,DEF,100.0,DEF,DEF,PITCHAPI,5
p_3lGmY0,Gaston Avila,DEF,100.0,DEF,DEF,PITCHAPI,20
p_4LoI3o,Gaston Benedetti,DEF,100.0,,DEF,PITCHAPI,18
p_3f89Le,Gaston Campi,DEF,100.0,DEF,DEF,PITCHAPI,7
p_4YbP7i,Gaston Hernandez,DEF,100.0,,DEF,PITCHAPI,9
p_1vpOnq,Gaston Martirena,DEF,75.0,DEF,DEF,PITCHAPI,6
p_0sOPFt,Gaston Suso,DEF,100.0,DEF,DEF,PITCHAPI,16
p_3mGP60,Germán Conti,DEF,100.0,DEF,DEF,PITCHAPI,10
p_2F6lf3,Germán Guiffrey,DEF,100.0,,DEF,PITCHAPI,1
p_1KXD5Y,Germán Pezzella,DEF,100.0,DEF,DEF,PITCHAPI,1
p_0Ubl4U,Gianluca Ferrari,DEF,100.0,DEF,DEF,PITCHAPI,8
p_2rVKv4,Giovanni González,DEF,100.0,DEF,DEF,PITCHAPI,1
p_1tL0oC,Gonzalo Errecalde,DEF,100.0,DEF,DEF,PITCHAPI,3
p_12I3Qr,Gonzalo Escudero,DEF,100.0,DEF,DEF,PITCHAPI,3
p_4b7wxM,Gonzalo Maffini,DEF,100.0,DEF,DEF,PITCHAPI,22
p_2VOvJj,Gonzalo Montiel,DEF,100.0,DEF,DEF,PITCHAPI,26
p_1va0ir,Gonzalo Pérez,DEF,87.5,,DEF,PITCHAPI,8
p_0HLKx2,Gonzalo Requena,DEF,100.0,DEF,DEF,PITCHAPI,1
p_0ZteUQ,Guillermo Enrique,DEF,100.0,DEF,DEF,PITCHAPI,2
p_34Y0Ej,Guillermo Soto,DEF,100.0,DEF,DEF,PITCHAPI,4
p_2joXH7,Guzmán Corujo,DEF,100.0,DEF,DEF,PITCHAPI,4
p_1CLF1j,Hector Martinez,DEF,100.0,DEF,DEF,PITCHAPI,21
p_3IPD6d,Ignacio Campo,DEF,100.0,DEF,DEF,PITCHAPI,9
p_39r0cc,Ignacio Galvan,DEF,100.0,DEF,DEF,PITCHAPI,16
p_45VJtm,Ignacio Gariglio,DEF,100.0,DEF,DEF,PITCHAPI,4
p_3FvFpo,Ignacio Ovando,DEF,100.0,DEF,DEF,PITCHAPI,24
p_34bboz,Ignacio Peluffo,DEF,100.0,DEL,DEF,PITCHAPI,1
p_0fwM0U,Ignacio Rodríguez,DEF,100.0,DEF,DEF,PITCHAPI,10
p_137tuu,Ignacio Vazquez,DEF,100.0,DEF,DEF,PITCHAPI,18
p_0WiaUz,Imanol Gonzalez,DEF,100.0,,DEF,PITCHAPI,7
p_3yIku6,Ismael Cortéz,DEF,100.0,,DEF,PITCHAPI,2
p_0rDLh7,Ivan Villalba,DEF,100.0,DEF,DEF,PITCHAPI,18
p_3goTXD,Jano Gordon,DEF,100.0,,DEF,PITCHAPI,3
p_48O6pP,Jeronimo Russo,DEF,100.0,DEF,DEF,PITCHAPI,13
p_1DqJZI,Jherson Mosquera,DEF,100.0,DEF,DEF,PITCHAPI,1
p_3rPqVS,Jhohan Romana,DEF,100.0,DEF,DEF,PITCHAPI,15
p_0Lb3J0,Joaquin Laso,DEF,100.0,DEF,DEF,PITCHAPI,17
p_4CFN2N,Joaquin Novillo,DEF,100.0,DEF,DEF,PITCHAPI,8
p_0v7y0D,Joaquín Pereyra,DEF,100.0,,DEF,PITCHAPI,4
p_4GXUEa,Joaquín Pombo,DEF,100.0,DEF,DEF,PITCHAPI,8
p_1xKto7,Jonathan Galvan,DEF,100.0,,DEF,PITCHAPI,24
p_2YLj3q,Jose Maria Canale,DEF,100.0,,DEF,PITCHAPI,19
p_3JOBGM,José Luis Palomino,DEF,100.0,,DEF,PITCHAPI,5
p_1bvAtW,Juan Antonini,DEF,100.0,DEF,DEF,PITCHAPI,14
p_0mTgY4,Juan Barinaga,DEF,100.0,DEF,DEF,PITCHAPI,9
p_2rSGAo,Juan Cabrera,DEF,100.0,,DEF,PITCHAPI,3
p_1zT5yZ,Juan Cortazzo,DEF,100.0,,DEF,PITCHAPI,3
p_0FJbuK,Juan Cruz Randazzo,DEF,100.0,,DEF,PITCHAPI,10
p_2qOlGo,Juan Elordi,DEF,100.0,,DEF,PITCHAPI,18
p_1HqLta,Juan Fedorco,DEF,100.0,,DEF,PITCHAPI,12
p_2twD0T,Juan Franco,DEF,88.89,,DEF,PITCHAPI,9
p_0kqzA5,Juan Giménez,DEF,100.0,,DEF,PITCHAPI,1
p_2TWCei,Juan Infante,DEF,100.0,,DEF,PITCHAPI,2
p_0E6fVC,Juan Manuel Insaurralde,DEF,100.0,DEF,DEF,PITCHAPI,23
p_1OwbCC,Juan Miguel Arrayago,DEF,100.0,,DEF,PITCHAPI,7
p_3c6pcI,Juan Pablo Luduena,DEF,100.0,,DEF,PITCHAPI,26
p_1dhUli,Juan Pablo Pignani,DEF,100.0,,DEF,PITCHAPI,7
p_4P8OoY,Juan Pintado,DEF,100.0,,DEF,PITCHAPI,6
p_0ivFZd,Juan Saborido,DEF,100.0,,DEF,PITCHAPI,20
p_1hr765,Juan Velazquez,DEF,100.0,,DEF,PITCHAPI,11
p_35Wzc1,Juan Villalba,DEF,100.0,DEF,DEF,PITCHAPI,7
p_4BEGB2,Kevin Coronel,DEF,100.0,DEF,DEF,PITCHAPI,15
p_2YBNQo,Kevin Jappert,DEF,100.0,DEF,DEF,PITCHAPI,15
p_3zzhTk,Kevin Lomonaco,DEF,100.0,,DEF,PITCHAPI,20
p_1voGzb,Kevin Vázquez,DEF,50.0,VOL,DEF,PITCHAPI,2
p_1PvYK3,Lautaro Blanco,DEF,100.0,DEF,DEF,PITCHAPI,22
p_3qc7bM,Lautaro Cano,DEF,100.0,DEF,DEF,PITCHAPI,3
p_1HKdTo,Lautaro Carrera,DEF,100.0,,DEF,PITCHAPI,5
p_3vrKDa,Lautaro Di Lollo,DEF,100.0,DEF,DEF,PITCHAPI,20
p_0w9V85,Lautaro Giannetti,DEF,100.0,DEF,DEF,PITCHAPI,9
p_443Pco,Lautaro Montenegro,DEF,100.0,DEF,DEF,PITCHAPI,6
p_3PsjP7,Lautaro Rivero,DEF,100.0,DEF,DEF,PITCHAPI,19
p_1A84Jv,Lautaro Vargas,DEF,100.0,,DEF,PITCHAPI,22
p_10iCWI,Leandro Gonzalez Pirez,DEF,100.0,,DEF,PITCHAPI,15
p_2BQd7q,Leandro Lescano,DEF,100.0,DEF,DEF,PITCHAPI,5
p_0wfa6H,Leandro Lozano,DEF,100.0,DEF,DEF,PITCHAPI,18
p_0IAs6W,Leonard Costa,DEF,100.0,DEF,DEF,PITCHAPI,21
p_2Y5BPH,Leonardo Godoy,DEF,100.0,,DEF,PITCHAPI,15
p_4beE3s,Leonardo Marchi,DEF,100.0,,DEF,PITCHAPI,3
p_3u6zLG,Leonardo Morales,DEF,100.0,,DEF,PITCHAPI,28
p_2grDqL,Leonardo Sigali,DEF,100.0,,DEF,PITCHAPI,3
p_1fdtGl,Leonel Di Placido,DEF,91.67,DEF,DEF,PITCHAPI,12
p_3x6Yqh,Leonel Mosevich,DEF,100.0,,DEF,PITCHAPI,28
p_1x6fIA,Lisandro Lopez,DEF,100.0,,DEF,PITCHAPI,25
p_1O1XFB,Lisandro Magallán,DEF,100.0,DEF,DEF,PITCHAPI,19
p_02CSwU,Luca Raffin,DEF,100.0,DEF,DEF,PITCHAPI,2
p_2P4QLN,Lucas Ayala,DEF,100.0,,DEF,PITCHAPI,9
p_3mDkwx,Lucas Blondel,DEF,88.24,DEF,DEF,PITCHAPI,21
p_1dtHf7,Lucas Carrizo,DEF,88.89,DEF,DEF,PITCHAPI,18
p_2ho6O3,Lucas Martinez Quarta,DEF,100.0,DEF,DEF,PITCHAPI,30
p_4UxTjM,Lucas Rodriguez,DEF,75.0,DEF,DEF,PITCHAPI,8
p_2JMaoS,Lucas Souto,DEF,82.35,DEF,DEF,PITCHAPI,18
p_0sdiQh,Lucas Suarez,DEF,100.0,DEF,DEF,PITCHAPI,15
p_103CvJ,Luciano Gómez,DEF,100.0,DEF,DEF,PITCHAPI,7
p_3oqT7Z,Luciano Paredes,DEF,94.12,,DEF,PITCHAPI,17
p_1DLX4X,Luciano Romero,DEF,100.0,,DEF,PITCHAPI,1
p_3kuGSc,Luciano Vallejo,DEF,100.0,DEF,DEF,PITCHAPI,13
p_0GQIIZ,Luis Ignacio Abraham,DEF,85.0,,DEF,PITCHAPI,26
p_2jiARu,Maizon Rodriguez,DEF,100.0,,DEF,PITCHAPI,23
p_0tFMTS,Malcom Braida,DEF,100.0,DEF,DEF,PITCHAPI,5
p_3A5ZcB,Marcelo Weigandt,DEF,100.0,DEF,DEF,PITCHAPI,8
p_2VZBmw,Marco Di Cesare,DEF,100.0,DEF,DEF,PITCHAPI,15
p_42NlkW,Marco Pellegrino,DEF,100.0,DEF,DEF,PITCHAPI,9
p_21gmQu,Marcos Acuna,DEF,100.0,DEF,DEF,PITCHAPI,19
p_1YM31q,Marcos Rojo,DEF,100.0,DEF,DEF,PITCHAPI,18
p_1ZDLjj,Mariano Bracamonte,DEF,100.0,DEF,DEF,PITCHAPI,14
p_12oUPV,Martin Hugo Nervo,DEF,100.0,DEF,DEF,PITCHAPI,10
p_1HGvGm,Martin Luciano,DEF,100.0,DEF,DEF,PITCHAPI,7
p_3LkUKE,Martín Ortega,DEF,100.0,DEF,DEF,PITCHAPI,8
p_2vkqTj,Mateo Del Blanco,DEF,100.0,,DEF,PITCHAPI,18
p_0CkNz5,Mateo Martínez,DEF,100.0,DEF,DEF,PITCHAPI,4
p_0CziMH,Mateo Mendia,DEF,100.0,DEF,DEF,PITCHAPI,10
p_27utpF,Mateo Vales,DEF,100.0,DEF,DEF,PITCHAPI,4
p_3ONSai,Mathias De Ritis,DEF,93.33,DEF,DEF,PITCHAPI,16
p_43mFql,Matias Catalan,DEF,100.0,,DEF,PITCHAPI,21
p_0U9NrS,Matias Morello,DEF,50.0,DEF,DEF,PITCHAPI,2
p_1oAIvS,Matias Recalde,DEF,100.0,,DEF,PITCHAPI,13
p_26QJ6K,Matias Ruiz Diaz,DEF,100.0,DEF,DEF,PITCHAPI,3
p_28qGUE,Matias Valenti,DEF,100.0,DEF,DEF,PITCHAPI,19
p_3Lt4mj,Matias Vina,DEF,100.0,DEF,DEF,PITCHAPI,6
p_0qf9Rl,Matías Pérez,DEF,100.0,,DEF,PITCHAPI,4
p_18fazm,Matías Satas,DEF,100.0,,DEF,PITCHAPI,1
p_1187qF,Maximiliano Villa,DEF,100.0,DEF,DEF,PITCHAPI,15
p_4RAjIV,Miguel Barbieri,DEF,100.0,DEF,DEF,PITCHAPI,7
p_41uo5Q,Milton Valenzuela,DEF,100.0,,DEF,PITCHAPI,4
p_2gVM0e,Máximo Palazzo,DEF,100.0,DEF,DEF,PITCHAPI,17
p_1E9CEK,Máximo Rodríguez,DEF,66.67,DEF,DEF,PITCHAPI,3
p_1qfgXN,Nahuel Arias,DEF,100.0,,DEF,PITCHAPI,1
p_3NzaGf,Nahuel Banegas,DEF,100.0,DEF,DEF,PITCHAPI,11
p_0YyuFZ,Nazareno Colombo,DEF,100.0,DEF,DEF,PITCHAPI,8
p_34qeAj,Nehuén Paz,DEF,100.0,DEF,DEF,PITCHAPI,4
p_3NlPl1,Nicolas Capraro,DEF,100.0,DEF,DEF,PITCHAPI,11
p_3ZKy4R,Nicolas Demartini,DEF,100.0,DEF,DEF,PITCHAPI,19
p_0i1DU3,Nicolas Goitea,DEF,100.0,DEF,DEF,PITCHAPI,10
p_1EJPD1,Nicolas Meriano,DEF,100.0,DEF,DEF,PITCHAPI,21
p_19ULPU,Nicolas Sansotre,DEF,100.0,DEF,DEF,PITCHAPI,24
p_0a8sV7,Nicolas Zalazar,DEF,100.0,DEF,DEF,PITCHAPI,19
p_0aaaPP,Nicolás Blanco,DEF,100.0,DEF,DEF,PITCHAPI,2
p_2RDqup,Nicolás Figal,DEF,100.0,DEF,DEF,PITCHAPI,7
p_2waho1,Nicolás Morgantini,DEF,100.0,,DEF,PITCHAPI,2
p_2PLJzH,Nicolás Otamendi,DEF,100.0,DEF,DEF,PITCHAPI,11
p_1iOyfJ,Nicolás Pasquini,DEF,100.0,DEF,DEF,PITCHAPI,8
p_1U6bCS,Nicolás Paz,DEF,100.0,,DEF,PITCHAPI,1
p_4F04Gf,Néstor Breitenbruch,DEF,100.0,DEF,DEF,PITCHAPI,9
p_3mpZF5,Oscar Salomon,DEF,100.0,DEF,DEF,PITCHAPI,8
p_155U4Y,Pacha Espino,DEF,100.0,,DEF,PITCHAPI,2
p_2RUM0k,Paulo Diaz,DEF,100.0,DEF,DEF,PITCHAPI,2
p_2ZvpgZ,Pedro Silva Torrejon,DEF,100.0,,DEF,PITCHAPI,29
p_4YkG7y,Rafael Barrios,DEF,100.0,DEF,DEF,PITCHAPI,13
p_3zPSfN,Ramiro Funes Mori,DEF,100.0,,DEF,PITCHAPI,5
p_0BzJUD,Ramiro Paunero,DEF,100.0,DEF,DEF,PITCHAPI,1
p_4YoHOP,Ramon Arias,DEF,100.0,DEF,DEF,PITCHAPI,3
p_4UQKl9,Raúl Lozano,DEF,100.0,DEF,DEF,PITCHAPI,8
p_0URNSN,Renzo Giampaoli,DEF,100.0,DEF,DEF,PITCHAPI,16
p_0GbFtW,Renzo Malanca,DEF,100.0,DEF,DEF,PITCHAPI,2
p_40Zv7r,Renzo Orihuela,DEF,100.0,DEF,DEF,PITCHAPI,15
p_4HmUN6,Roberto Garcia,DEF,100.0,DEF,DEF,PITCHAPI,21
p_4UmTx2,Rodrigo Gallo,DEF,100.0,DEF,DEF,PITCHAPI,6
p_3No7F7,Rodrigo Gonzalez,DEF,81.25,DEF,DEF,PITCHAPI,17
p_4JpOk4,Rodrigo Guth,DEF,100.0,,DEF,PITCHAPI,1
p_3mV8zU,Román Riquelme,DEF,100.0,DEF,DEF,PITCHAPI,19
p_37cT31,Ronaldo Dejesus,DEF,100.0,,DEF,PITCHAPI,11
p_4RoV0i,Santiago Arias,DEF,100.0,,DEF,PITCHAPI,12
p_4RakHP,Santiago Daniele,DEF,100.0,DEF,DEF,PITCHAPI,9
p_0V59vw,Santiago Fernandez,DEF,100.0,,DEF,PITCHAPI,17
p_2Qz55f,Santiago Lopez,DEF,95.45,,DEF,PITCHAPI,27
p_3CbNXk,Santiago Moya,DEF,100.0,DEF,DEF,PITCHAPI,8
p_3cMYiv,Santiago Moyano,DEF,100.0,,DEF,PITCHAPI,23
p_2ffBRo,Santiago Nunez,DEF,100.0,,DEF,PITCHAPI,15
p_1EQeWa,Santiago Salle,DEF,63.64,VOL,DEF,PITCHAPI,20
p_0YK7Rt,Sasha Marcich,DEF,100.0,,DEF,PITCHAPI,25
p_23RfET,Saul Salcedo,DEF,100.0,DEF,DEF,PITCHAPI,14
p_38jdJ6,Sebastian Prieto,DEF,100.0,DEF,DEF,PITCHAPI,26
p_4UoYBc,Sebastian Valdez,DEF,100.0,,DEF,PITCHAPI,15
p_15HxSV,Sebastián Zaracho,DEF,100.0,DEF,DEF,PITCHAPI,1
p_1JsXOB,Sergio Ojeda,DEF,100.0,DEF,DEF,PITCHAPI,15
p_1wp3do,Sergio Vittor,DEF,100.0,DEF,DEF,PITCHAPI,13
p_2R7VhN,Sheyko Studer,DEF,100.0,DEF,DEF,PITCHAPI,19
p_2f7maD,Simón Escobar,DEF,100.0,DEF,DEF,PITCHAPI,5
p_4WViuG,Teo Pagano,DEF,100.0,,DEF,PITCHAPI,11
p_2izVhL,Thiago Santamaria,DEF,92.31,DEF,DEF,PITCHAPI,13
p_0ZUeue,Thiago Silvero,DEF,100.0,DEF,DEF,PITCHAPI,11
p_3og8o2,Tobias Ostchega,DEF,100.0,DEF,DEF,PITCHAPI,9
p_1AQvrE,Tobias Ramirez,DEF,100.0,DEF,DEF,PITCHAPI,2
p_2fE7Zw,Tomas Fagioli,DEF,100.0,,DEF,PITCHAPI,6
p_2cdYUZ,Tomas Olmos,DEF,100.0,DEF,DEF,PITCHAPI,2
p_1TPSrY,Tomas Palacios,DEF,100.0,,DEF,PITCHAPI,17
p_0H4brP,Tomas Silva,DEF,100.0,,DEF,PITCHAPI,21
p_1Zygll,Tomás Ezequiel Guidara,DEF,100.0,,DEF,PITCHAPI,20
p_3Gmw4T,Ulises Giménez,DEF,100.0,DEF,DEF,PITCHAPI,1
p_0aKkyA,Valente Pierani,DEF,100.0,,DEF,PITCHAPI,3
p_2nrS5l,Valentin Fascendini,DEF,100.0,,DEF,PITCHAPI,9
p_4NFYc4,Valentin Moreno,DEF,100.0,DEF,DEF,PITCHAPI,17
p_3yWzng,Valentín Loza,DEF,100.0,DEF,DEF,PITCHAPI,6
p_3wsWiY,Victor Leandro Cuesta,DEF,100.0,DEF,DEF,PITCHAPI,14
p_4Bdvg6,Walter Mazzantti,DEF,100.0,VOL,DEF,PITCHAPI,18
p_1dEwbs,Yair Arismendi,DEF,60.0,VOL,DEF,PITCHAPI,6
p_3WKRk7,Yonatthan Rak,DEF,100.0,DEF,DEF,PITCHAPI,10
p_4Pokti,Yuri Casermeiro,DEF,100.0,,DEF,PITCHAPI,6
p_36GYxJ,Álvaro Ocampo,DEF,100.0,,DEF,PITCHAPI,2
p_0ZM9a1,Abiel Osorio,DEL,100.0,DEL,DEL,PITCHAPI,3
p_2VOUse,Adam Bareiro,DEL,100.0,DEL,DEL,PITCHAPI,8
p_1eezYL,Adolfo Gaich,DEL,100.0,,DEL,PITCHAPI,7
p_1wbURI,Adrian Martinez,DEL,100.0,DEL,DEL,PITCHAPI,23
p_1S7dIi,Adrián Balboa,DEL,100.0,DEL,DEL,PITCHAPI,4
p_3rOLlc,Agustin Colazo,DEL,100.0,DEL,DEL,PITCHAPI,4
p_2a5j21,Agustin Hausch,DEL,100.0,DEL,DEL,PITCHAPI,13
p_1mCr0i,Agustin Modica,DEL,100.0,,DEL,PITCHAPI,18
p_3UE1Ej,Agustin Ruberto,DEL,100.0,DEL,DEL,PITCHAPI,2
p_4bCUcN,Agustín Auzmendi,DEL,100.0,DEL,DEL,PITCHAPI,17
p_14TOcz,Agustín Álvarez,DEL,100.0,,DEL,PITCHAPI,6
p_3x6byU,Alan Coria,DEL,100.0,DEL,DEL,PITCHAPI,1
p_2kakNB,Alan Rodríguez,,0.0,,DEL,PITCHAPI_PREDOMINANTE,2
p_08vwDR,Alejandro Villarreal,,0.0,,DEL,PITCHAPI_PREDOMINANTE,3
p_2o6eqz,Alejo Veliz,DEL,100.0,DEL,DEL,PITCHAPI,13
p_3gXasE,Alessandro Riep,DEL,100.0,VOL,DEL,PITCHAPI,1
p_1LtoAE,Alex Arce,DEL,100.0,DEL,DEL,PITCHAPI,11
p_0t17ZI,Alex Luna,,0.0,,DEL,PITCHAPI_PREDOMINANTE,26
p_2DxNya,Alexander Diaz,DEL,87.5,DEL,DEL,PITCHAPI,16
p_2Dzb5G,Alexander Machado,DEL,100.0,DEL,DEL,PITCHAPI,8
p_0Wi4L8,Alexis Cuello,DEL,91.67,DEL,DEL,PITCHAPI,26
p_0AvvFI,Alfio Oviedo,DEL,100.0,DEL,DEL,PITCHAPI,3
p_0nbgqX,Allan Wlk,DEL,100.0,,DEL,PITCHAPI,7
p_4dlsMo,Andrés Chávez,DEL,100.0,DEL,DEL,PITCHAPI,1
p_3bAYJA,Andrés Vombergar,DEL,100.0,DEL,DEL,PITCHAPI,6
p_0RThr5,Angel Romero,DEL,100.0,DEL,DEL,PITCHAPI,5
p_2zZ48h,Augusto Lotti,,0.0,DEL,DEL,SOFASCORE,1
p_1E6fsW,Bautista Dadín,DEL,50.0,,DEL,PITCHAPI,3
p_0EQwZX,Blas Armoa,DEL,100.0,,DEL,PITCHAPI,3
p_1k9Cqy,Braian Romero,DEL,100.0,DEL,DEL,PITCHAPI,2
p_3NKnXO,Brian Aguirre,,0.0,DEL,DEL,SOFASCORE,6
p_1bbvOc,Bruno Barticciotto,DEL,100.0,,DEL,PITCHAPI,1
p_2kLWqN,Bruno Sepulveda,DEL,100.0,DEL,DEL,PITCHAPI,6
p_3AkXZM,Carlos Abeldano,DEL,100.0,DEL,DEL,PITCHAPI,6
p_3woyik,Cristian Alberto Tarragona,DEL,100.0,,DEL,PITCHAPI,26
p_0ffQti,Damián Pizarro,DEL,100.0,,DEL,PITCHAPI,2
p_4INIHb,David Romero,DEL,100.0,DEL,DEL,PITCHAPI,10
p_3i5iMO,Diego Churin,DEL,100.0,DEL,DEL,PITCHAPI,8
p_2VmVcx,Diego Crego,DEL,33.33,VOL,DEL,PITCHAPI,3
p_4EUErB,Diego Porcel,DEL,100.0,DEL,DEL,PITCHAPI,6
p_4U4fDQ,Dilan Godoy,DEL,100.0,DEL,DEL,PITCHAPI,9
p_3EIBrG,Duvan Vergara,,0.0,DEL,DEL,SOFASCORE,5
p_1SE1Bg,Edwuin Cetré,DEL,100.0,,DEL,PITCHAPI,9
p_3zS0SB,Elías Torres,DEL,100.0,DEL,DEL,PITCHAPI,1
p_07K4zy,Enner Valencia,DEL,100.0,,DEL,PITCHAPI,2
p_2TtuTI,Enzo Copetti,DEL,100.0,DEL,DEL,PITCHAPI,15
p_4M9q4h,Enzo Taborda,,0.0,DEL,DEL,SOFASCORE,1
p_32UVER,Exequiel Zeballos,,0.0,DEL,DEL,SOFASCORE,5
p_1fUvIv,Ezequiel Cerutti,DEL,100.0,DEL,DEL,PITCHAPI,6
p_0RVLhG,Ezequiel Naya,DEL,100.0,,DEL,PITCHAPI,13
p_1GfCUr,Ezequiel Ávila,DEL,100.0,,DEL,PITCHAPI,3
p_42EZ74,Fabricio Oviedo,DEL,100.0,DEL,DEL,PITCHAPI,1
p_44aH5B,Fabrizio Sartori,DEL,89.47,DEL,DEL,PITCHAPI,20
p_2vSGRb,Facundo Altamira,,0.0,DEL,DEL,SOFASCORE,1
p_4GYgI9,Facundo Bruera,DEL,100.0,DEL,DEL,PITCHAPI,15
p_2NHgvd,Facundo Colidio,DEL,88.89,DEL,DEL,PITCHAPI,16
p_4HG9bI,Facundo De La Vega,DEL,100.0,DEL,DEL,PITCHAPI,1
p_2ffcqe,Facundo Jainikoski,,0.0,DEL,DEL,SOFASCORE,8
p_0AqJh0,Federico Medina,DEL,50.0,VOL,DEL,PITCHAPI,3
p_0nB8to,Felipe Tempone,DEL,100.0,,DEL,PITCHAPI,2
p_0MiMDp,Florian Monzon,DEL,100.0,DEL,DEL,PITCHAPI,15
p_18siex,Francisco Scarpeccio,DEL,100.0,DEL,DEL,PITCHAPI,1
p_3387op,Franco Dominguez,DEL,100.0,,DEL,PITCHAPI,1
p_0hLVOV,Franco García,,0.0,DEL,DEL,SOFASCORE,2
p_1urJ9k,Franco Jara,DEL,100.0,,DEL,PITCHAPI,8
p_1OBnRG,Franco Torres,,0.0,DEL,DEL,SOFASCORE,5
p_44fmOo,Gabriel Avalos,DEL,100.0,,DEL,PITCHAPI,22
p_1lykSO,Gaspar Duarte,,0.0,DEL,DEL,SOFASCORE,5
p_3ohM6R,Gastón Verón,DEL,100.0,DEL,DEL,PITCHAPI,8
p_3R7Bq9,Gonzalo Lencina,DEL,100.0,DEL,DEL,PITCHAPI,8
p_1Uzxie,Gonzalo Maroni,DEL,71.43,VOL,DEL,PITCHAPI,7
p_4RLJIA,Gonzalo Morales,DEL,100.0,DEL,DEL,PITCHAPI,7
p_198uFp,Gregorio Rodriguez,,0.0,DEL,DEL,SOFASCORE,6
p_3BQAaS,Guido Carrillo,DEL,100.0,,DEL,PITCHAPI,15
p_4d8JFW,Ian Subiabre,,0.0,DEL,DEL,SOFASCORE,9
p_3x7FNy,Ibrahim Hesar,DEL,100.0,DEL,DEL,PITCHAPI,7
p_4F21o7,Ignacio Pussetto,DEL,100.0,DEL,DEL,PITCHAPI,7
p_1mCeKO,Ignacio Ramirez,DEL,100.0,,DEL,PITCHAPI,8
p_36ULM2,Ignacio Russo,DEL,100.0,DEL,DEL,PITCHAPI,24
p_3oSsFv,Ignacio Sabatini,DEL,75.0,,DEL,PITCHAPI,8
p_4CKuJ2,Iker Zufiaurre,DEL,100.0,DEL,DEL,PITCHAPI,2
p_1OPWAY,Iván Morales,DEL,100.0,DEL,DEL,PITCHAPI,11
p_10pgVf,Javier Ferreira,DEL,100.0,DEL,DEL,PITCHAPI,4
p_1o2WFf,Jeremias Merlo,DEL,100.0,VOL,DEL,PITCHAPI,4
p_22qheS,Jeremías Lucco,,0.0,DEL,DEL,SOFASCORE,3
p_3WxKBx,Jhonatan Candia,DEL,100.0,DEL,DEL,PITCHAPI,12
p_2N66aZ,Joaquin Freitas,DEL,66.67,DEL,DEL,PITCHAPI,9
p_4RjjYt,Jonathan Herrera,DEL,95.0,DEL,DEL,PITCHAPI,20
p_46Ymcl,Jordy Caicedo,DEL,100.0,DEL,DEL,PITCHAPI,27
p_1F3hhQ,José Ingratti,DEL,100.0,,DEL,PITCHAPI,1
p_1WFkRF,Juan Bisanz,DEL,50.0,DEL,DEL,PITCHAPI,14
p_3lYGBX,Juan Fernando Garro,DEL,100.0,,DEL,PITCHAPI,2
p_3lcFKJ,Juan Gutierrez,DEL,85.71,,DEL,PITCHAPI,26
p_3Xo6We,Juan Miritello,DEL,100.0,DEL,DEL,PITCHAPI,5
p_0dGmfh,Junior Arias,DEL,100.0,DEL,DEL,PITCHAPI,9
p_1ymuBP,Junior Marabel,DEL,91.67,DEL,DEL,PITCHAPI,24
p_1qZR7t,Lautaro Díaz,DEL,100.0,DEL,DEL,PITCHAPI,9
p_1lrNAx,Lautaro Gutierrez,DEL,100.0,,DEL,PITCHAPI,2
p_0ji027,Leandro Diaz,DEL,100.0,DEL,DEL,PITCHAPI,18
p_4SyM9C,Leandro Fernández,DEL,100.0,DEL,DEL,PITCHAPI,11
p_2nGaYr,Leonardo Heredia,DEL,90.0,DEL,DEL,PITCHAPI,10
p_4aWnwm,Leonardo Sequeira,DEL,100.0,DEL,DEL,PITCHAPI,4
p_4fRzo0,Leonel Flores,DEL,100.0,DEL,DEL,PITCHAPI,9
p_0dtSF3,Lucas Alario,DEL,100.0,,DEL,PITCHAPI,2
p_4SEGlt,Lucas Beltrán,DEL,100.0,DEL,DEL,PITCHAPI,4
p_2FOJTC,Lucas Emanuel Gamba,DEL,100.0,,DEL,PITCHAPI,1
p_32Pavy,Lucas Janson,DEL,100.0,DEL,DEL,PITCHAPI,8
p_3MmYTU,Lucas Passerini,DEL,100.0,,DEL,PITCHAPI,10
p_1JcSyH,Lucas Varaldo,DEL,100.0,,DEL,PITCHAPI,5
p_4HrltX,Luciano Cingolani,DEL,100.0,,DEL,PITCHAPI,7
p_2lZq6R,Luciano Giménez,DEL,100.0,DEL,DEL,PITCHAPI,3
p_0A6bdg,Luciano Herrera,DEL,100.0,DEL,DEL,PITCHAPI,10
p_18Akr9,Luciano Sábato,DEL,100.0,DEL,DEL,PITCHAPI,1
p_0O6mnx,Manuel Brondo,DEL,100.0,DEL,DEL,PITCHAPI,2
p_3ybBVT,Marcelo Estigarribia,DEL,100.0,,DEL,PITCHAPI,22
p_042eAN,Marcelo Torres,DEL,100.0,DEL,DEL,PITCHAPI,19
p_3A7aMk,Marco Ruben,DEL,100.0,DEL,DEL,PITCHAPI,1
p_0sVAfb,Martin Garnerone,DEL,62.5,DEL,DEL,PITCHAPI,13
p_2JAW7x,Martín Benítez,,0.0,,DEL,PITCHAPI_PREDOMINANTE,1
p_42f4P8,Martín Cuitiño,DEL,100.0,,DEL,PITCHAPI,1
p_1yovx2,Mateo Bajamich,DEL,100.0,DEL,DEL,PITCHAPI,11
p_2l6eDm,Matias Abaldo,DEL,100.0,,DEL,PITCHAPI,23
p_4LvJZA,Matias Arias,,0.0,DEL,DEL,SOFASCORE,1
p_4JwCQA,Matias Coccaro,DEL,86.67,DEL,DEL,PITCHAPI,15
p_3PzK4u,Matias Fonseca,DEL,100.0,,DEL,PITCHAPI,6
p_3HFTSS,Matías Hernández,DEL,100.0,DEL,DEL,PITCHAPI,2
p_4Dwu6c,Matías Tissera,DEL,100.0,,DEL,PITCHAPI,12
p_0Zmsp3,Mauro Mendez,DEL,100.0,DEL,DEL,PITCHAPI,21
p_3Dcglw,Mauro Smarra,DEL,100.0,,DEL,PITCHAPI,3
p_3MAGMf,Mauro Valiente,DEL,100.0,DEL,DEL,PITCHAPI,13
p_2cIE4k,Maximiliano Salas,DEL,100.0,DEL,DEL,PITCHAPI,5
p_3Dg55W,Maximiliano Zalazar,,0.0,DEL,DEL,SOFASCORE,5
p_2ngbDl,Michael Hoyos,DEL,100.0,DEL,DEL,PITCHAPI,3
p_3FGnhe,Michael Santos,DEL,100.0,,DEL,PITCHAPI,17
p_3QlNQ2,Miguel Merentiel,DEL,94.12,DEL,DEL,PITCHAPI,17
p_2YmbG0,Milton Giménez,DEL,100.0,DEL,DEL,PITCHAPI,3
p_11jmli,Misael Aguirre,DEL,100.0,,DEL,PITCHAPI,4
p_1vLyyJ,Natanael Guzman,DEL,100.0,,DEL,PITCHAPI,5
p_12pouK,Nicolas Benegas,DEL,100.0,DEL,DEL,PITCHAPI,11
p_4D2pMD,Nicolas Cordero,DEL,100.0,DEL,DEL,PITCHAPI,13
p_09kVaG,Nicolas Fernandez,DEL,95.0,,DEL,PITCHAPI,20
p_0Gnu2O,Nicolas Guerra,DEL,100.0,,DEL,PITCHAPI,5
p_4QJLZt,Nicolás López,DEL,100.0,,DEL,PITCHAPI,1
p_3H1rr8,Nicolás Palavecino,DEL,100.0,,DEL,PITCHAPI,1
p_2TqnnA,Norberto Briasco,DEL,90.0,DEL,DEL,PITCHAPI,12
p_2w9GwT,Oscar Cortés,DEL,66.67,VOL,DEL,PITCHAPI,26
p_1TrZ51,Pablo Magnín,DEL,100.0,DEL,DEL,PITCHAPI,5
p_42zcz2,Rafael Borré,DEL,100.0,DEL,DEL,PITCHAPI,2
p_34z7Nj,Ramiro Ruiz,DEL,100.0,,DEL,PITCHAPI,4
p_1twCUH,Ramón Ábila,DEL,100.0,DEL,DEL,PITCHAPI,1
p_3GiPCr,Rick,DEL,100.0,,DEL,PITCHAPI,20
p_06z1T4,Rodrigo Auzmendi,DEL,100.0,DEL,DEL,PITCHAPI,16
p_2ooqPi,Rodrigo Castillo,DEL,100.0,,DEL,PITCHAPI,4
p_0BJM1s,Rodrigo Sayavedra,,0.0,DEL,DEL,SOFASCORE,1
p_4bqyr6,Ronaldo Martinez,DEL,95.45,DEL,DEL,PITCHAPI,22
p_1hfCZH,Santiago Lopez,DEL,50.0,VOL,DEL,PITCHAPI,18
p_4WHbBz,Santiago Rodriguez,DEL,100.0,,DEL,PITCHAPI,8
p_3pbQt4,Santiago Solari,DEL,75.0,DEL,DEL,PITCHAPI,19
p_2aHbDR,Sebastian Driussi,DEL,95.0,DEL,DEL,PITCHAPI,20
p_3gL8Nt,Sebastián Villa,DEL,100.0,DEL,DEL,PITCHAPI,15
p_3mxeOn,Thiago Aguirre,DEL,100.0,DEL,DEL,PITCHAPI,1
p_2ZqXdL,Tiziano Perrotta,DEL,100.0,DEL,DEL,PITCHAPI,18
p_3BbL1n,Tomas Conechny,DEL,100.0,DEL,DEL,PITCHAPI,13
p_4SnNiA,Tomas Molina,DEL,100.0,DEL,DEL,PITCHAPI,21
p_3mhHpD,Tomas Nasif,DEL,100.0,DEL,DEL,PITCHAPI,4
p_13K9bt,Tomás Badaloni,DEL,100.0,DEL,DEL,PITCHAPI,3
p_30zDYy,Tomás González,DEL,100.0,DEL,DEL,PITCHAPI,2
p_4dBC4G,Valentin Carboni,,0.0,DEL,DEL,SOFASCORE,3
p_2mFTYm,Valentin Davila,DEL,100.0,,DEL,PITCHAPI,4
p_1baCzH,Valentin Depietri,DEL,80.0,,DEL,PITCHAPI,10
p_3guJ6P,Valentino Simoni,DEL,100.0,,DEL,PITCHAPI,8
p_3fPo7i,Victorio Gabriel Ramis,DEL,100.0,,DEL,PITCHAPI,1
p_0jBQTV,Walter Bou,DEL,100.0,,DEL,PITCHAPI,8
p_0YLsCx,Yeison Moreno,DEL,100.0,DEL,DEL,PITCHAPI,5
p_105dCk,Yoshan Valois,DEL,100.0,,DEL,PITCHAPI,7
p_2SClaP,Édinson Cavani,DEL,100.0,DEL,DEL,PITCHAPI,1
p_37G7he,Aaron Molinas,VOL,100.0,VOL,VOL,PITCHAPI,15
p_1RHzae,Adrian Fernandez,VOL,100.0,VOL,VOL,PITCHAPI,9
p_43D8up,Adrian Sanchez,VOL,100.0,,VOL,PITCHAPI,26
p_3xub3o,Agustin Cardozo,VOL,100.0,,VOL,PITCHAPI,23
p_3SxKvy,Agustin Ladstatter,VOL,100.0,VOL,VOL,PITCHAPI,5
p_3dgI1a,Agustin Medina,VOL,100.0,,VOL,PITCHAPI,12
p_1j4h24,Alan Daian Laprida,VOL,100.0,,VOL,PITCHAPI,3
p_4CHdcB,Alan Forneris,VOL,100.0,VOL,VOL,PITCHAPI,1
p_0oDcvI,Alan Lescano,VOL,100.0,VOL,VOL,PITCHAPI,25
p_49POtu,Alan Rodríguez,VOL,100.0,VOL,VOL,PITCHAPI,3
p_1XRQ6D,Alan Sosa,VOL,100.0,DEL,VOL,PITCHAPI,10
p_2ecIB1,Alan Velasco,VOL,100.0,VOL,VOL,PITCHAPI,8
p_28tcTH,Alejandro Cabrera,VOL,100.0,VOL,VOL,PITCHAPI,15
p_2UyAt1,Alejandro Martinez,,0.0,VOL,VOL,SOFASCORE,5
p_1xBOI8,Alejandro Tello,VOL,100.0,VOL,VOL,PITCHAPI,5
p_1Vz4a2,Alejo Duarte,,0.0,,VOL,PITCHAPI_PREDOMINANTE,1
p_4FAIfZ,Alexis Castro,VOL,100.0,,VOL,PITCHAPI,13
p_0hv5Lo,Ander Herrera,VOL,100.0,VOL,VOL,PITCHAPI,5
p_2Dj6gK,Anibal Moreno,VOL,100.0,VOL,VOL,PITCHAPI,24
p_0CIjyP,Antony Alonso,VOL,64.71,VOL,VOL,PITCHAPI,23
p_0AsvjF,Augusto Max,VOL,100.0,VOL,VOL,PITCHAPI,18
p_3uAxFO,Augusto Solari,VOL,100.0,,VOL,PITCHAPI,1
p_1xgZEc,Ayrton Portillo,VOL,57.14,VOL,VOL,PITCHAPI,13
p_0lXOYJ,Baltasar Rodriguez,VOL,100.0,VOL,VOL,PITCHAPI,11
p_3dtvN3,Bautista Merlini,VOL,100.0,DEL,VOL,PITCHAPI,6
p_3J8Smm,Blas Palavecino,VOL,75.0,,VOL,PITCHAPI,11
p_43YxGe,Brahian Cuello,VOL,100.0,,VOL,PITCHAPI,18
p_2NqrDm,Braian Sánchez,VOL,100.0,VOL,VOL,PITCHAPI,6
p_1VlIuF,Brian Andrada,VOL,100.0,,VOL,PITCHAPI,3
p_4UExdP,Bruno Cabrera,VOL,100.0,,VOL,PITCHAPI,2
p_2OigHb,Bruno Sosa,VOL,100.0,VOL,VOL,PITCHAPI,14
p_36mBna,Bruno Zuculini,VOL,100.0,VOL,VOL,PITCHAPI,7
p_3t35OD,Camilo Rey Domenech,VOL,100.0,VOL,VOL,PITCHAPI,4
p_1AncBV,Carlos Palacios,VOL,100.0,,VOL,PITCHAPI,1
p_0kthqn,Carlos Villalba,VOL,100.0,VOL,VOL,PITCHAPI,8
p_0CoGTg,Claudio Baeza,VOL,100.0,VOL,VOL,PITCHAPI,13
p_2203UO,Cristian Medina,VOL,100.0,,VOL,PITCHAPI,5
p_4SmKKU,Cristian Nahuel Barrios,VOL,66.67,,VOL,PITCHAPI,3
p_0jbZo9,Cristian Zabala,VOL,100.0,VOL,VOL,PITCHAPI,24
p_0pUbCv,César Pérez,VOL,90.0,VOL,VOL,PITCHAPI,12
p_0lnkFp,Dardo Federico Miloc,VOL,100.0,,VOL,PITCHAPI,18
p_2Wjg0N,David Barbona,VOL,100.0,VOL,VOL,PITCHAPI,13
p_1QvEWx,David Sotelo,VOL,100.0,VOL,VOL,PITCHAPI,4
p_0jI613,David Zalazar,VOL,100.0,VOL,VOL,PITCHAPI,12
p_0ciPTe,Diego Barrera,VOL,50.0,,VOL,PITCHAPI,23
p_2lzqTc,Diego Ortegoza,VOL,94.74,VOL,VOL,PITCHAPI,20
p_3H23k2,Diego Valdés,VOL,100.0,VOL,VOL,PITCHAPI,9
p_3tsAcU,Diego Valoyes,,0.0,,VOL,PITCHAPI_PREDOMINANTE,4
p_2EGkZh,Domingo Blanco,,0.0,VOL,VOL,SOFASCORE,1
p_1pyxN1,Dylan Aquino,,0.0,,VOL,PITCHAPI_PREDOMINANTE,9
p_1Dr7TL,Eduardo Salvio,VOL,60.0,,VOL,PITCHAPI,21
p_31LbGC,Elias Cabrera,VOL,100.0,VOL,VOL,PITCHAPI,8
p_4USU0R,Elián Giménez,VOL,100.0,VOL,VOL,PITCHAPI,3
p_49U5oJ,Emiliano Ariel Rigoni,VOL,100.0,,VOL,PITCHAPI,27
p_05SKXO,Emiliano Chiavassa,,0.0,,VOL,PITCHAPI_PREDOMINANTE,1
p_4dX0F7,Emiliano Viveros,,0.0,VOL,VOL,SOFASCORE,11
p_0CHQCV,Emilio Giaccone,VOL,100.0,,VOL,PITCHAPI,7
p_3NPNrM,Emmanuel Ojeda,VOL,93.75,VOL,VOL,PITCHAPI,16
p_4McWD1,Enzo Pérez,VOL,100.0,VOL,VOL,PITCHAPI,1
p_1NZkbt,Eric Ramirez,VOL,100.0,DEL,VOL,PITCHAPI,1
p_1Iyu97,Esteban Fernández,VOL,100.0,,VOL,PITCHAPI,15
p_2lDCQ8,Esteban Rolon,VOL,100.0,VOL,VOL,PITCHAPI,13
p_1OO5Lc,Ezequiel Ham,VOL,100.0,VOL,VOL,PITCHAPI,9
p_4drKzY,Ezequiel Piovi,VOL,100.0,,VOL,PITCHAPI,21
p_0UPCHl,Fabricio Perez,VOL,75.0,,VOL,PITCHAPI,15
p_2z0L2z,Facundo Farias,VOL,100.0,,VOL,PITCHAPI,9
p_2bBEBQ,Facundo Gallardo,VOL,100.0,DEL,VOL,PITCHAPI,2
p_04WuOt,Facundo Gulli,VOL,100.0,VOL,VOL,PITCHAPI,15
p_2yRMOn,Facundo Kalinger,VOL,100.0,VOL,VOL,PITCHAPI,11
p_2ykUpy,Facundo Lencioni,VOL,100.0,,VOL,PITCHAPI,26
p_2Nqqrm,Facundo Samuel Guch,VOL,100.0,,VOL,PITCHAPI,23
p_2ITZER,Facundo Sánchez,VOL,100.0,,VOL,PITCHAPI,3
p_3HQuJ6,Facundo Valdéz,,0.0,,VOL,PITCHAPI_PREDOMINANTE,1
p_2U6bg5,Facundo Waller,VOL,100.0,VOL,VOL,PITCHAPI,21
p_22Hl59,Fausto Vera,VOL,100.0,VOL,VOL,PITCHAPI,23
p_4OjYAE,Favio Álvarez,VOL,100.0,VOL,VOL,PITCHAPI,2
p_2N9wLu,Federico Acevedo,VOL,90.91,,VOL,PITCHAPI,12
p_3mEDPS,Federico Fattori,VOL,100.0,VOL,VOL,PITCHAPI,26
p_3SDFp7,Federico Navarro,VOL,100.0,VOL,VOL,PITCHAPI,3
p_3NXY1t,Felipe Anso,VOL,100.0,VOL,VOL,PITCHAPI,6
p_2EKu08,Felipe Bussio,VOL,100.0,VOL,VOL,PITCHAPI,7
p_4NdBtx,Felipe Pena Biafore,VOL,100.0,,VOL,PITCHAPI,15
p_1iogLn,Fermin Antonini,VOL,100.0,,VOL,PITCHAPI,20
p_0oupcN,Fernando Juarez,VOL,100.0,,VOL,PITCHAPI,3
p_3Boqdn,Francisco Gonzalez Metilli,VOL,83.33,,VOL,PITCHAPI,11
p_3u3qOO,Francisco Romero,VOL,100.0,VOL,VOL,PITCHAPI,13
p_3weO8u,Franco Cristaldo,VOL,100.0,,VOL,PITCHAPI,18
p_2zeYkR,Franco Fragapane,,0.0,,VOL,PITCHAPI_PREDOMINANTE,3
p_4PWEjP,Franco Ibarra,VOL,100.0,VOL,VOL,PITCHAPI,25
p_4d2Pri,Franco Leys,VOL,100.0,VOL,VOL,PITCHAPI,4
p_1wpZS1,Franco Moyano,VOL,100.0,,VOL,PITCHAPI,2
p_08bYm3,Franco Nicola,VOL,100.0,VOL,VOL,PITCHAPI,19
p_4g8d1N,Franco Vázquez,VOL,100.0,,VOL,PITCHAPI,21
p_45uQz6,Franco Watson,VOL,100.0,,VOL,PITCHAPI,10
p_2wlp9Z,Franco Zapiola,VOL,100.0,VOL,VOL,PITCHAPI,17
p_3mvWYr,Gabriel Alanis,VOL,62.5,VOL,VOL,PITCHAPI,20
p_2HueRI,Gabriel Florentín,VOL,100.0,VOL,VOL,PITCHAPI,3
p_1E7ljC,Gabriel Neves,VOL,100.0,,VOL,PITCHAPI,10
p_2wyMSd,Gabriel Obredor,VOL,66.67,VOL,VOL,PITCHAPI,3
p_0afatN,Gaston Lodico,VOL,100.0,VOL,VOL,PITCHAPI,19
p_0K6uRT,Gastón Togni,,0.0,VOL,VOL,SOFASCORE,3
p_209otm,Giovanni Baroni,VOL,100.0,,VOL,PITCHAPI,10
p_0oAo40,Giovanni Cantizano,,0.0,VOL,VOL,SOFASCORE,6
p_3I0XnJ,Giuliano Cerato,VOL,81.25,,VOL,PITCHAPI,28
p_2TH5aa,Giuliano Galoppo,VOL,100.0,VOL,VOL,PITCHAPI,2
p_31U034,Gonzalo Abrego,VOL,100.0,VOL,VOL,PITCHAPI,6
p_1GFFz1,Gonzalo Agustin Pineiro,VOL,100.0,VOL,VOL,PITCHAPI,4
p_40vGfB,Gonzalo Alassia,VOL,100.0,,VOL,PITCHAPI,2
p_2z2t4e,Gonzalo Flores,VOL,100.0,,VOL,PITCHAPI,2
p_3coysd,Gonzalo Gelini,,0.0,VOL,VOL,SOFASCORE,2
p_1THzRF,Gonzalo González,VOL,100.0,VOL,VOL,PITCHAPI,8
p_1QJBGG,Gonzalo Martínez,VOL,100.0,VOL,VOL,PITCHAPI,7
p_4RJnnl,Gonzalo Rios,VOL,100.0,VOL,VOL,PITCHAPI,16
p_1tAEiS,Gonzalo Sosa,,0.0,VOL,VOL,SOFASCORE,1
p_3S6c8L,Guido Mainero,VOL,100.0,VOL,VOL,PITCHAPI,21
p_287xJj,Gustavo Abregu,VOL,100.0,,VOL,PITCHAPI,24
p_4ek1bV,Hernan Lopez,VOL,87.5,,VOL,PITCHAPI,20
p_444jRY,Horacio Tijanovich,VOL,60.0,,VOL,PITCHAPI,12
p_15wJtA,Ignacio Fernandez,VOL,100.0,,VOL,PITCHAPI,27
p_47bCwf,Ignacio Malcorra,VOL,100.0,,VOL,PITCHAPI,22
p_4T6aUk,Ignacio Mendez,VOL,100.0,,VOL,PITCHAPI,10
p_2PDOYX,Ignacio Miramon,VOL,100.0,VOL,VOL,PITCHAPI,22
p_0vHFrW,Ignacio Perruzzi,VOL,100.0,VOL,VOL,PITCHAPI,15
p_1KeqP5,Imanol Machuca,,0.0,VOL,VOL,SOFASCORE,2
p_3oLDhv,Ivan Guaraz,VOL,100.0,DEL,VOL,PITCHAPI,5
p_2N9XHp,Ivan Tapia,VOL,96.15,VOL,VOL,PITCHAPI,26
p_0LPXZq,Iván Gómez,VOL,100.0,VOL,VOL,PITCHAPI,11
p_477cm1,Iván Marcone,VOL,100.0,,VOL,PITCHAPI,24
p_1dEFgX,Jabes Saralegui,VOL,100.0,VOL,VOL,PITCHAPI,16
p_444eWh,Jalil Elias,VOL,100.0,VOL,VOL,PITCHAPI,18
p_47jtXa,Jaminton Campaz,VOL,100.0,VOL,VOL,PITCHAPI,15
p_3I9W67,Javier Dominguez,VOL,100.0,VOL,VOL,PITCHAPI,9
p_28dMyW,Jeremías Lázaro,VOL,100.0,,VOL,PITCHAPI,6
p_2TF5DL,Jeronimo Gomez Mattar,VOL,100.0,VOL,VOL,PITCHAPI,9
p_2AQDyY,Jhon Cordoba,VOL,100.0,,VOL,PITCHAPI,20
p_4KUy2b,Jhon Renteria,VOL,100.0,VOL,VOL,PITCHAPI,4
p_0mUgM6,Joaquin Tobio Burgos,,0.0,,VOL,PITCHAPI_PREDOMINANTE,10
p_4JGs42,Joaquín Correa,VOL,100.0,,VOL,PITCHAPI,2
p_3BCNLl,Joaquín Mosqueira,VOL,100.0,VOL,VOL,PITCHAPI,5
p_1JEoJq,Jonas Acevedo,VOL,100.0,,VOL,PITCHAPI,1
p_1ZsIeq,Jonatan Goitia,VOL,92.86,VOL,VOL,PITCHAPI,15
p_1zCh3h,Jonatan Gomez,VOL,100.0,VOL,VOL,PITCHAPI,6
p_3SmwDm,Jose Florentin,VOL,100.0,VOL,VOL,PITCHAPI,23
p_3j26Fw,Jose Sosa,VOL,100.0,,VOL,PITCHAPI,6
p_3BqvxS,Josias Palais,,0.0,,VOL,PITCHAPI_PREDOMINANTE,3
p_1PTJbZ,Juan Cardozo,VOL,100.0,,VOL,PITCHAPI,5
p_103r5t,Juan Gauto,VOL,100.0,VOL,VOL,PITCHAPI,14
p_3iObzN,Juan Ignacio Nardoni,VOL,100.0,VOL,VOL,PITCHAPI,2
p_0E84w7,Juan Luis Alfaro,VOL,50.0,DEF,VOL,PITCHAPI,4
p_1JvZlr,Juan Meza,VOL,100.0,,VOL,PITCHAPI,3
p_0Ndsjk,Juan Policella,VOL,100.0,,VOL,PITCHAPI,3
p_3s2VQn,Juan Pérez,VOL,100.0,VOL,VOL,PITCHAPI,1
p_4e3a9Y,Juan Quintero,VOL,100.0,,VOL,PITCHAPI,6
p_4PyHEi,Juan Rattalino,VOL,100.0,VOL,VOL,PITCHAPI,2
p_0tQtiw,Juan Sforza,VOL,100.0,,VOL,PITCHAPI,14
p_3wzAwa,Juan Álvarez,VOL,100.0,VOL,VOL,PITCHAPI,4
p_3sHKHi,Julian Alejo Lopez,VOL,100.0,VOL,VOL,PITCHAPI,1
p_40BXYc,Julian Ceballos,VOL,87.5,,VOL,PITCHAPI,8
p_2skQe1,Julian Contrera,VOL,100.0,VOL,VOL,PITCHAPI,16
p_22YOzJ,Julian Fernandez,,0.0,VOL,VOL,SOFASCORE,11
p_0tg63O,Julián Fernández,VOL,100.0,VOL,VOL,PITCHAPI,1
p_1aur1M,Julián Mavilla,VOL,100.0,VOL,VOL,PITCHAPI,9
p_1h4yOi,Julián Palacios,VOL,100.0,,VOL,PITCHAPI,26
p_1LQFWe,Kendry Páez,VOL,100.0,VOL,VOL,PITCHAPI,3
p_2ev1jU,Kevin Castano,VOL,100.0,VOL,VOL,PITCHAPI,1
p_3naRvD,Kevin Gutiérrez,VOL,100.0,VOL,VOL,PITCHAPI,9
p_0vs7Dx,Kevin Ortiz,VOL,100.0,VOL,VOL,PITCHAPI,9
p_0uhVcs,Kevin Zenon,VOL,100.0,VOL,VOL,PITCHAPI,4
p_0gjjEz,Lautaro Giaccone,,0.0,VOL,VOL,SOFASCORE,3
p_2F62xT,Lautaro Godoy,VOL,91.67,,VOL,PITCHAPI,12
p_0FsNVe,Lautaro Gomez,VOL,100.0,VOL,VOL,PITCHAPI,14
p_2GcFwZ,Lautaro Millan,VOL,100.0,,VOL,PITCHAPI,12
p_2DN8Ao,Lautaro Mora,VOL,100.0,DEL,VOL,PITCHAPI,2
p_2l1GSH,Lautaro Ortíz,VOL,100.0,,VOL,PITCHAPI,1
p_1qKkWG,Lautaro Pereyra,VOL,100.0,VOL,VOL,PITCHAPI,2
p_1xn0Ep,Lautaro Rios,VOL,100.0,VOL,VOL,PITCHAPI,2
p_0LtJFs,Lautaro Villegas,VOL,100.0,VOL,VOL,PITCHAPI,11
p_02UzGW,Leandro Paredes,VOL,100.0,VOL,VOL,PITCHAPI,16
p_0iuC7I,Leonardo Gil,VOL,100.0,VOL,VOL,PITCHAPI,21
p_1F6yoe,Leonel Bucca,VOL,66.67,VOL,VOL,PITCHAPI,5
p_4UBC0A,Leonel Pérez,VOL,100.0,VOL,VOL,PITCHAPI,7
p_4XgYNg,Leonel Vega,VOL,100.0,VOL,VOL,PITCHAPI,11
p_1cMCZC,Lisandro Duarte,,0.0,VOL,VOL,SOFASCORE,1
p_0Ppa0V,Lisandro Pinero,VOL,100.0,DEL,VOL,PITCHAPI,6
p_34RQqa,Luca Feler,VOL,100.0,VOL,VOL,PITCHAPI,1
p_0BJh0v,Luca Rafaelli,VOL,100.0,,VOL,PITCHAPI,1
p_16TE0v,Luca Regiardo,VOL,100.0,VOL,VOL,PITCHAPI,21
p_0MwF8F,Lucas Besozzi,,0.0,,VOL,PITCHAPI_PREDOMINANTE,7
p_0veUmD,Lucas Gonzalez,VOL,100.0,,VOL,PITCHAPI,20
p_3HZXLO,Lucas Gómez,VOL,100.0,VOL,VOL,PITCHAPI,2
p_0ZgxsX,Lucas Menossi,VOL,100.0,,VOL,PITCHAPI,11
p_0VZwYw,Lucas Nahuel Castro,VOL,100.0,,VOL,PITCHAPI,12
p_1etzwn,Lucas Ramos,VOL,100.0,,VOL,PITCHAPI,1
p_2D7OBP,Lucas Robertone,VOL,100.0,VOL,VOL,PITCHAPI,16
p_14QNqn,Lucas Silva,VOL,100.0,VOL,VOL,PITCHAPI,2
p_3v2tAE,Lucas Zelarayan,VOL,73.91,,VOL,PITCHAPI,24
p_1vDFZe,Luciano Cabral,VOL,100.0,,VOL,PITCHAPI,2
p_0wOnZY,Luciano Dario Vietto,VOL,75.0,,VOL,PITCHAPI,4
p_03caFD,Manuel Garcia,VOL,88.89,VOL,VOL,PITCHAPI,9
p_15T8Aa,Manuel Insaurralde,VOL,100.0,VOL,VOL,PITCHAPI,11
p_1UNG97,Manuel Lanzini,VOL,100.0,VOL,VOL,PITCHAPI,24
p_2h5dHt,Manuel Panaro,,0.0,VOL,VOL,SOFASCORE,10
p_32gEeN,Marcelino Moreno,VOL,100.0,,VOL,PITCHAPI,6
p_3siMA5,Marcelo Esponda,VOL,100.0,VOL,VOL,PITCHAPI,2
p_2nfEM8,Marco Iacobellis,VOL,63.64,,VOL,PITCHAPI,12
p_3yYguf,Martin Barrios,VOL,100.0,VOL,VOL,PITCHAPI,10
p_1Sh6eR,Martin Garay,VOL,75.0,VOL,VOL,PITCHAPI,12
p_3GGul9,Martin Garcia,VOL,100.0,VOL,VOL,PITCHAPI,9
p_2QUHoA,Martin Rio,VOL,100.0,VOL,VOL,PITCHAPI,2
p_4D08FT,Mateo Caceres,VOL,100.0,,VOL,PITCHAPI,7
p_4eK1TZ,Mateo Perez Curci,VOL,100.0,,VOL,PITCHAPI,15
p_21agZ1,Mateo Seoane,VOL,100.0,VOL,VOL,PITCHAPI,12
p_4DVJGJ,Matias Fernandez,VOL,78.57,VOL,VOL,PITCHAPI,20
p_0zKhoP,Matias Galarza,VOL,100.0,,VOL,PITCHAPI,22
p_2CN78Q,Matias Gomez,VOL,100.0,,VOL,PITCHAPI,1
p_3XUbmT,Matias Pellegrini,VOL,100.0,VOL,VOL,PITCHAPI,16
p_18D9V6,Matias Reali,VOL,50.0,DEL,VOL,PITCHAPI,9
p_3XD5Nu,Matias Vera,VOL,100.0,,VOL,PITCHAPI,25
p_13nKVT,Matko Miljevic,VOL,100.0,VOL,VOL,PITCHAPI,16
p_0s5hPU,Matías Gallardo,VOL,100.0,,VOL,PITCHAPI,8
p_079Jwk,Matías García,VOL,100.0,VOL,VOL,PITCHAPI,6
p_3AFKez,Matías Godoy,,0.0,VOL,VOL,SOFASCORE,5
p_4LMZIq,Matías Kranevitter,VOL,100.0,VOL,VOL,PITCHAPI,3
p_1R1UR4,Matías Sepúlveda,VOL,100.0,,VOL,PITCHAPI,10
p_0GThAu,Matías Zaracho,VOL,88.89,VOL,VOL,PITCHAPI,14
p_1iV802,Mauricio Cardillo,VOL,100.0,VOL,VOL,PITCHAPI,2
p_0m4kQE,Mauricio Martínez,VOL,100.0,VOL,VOL,PITCHAPI,15
p_0sc7Zk,Mauro Arambarri,VOL,100.0,VOL,VOL,PITCHAPI,1
p_2N5L7Q,Mauro Luna Diale,VOL,100.0,,VOL,PITCHAPI,2
p_3yJs62,Mauro Pitton,VOL,100.0,,VOL,PITCHAPI,18
p_2rnkiH,Maximiliano Amarfil,VOL,100.0,VOL,VOL,PITCHAPI,14
p_3neIIb,Maximiliano Gutiérrez,,0.0,,VOL,PITCHAPI_PREDOMINANTE,9
p_2BSeTF,Maximiliano Meza,VOL,100.0,,VOL,PITCHAPI,6
p_0TKEkA,Mikel Amondarain,VOL,100.0,,VOL,PITCHAPI,11
p_0W32WZ,Milton Céliz,VOL,100.0,VOL,VOL,PITCHAPI,11
p_10sBb4,Milton Delgado,VOL,100.0,VOL,VOL,PITCHAPI,18
p_4OP2tz,Nacho Pais,VOL,100.0,,VOL,PITCHAPI,16
p_2rHsQv,Nahuel Barboza,VOL,100.0,,VOL,PITCHAPI,5
p_2yaEJG,Neyder Moreno,VOL,100.0,VOL,VOL,PITCHAPI,2
p_0naJM3,Nicolas Barros Schelotto,VOL,100.0,VOL,VOL,PITCHAPI,19
p_0xLjjR,Nicolas Carlos Colazo,,0.0,,VOL,PITCHAPI_PREDOMINANTE,2
p_0cCrOD,Nicolas Lamendola,VOL,50.0,VOL,VOL,PITCHAPI,20
p_16FDGx,Nicolas Linares,VOL,100.0,VOL,VOL,PITCHAPI,9
p_2OHkn8,Nicolas Oroz,VOL,100.0,VOL,VOL,PITCHAPI,26
p_4TKIbV,Nicolas Talpone,VOL,100.0,VOL,VOL,PITCHAPI,12
p_1AI1PK,Nicolas Tripichio,VOL,100.0,VOL,VOL,PITCHAPI,26
p_08sFr2,Nicolas Watson,VOL,88.89,VOL,VOL,PITCHAPI,9
p_3SLFiW,Nicolás Gaitán,VOL,100.0,VOL,VOL,PITCHAPI,5
p_2rodt6,Nicolás Retamar,VOL,85.71,DEL,VOL,PITCHAPI,13
p_3AOI3O,Pablo Aguiar,VOL,100.0,VOL,VOL,PITCHAPI,2
p_34cvdG,Pablo Ferreira,VOL,100.0,VOL,VOL,PITCHAPI,7
p_2iziuW,Pablo Monje,VOL,100.0,VOL,VOL,PITCHAPI,16
p_3ODAc5,Pedro Ramirez,VOL,50.0,DEF,VOL,PITCHAPI,16
p_1NRR02,Pol Fernández,VOL,100.0,VOL,VOL,PITCHAPI,7
p_038W5d,Rafael Profini,VOL,100.0,,VOL,PITCHAPI,18
p_3bNsap,Ramiro Carrera,VOL,62.5,,VOL,PITCHAPI,17
p_0FN6nM,Ramiro Hernandes,VOL,75.0,,VOL,PITCHAPI,9
p_0LQUK3,Renzo Tesuri,VOL,90.0,VOL,VOL,PITCHAPI,25
p_1yzkvo,Roberto Agustin Bochi,VOL,100.0,,VOL,PITCHAPI,9
p_2n95ER,Rodrigo Aliendro,VOL,100.0,VOL,VOL,PITCHAPI,17
p_15Ftki,Rodrigo Atencio,VOL,100.0,VOL,VOL,PITCHAPI,6
p_1uaYbk,Rodrigo Bogarín,VOL,100.0,VOL,VOL,PITCHAPI,1
p_4L0APC,Rodrigo Fernandez,VOL,100.0,VOL,VOL,PITCHAPI,13
p_4Uobro,Rodrigo Herrera,VOL,100.0,VOL,VOL,PITCHAPI,17
p_0QeOVx,Rodrigo Insua,VOL,90.91,VOL,VOL,PITCHAPI,22
p_07rsoz,Ruben Botta,VOL,55.56,DEL,VOL,PITCHAPI,13
p_48hWGV,Santiago Ascacibar,VOL,100.0,VOL,VOL,PITCHAPI,19
p_0yKkMd,Santiago Esquivel,VOL,100.0,VOL,VOL,PITCHAPI,12
p_2c9Jkj,Santiago Gabriel Montiel,VOL,100.0,,VOL,PITCHAPI,18
p_3il4tl,Santiago González,VOL,100.0,VOL,VOL,PITCHAPI,7
p_0CUSKe,Santiago Lencina,VOL,100.0,VOL,VOL,PITCHAPI,1
p_2PNnZ9,Santiago Longo,VOL,100.0,,VOL,PITCHAPI,11
p_0Kla66,Santiago Segovia,VOL,100.0,VOL,VOL,PITCHAPI,1
p_0KHX0U,Santiago Sosa,VOL,80.0,VOL,VOL,PITCHAPI,20
p_4FS6tr,Santiago Sosa,VOL,100.0,VOL,VOL,PITCHAPI,26
p_34yTml,Sebastian Medina,,0.0,VOL,VOL,SOFASCORE,4
p_0qmDxs,Siro Rosane,VOL,100.0,VOL,VOL,PITCHAPI,10
p_0SXASP,Stefano Moreyra,VOL,100.0,VOL,VOL,PITCHAPI,1
p_2XJ5dS,Thaiel Peralta,VOL,66.67,VOL,VOL,PITCHAPI,7
p_0Vhadv,Thiago Almada,VOL,100.0,VOL,VOL,PITCHAPI,7
p_0OYcSE,Thomas Rios,,0.0,,VOL,PITCHAPI_PREDOMINANTE,5
p_0VScM6,Tiago Cravero,VOL,100.0,,VOL,PITCHAPI,8
p_3UfnVk,Tiago Palacios,VOL,66.67,,VOL,PITCHAPI,11
p_4OfzNB,Tiago Serrago,VOL,100.0,VOL,VOL,PITCHAPI,9
p_4PWmyN,Timoteo Chamorro,VOL,66.67,,VOL,PITCHAPI,5
p_0QZ5qI,Tobias Andrada,VOL,100.0,VOL,VOL,PITCHAPI,25
p_1aIUNj,Tomas Adoryan,VOL,100.0,VOL,VOL,PITCHAPI,15
p_4SukWz,Tomas Belmonte,VOL,100.0,VOL,VOL,PITCHAPI,9
p_4PBWTZ,Tomas Bottari,VOL,100.0,VOL,VOL,PITCHAPI,17
p_4IA6aI,Tomas Fernandez,VOL,50.0,DEL,VOL,PITCHAPI,7
p_4fbCCX,Tomas Galvan,VOL,100.0,VOL,VOL,PITCHAPI,28
p_3tzQhm,Tomas Gonzalez,VOL,100.0,VOL,VOL,PITCHAPI,23
p_0mFzAI,Tomas Porra,VOL,100.0,VOL,VOL,PITCHAPI,25
p_3JSc7q,Tomás Aranda,VOL,100.0,VOL,VOL,PITCHAPI,12
p_4OJPBH,Tomás O'Connor,VOL,100.0,,VOL,PITCHAPI,4
p_3SY95h,Tomás Uribe,VOL,100.0,VOL,VOL,PITCHAPI,1
p_0ybyPC,Ulises Sanchez,VOL,100.0,,VOL,PITCHAPI,12
p_3pwCr8,Valentino Acuna,VOL,100.0,VOL,VOL,PITCHAPI,4
p_3i9lqe,Vicente Pizarro,VOL,100.0,VOL,VOL,PITCHAPI,28
p_0L7hVd,Walter Nunez,VOL,50.0,DEL,VOL,PITCHAPI,11
p_3WWk77,Williams Alarcon,VOL,100.0,VOL,VOL,PITCHAPI,7
p_2vr8Bq,Álex Verón,VOL,100.0,DEL,VOL,PITCHAPI,3
p_3TyKvJ,Ángel Correa,VOL,88.89,VOL,VOL,PITCHAPI,9
p_1vKOON,Ángel Di Maria,VOL,100.0,VOL,VOL,PITCHAPI,20
p_3gzo7L,Éver Banega,VOL,100.0,VOL,VOL,PITCHAPI,3
p_3w1HcK,Óscar Romero,VOL,100.0,VOL,VOL,PITCHAPI,7
