event_id,equipo,jugador,posicion,partidos_hist,minutos_hist,promedio,winning_por90,proyeccion
16667332,Rosario Central,Elías Verón,D,6,217,1.9510488365800864,14.850475243506494,14.850475243506494
16667337,Estudiantes de La Plata,José Sosa,M,12,417,2.8356582887433017,13.828657857014692,13.828657857014692
16667337,Estudiantes de La Plata,Adolfo Gaich,F,15,666,3.714229239766082,11.439169638559537,11.439169638559537
16667333,CA Talleres,Rick,F,9,428,4.507537013700002,11.412836888966027,11.412836888966027
16667332,Rosario Central,Alan Rodríguez,F,1,90,10.45125,10.45125,10.45125
16667340,Boca Juniors,Tomás Belmonte,M,14,799,3.91091968667443,9.865192037645034,9.865192037645034
16667336,Gimnasia y Esgrima Mendoza,Brian Andrada,F,7,218,1.2521876750700278,9.721046575619493,9.721046575619493
16667332,Argentinos Juniors,Gastón Verón,F,9,541,4.833125807814556,9.647114294062794,9.647114294062794
16667329,Defensa y Justicia,David Barbona,F,9,287,1.7974599536713873,8.763229957748381,8.763229957748381
16667327,River Plate,Tobías Andrada,F,1,89,8.665384615384614,8.762748487467587,8.762748487467587
16667330,Club Atlético Platense,Gastón Togni,F,1,26,2.46,8.515384615384615,8.515384615384615
16667326,Club Atlético Belgrano,Santiago Longo,F,1,65,6.125555555555556,8.481538461538461,8.481538461538461
16667327,River Plate,Thiago Almada,M,5,443,8.15792449067485,8.264094074671215,8.264094074671215
16667326,Club Atlético Belgrano,Ramiro Hernandes,M,27,1136,2.9685862302951924,7.988429770340172,7.988429770340172
16667333,CA Talleres,Valentín Depietri,F,15,583,2.53369018875861,7.839186046740957,7.839186046740957
16667331,Independiente Rivadavia,Juan Manuel Elordi,D,21,1428,3.9029631369345674,7.783971121333216,7.783971121333216
16667340,Boca Juniors,Ángel Romero,F,8,286,2.0634197456005605,7.719835248918327,7.719835248918327
16667333,Instituto De Córdoba,Jeremías Lázaro,F,3,231,6.935981966403162,7.700790764196054,7.700790764196054
16667335,Atlético Tucumán,Clever Ferreira,D,19,1553,4.717554464034691,7.649283787342962,7.649283787342962
16667328,Gimnasia y Esgrima,Maximiliano Zalazar,F,9,292,2.7307667925756163,7.58470936559974,7.58470936559974
16667326,Club Atlético Belgrano,Nicolás Fernández,F,26,1454,3.6230696595447607,7.469357749003166,7.469357749003166
16667332,Argentinos Juniors,Gabriel Florentín,M,12,284,1.914510754417164,7.400270772143114,7.400270772143114
16667332,Rosario Central,Ángel Di María,F,1,90,7.33611111111111,7.33611111111111,7.33611111111111
16667325,Club Atlético Unión de Santa Fe,Lucas Menossi,M,14,879,5.256119630204204,7.30820364119599,7.30820364119599
16667337,CA Lanús,Felipe Peña Biafore,M,25,1357,3.570982300658055,7.201341550257765,7.201341550257765
16667333,Instituto De Córdoba,Matías Gallardo,M,17,805,3.2338980002082915,7.1042086839819,7.1042086839819
16671623,Vélez Sarsfield,Joaquín García,D,22,1879,4.567040533276578,7.088908704386949,7.088908704386949
16667327,River Plate,Ángel Correa,F,3,202,6.496313390313389,7.005713788644907,7.005713788644907
16667333,CA Talleres,Agustín Álvarez,F,4,278,5.746000111000111,6.837633363218321,6.837633363218321
16667335,Aldosivi,Nicolás Cordero,F,20,1188,2.379973394235798,6.777557243922902,6.777557243922902
16667338,Racing Club,Leonel Pérez,M,5,376,5.399080900714717,6.761914234048049,6.761914234048049
16667338,Sarmiento,Junior Marabel,F,24,1842,5.452032401360854,6.656267190974432,6.656267190974432
16667337,Estudiantes de La Plata,Gabriel Neves,M,18,856,2.914882929069441,6.566573307139736,6.566573307139736
16667327,River Plate,Gonzalo Montiel,D,23,1994,6.3161114555438855,6.546145080929295,6.546145080929295
16667331,Independiente Rivadavia,Alex Arce,F,19,1186,5.02821605880799,6.447042514728388,6.447042514728388
16667332,Argentinos Juniors,Kevin Gutiérrez,M,9,722,5.758260530067205,6.358365582107364,6.358365582107364
16667328,Banfield,Santiago Daniele,D,10,700,2.7045969882742176,6.323118241530765,6.323118241530765
16667340,San Lorenzo,Manuel Insaurralde,M,12,847,4.446596303476805,6.310793738765831,6.310793738765831
16667325,CA Independiente,Lautaro Millán,M,21,1051,3.2504869732833765,6.219106650252847,6.219106650252847
16667338,Racing Club,Gastón Lodico,M,15,1121,4.3197771694624745,6.177171164371696,6.177171164371696
16667326,Estudiantes de Río Cuarto,Fernando Rodríguez,D,1,22,1.49,6.095454545454546,6.095454545454546
16667327,Huracán,Juan Bisanz,F,20,990,2.512675667388167,6.067415381161645,6.067415381161645
16667333,CA Talleres,Juan Sforza,M,19,1225,3.8421343545821594,6.043905461324265,6.043905461324265
16667327,River Plate,Tomás Galván,M,28,2037,4.994809449248261,6.0143953906995025,6.0143953906995025
16671623,Vélez Sarsfield,Lucas Robertone,M,24,1407,3.3938437214732367,5.993935054939147,5.993935054939147
16667327,River Plate,Sebastián Driussi,F,17,1112,4.497357491106989,5.97687536204369,5.97687536204369
16667332,Argentinos Juniors,Francisco Álvarez,D,27,2484,6.064977771639921,5.951911527645515,5.951911527645515
16667325,CA Independiente,Matías Abaldo,F,7,379,2.2103091401841404,5.885001762140815,5.885001762140815
16667337,CA Lanús,Lucas Besozzi,F,16,296,1.0094024806892454,5.874224197027687,5.874224197027687
16667331,Independiente Rivadavia,José Florentín,M,25,2111,5.604870772278914,5.870984354209789,5.870984354209789
16667335,Aldosivi,Nicolás Gaitán,M,7,426,3.8095959127101984,5.840788573287853,5.840788573287853
16667338,Racing Club,Gonzalo Escudero,D,3,196,3.0589809751651855,5.837835141831853,5.837835141831853
16667329,Defensa y Justicia,Valentín Loza,D,7,418,2.342682539682539,5.809360167255307,5.809360167255307
16667332,Rosario Central,Franco Ibarra,M,25,2200,5.698780612693399,5.801219436650938,5.801219436650938
16667325,Club Atlético Unión de Santa Fe,Cristian Tarragona,F,26,2268,5.631125921337934,5.765474626601669,5.765474626601669
16667332,Rosario Central,Enzo Copetti,F,23,1301,2.825871733209523,5.744566296955724,5.744566296955724
16667326,Club Atlético Belgrano,Lucas Zelarayán,F,7,630,5.742200431709309,5.742200431709309,5.742200431709309
16667332,Rosario Central,Gastón Ávila,D,21,1748,5.633399409764369,5.6837891667122085,5.6837891667122085
16667340,Boca Juniors,Enner Valencia,F,4,204,4.2489358974358975,5.681002652519894,5.681002652519894
16667329,Defensa y Justicia,César Pérez,M,12,938,5.0924875742225995,5.676613578559802,5.676613578559802
16667327,River Plate,Fausto Vera,M,23,1792,5.027526089816221,5.659176988438373,5.659176988438373
16671623,Vélez Sarsfield,Manuel Lanzini,M,26,1978,5.029272901679395,5.657564721943028,5.657564721943028
16667331,Independiente Rivadavia,Fabrizio Sartori,F,20,1393,3.614798911382735,5.56828582875203,5.56828582875203
16667327,Huracán,Jordy Caicedo,F,24,2072,5.2296840728715726,5.565879429503536,5.565879429503536
16667325,Club Atlético Unión de Santa Fe,Julián Palacios,M,24,1937,4.966965904741122,5.5410201761751,5.5410201761751
16667325,Club Atlético Unión de Santa Fe,Brahian Cuello,M,20,1163,3.7141311817054983,5.530766548343302,5.530766548343302
16667327,River Plate,Lucas Martínez Quarta,D,28,2539,5.5324952944155985,5.507916457577834,5.507916457577834
16667333,Instituto De Córdoba,Matías Tissera,F,15,763,1.909545976572447,5.4566990101189825,5.4566990101189825
16667332,Argentinos Juniors,Nicolas Oroz,M,27,2036,4.862447088729976,5.452570675494443,5.452570675494443
16667340,Boca Juniors,Nicolás Figal,D,7,630,5.4493282389879925,5.4493282389879925,5.4493282389879925
16667331,Independiente Rivadavia,Maximiliano Salas,F,5,309,3.6212741260667456,5.446572827756828,5.446572827756828
16667337,CA Lanús,Agustín Cardozo,M,22,1967,5.391740785212401,5.430512408887902,5.430512408887902
16667333,CA Talleres,Franco Cristaldo,F,5,414,4.828769191340438,5.4031144573923315,5.4031144573923315
16667327,River Plate,Marcos Acuña,D,20,1461,4.723956619567696,5.387268517519823,5.387268517519823
16667338,Sarmiento,Julián Mavilla,M,6,270,2.4653504809031124,5.379800959880607,5.379800959880607
16667337,CA Lanús,Carlos Izquierdoz,D,22,1977,5.363743590526061,5.3745565194424385,5.3745565194424385
16667330,Newell's Old Boys,Matías Cóccaro,F,15,940,3.534995263446414,5.371199599594606,5.371199599594606
16667327,Huracán,Facundo Waller,M,22,1628,4.420040679794926,5.360254908846505,5.360254908846505
16667338,Sarmiento,Mauricio Martínez,M,20,1409,4.165811455349408,5.3473283991763045,5.3473283991763045
16667328,Gimnasia y Esgrima,Mateo Seoane,M,13,842,3.0045471315765844,5.334902474013591,5.334902474013591
16667326,Club Atlético Belgrano,Lisandro López,D,24,2024,5.233061983483755,5.3284389225786315,5.3284389225786315
16671623,Tigre,Santiago González,M,9,515,2.8995394322559704,5.322249633599092,5.322249633599092
16667336,Gimnasia y Esgrima Mendoza,Esteban Fernández,M,17,943,3.7765749435909752,5.32189009727321,5.32189009727321
16671623,Vélez Sarsfield,Simon Escobar,D,4,187,2.3237466555183945,5.308345661775296,5.308345661775296
16667337,Estudiantes de La Plata,Leandro González Pírez,D,18,1413,4.6247228736555845,5.258614670978755,5.258614670978755
16667325,Club Atlético Unión de Santa Fe,Emilio Giaccone,M,9,467,2.8713130343354982,5.220700810755962,5.220700810755962
16667332,Argentinos Juniors,Claudio Bravo,D,9,312,1.8909655249234198,5.199396983201775,5.199396983201775
16667337,Estudiantes de La Plata,Santiago Núñez,D,18,1343,4.5228861988159865,5.18989438150192,5.18989438150192
16667340,Boca Juniors,Dylan Gorosito,D,6,455,3.9504829453959887,5.171272800468452,5.171272800468452
16667340,Boca Juniors,Williams Alarcón,M,8,473,3.865014302847423,5.09863300426205,5.09863300426205
16667327,River Plate,Nicolás Otamendi,D,9,810,5.095575668903432,5.095575668903432,5.095575668903432
16667328,Gimnasia y Esgrima,Ignacio Miramón,M,22,1704,4.090219160010191,5.092631629709439,5.092631629709439
16667337,CA Lanús,Gonzalo Perez,D,11,604,3.179872557192979,5.012806849676452,5.012806849676452
16667333,CA Talleres,Matías Catalán,D,20,1645,4.286518978337781,5.011207893647823,5.011207893647823
16667332,Argentinos Juniors,Franco Vázquez,D,7,630,4.9832191637207535,4.9832191637207535,4.9832191637207535
16667338,Sarmiento,Cristian Zabala,M,24,2084,4.747519803530424,4.946280628454578,4.946280628454578
16671623,Tigre,Alan Barrionuevo,D,24,2160,4.929867713933126,4.929867713933126,4.929867713933126
16667329,Defensa y Justicia,David Martínez,D,18,1492,4.654557100030607,4.92745479281394,4.92745479281394
16667332,Rosario Central,Vicente Pizarro,M,27,2217,4.517891270423081,4.909310278253754,4.909310278253754
16667331,Independiente Rivadavia,Gonzalo Ríos,M,25,1293,3.084149752420581,4.8670510114394805,4.8670510114394805
16667333,CA Talleres,Román Riquelme,D,13,1230,5.092471977096445,4.8601198741090235,4.8601198741090235
16667338,Racing Club,Marcos Rojo,D,16,1271,4.18111750623045,4.853706545905808,4.853706545905808
16667336,Gimnasia y Esgrima Mendoza,Luciano Cingolani,F,11,397,2.36495337995338,4.825024763883459,4.825024763883459
16667337,CA Lanús,Allan Wlk,F,9,496,3.585830687830688,4.821429661895122,4.821429661895122
16667328,Gimnasia y Esgrima,Agustín Auzmendi,F,27,1487,3.101198973989738,4.811737154472631,4.811737154472631
16667331,Barracas Central,Iván Tapia,M,25,1894,4.081644105998215,4.804775806493783,4.804775806493783
16667333,Instituto De Córdoba,Fernando Alarcón,D,22,1853,4.238743586025358,4.799174533853372,4.799174533853372
16667333,Instituto De Córdoba,Gustavo Abregú,M,23,1829,4.264387097965731,4.7267113469533175,4.7267113469533175
16667326,Club Atlético Belgrano,Alcides Benítez,D,14,913,2.823528652024304,4.722678613241824,4.722678613241824
16667331,Independiente Rivadavia,Iván Villalba,D,23,1751,3.444941596704214,4.70223143156138,4.70223143156138
16671623,Tigre,Mauro Méndez,F,16,1378,4.4269509598346914,4.695770812224867,4.695770812224867
16667340,Boca Juniors,Marco Pellegrino,D,10,788,4.250087158818955,4.6696335984474375,4.6696335984474375
16671623,Vélez Sarsfield,Elías Gómez,D,25,2223,4.614675318263075,4.663035318263074,4.663035318263074
16667337,Estudiantes de La Plata,Jalil Elias,M,1,80,4.107307692307692,4.620721153846153,4.620721153846153
16667330,Club Atlético Platense,Ivan Gómez,M,13,945,3.209916592847472,4.573387423788787,4.573387423788787
16667333,Instituto De Córdoba,Leonel Mosevich,D,25,2250,4.556884265477495,4.556884265477495,4.556884265477495
16667337,Estudiantes de La Plata,Eric Meza,D,20,1456,3.2456211229378953,4.5539366222746365,4.5539366222746365
16667327,Huracán,César Ibáñez,D,21,1810,4.123952861399933,4.551022805114615,4.551022805114615
16667337,Estudiantes de La Plata,Gastón Benedetti,D,20,1627,4.138076859711141,4.540238226574681,4.540238226574681
16667335,Atlético Tucumán,Leonel Di Plácido,D,13,968,3.082346680529093,4.524220447413118,4.524220447413118
16667336,Gimnasia y Esgrima Mendoza,Ezequiel Muñoz,D,22,1925,4.423632226279985,4.512750628039516,4.512750628039516
16667329,Central Córdoba,Lucas González,F,1,45,2.2533333333333334,4.506666666666667,4.506666666666667
16667330,Newell's Old Boys,Jeronimo Russo,D,12,1000,4.61224586346856,4.49794898846856,4.49794898846856
16667325,Club Atlético Unión de Santa Fe,Juan Pintado,D,8,462,3.3695188276397516,4.48474172040913,4.48474172040913
16671623,Tigre,Ignacio Russo,F,25,2098,4.316524474828814,4.4721700891720895,4.4721700891720895
16667330,Newell's Old Boys,Lautaro Giannetti,D,9,740,4.130956589284659,4.4420677003957705,4.4420677003957705
16667340,Boca Juniors,Lautaro Blanco,D,23,1929,4.55147191399499,4.433286507037682,4.433286507037682
16667332,Argentinos Juniors,Kevin Coronel,D,16,1194,3.685672998948886,4.4247090018880355,4.4247090018880355
16667331,Barracas Central,Dardo Miloc,M,23,1647,3.47549034302894,4.418356678809508,4.418356678809508
16671623,Vélez Sarsfield,Matías Pellegrini,F,4,154,1.3925833333333335,4.397651515151516,4.397651515151516
16667327,Huracán,Facundo Kalinger,F,1,73,3.5618181818181816,4.391282689912827,4.391282689912827
16667332,Rosario Central,Ignacio Ovando,D,23,2036,4.388012795186998,4.389783680532516,4.389783680532516
16667331,Independiente Rivadavia,Tomás Bottari,M,20,1480,3.835723426657645,4.375520844611636,4.375520844611636
16671623,Vélez Sarsfield,Thiago Silvero,D,13,1010,3.970236793767723,4.3751598706908,4.3751598706908
16667331,Barracas Central,Yonatthan Rak,D,11,751,3.732847302662583,4.343262650167483,4.343262650167483
16671623,Vélez Sarsfield,Lisandro Magallán,D,21,1767,4.166194302412622,4.3239367379097144,4.3239367379097144
16667328,Gimnasia y Esgrima,Germán Conti,D,9,691,3.903298710140622,4.29874645317327,4.29874645317327
16667325,Club Atlético Unión de Santa Fe,Lucas Ayala,D,7,581,4.074162011535076,4.292081586352947,4.292081586352947
16667326,Club Atlético Belgrano,Emiliano Rigoni,M,26,2117,3.909406350922356,4.276094441952359,4.276094441952359
16667331,Independiente Rivadavia,Leonard Costa,D,23,1694,3.628810979285611,4.268926545511457,4.268926545511457
16667333,Instituto De Córdoba,Alex Luna,F,21,1722,3.955941906966584,4.262635071892314,4.262635071892314
16667328,Banfield,Tomas Adoryan,F,2,151,3.7839957264957262,4.258868505696996,4.258868505696996
16667337,CA Lanús,Sasha Marcich,D,25,2123,3.9318016557793705,4.253059842037889,4.253059842037889
16667327,Huracán,Fabio Pereyra,D,20,1690,4.047087595555733,4.249856507718337,4.249856507718337
16667325,CA Independiente,Iván Marcone,M,24,2020,4.266233496638818,4.231233351174934,4.231233351174934
16667329,Defensa y Justicia,Damián Fernández,D,21,1673,3.903290519783769,4.190480913123394,4.190480913123394
16667332,Rosario Central,Jaminton Campaz,F,2,153,3.5676153846153853,4.19029177718833,4.19029177718833
16667325,Club Atlético Unión de Santa Fe,Juan Pablo Ludueña,D,26,2223,4.060353707307407,4.166210203752139,4.166210203752139
16667337,CA Lanús,Eduardo Salvio,M,25,1696,3.2172472277382926,4.157876019324503,4.157876019324503
16667328,Gimnasia y Esgrima,Enzo Martínez,D,24,2125,4.07840200586634,4.154561679526014,4.154561679526014
16667336,Gimnasia y Esgrima Mendoza,Matias Recalde,D,12,1080,4.144961149376759,4.14496114937676,4.14496114937676
16667330,Newell's Old Boys,Martín Ortega,D,10,710,3.0325257704072004,4.113480621925492,4.113480621925492
16667335,Atlético Tucumán,Leonel Vega,M,13,989,3.4461194300470104,4.112447489734125,4.112447489734125
16667335,Atlético Tucumán,Ezequiel Ham,M,16,763,2.3097361100780023,4.104656207577583,4.104656207577583
16671623,Tigre,Martín Garay,D,3,270,4.087120438646247,4.087120438646247,4.087120438646247
16667325,CA Independiente,Santiago Montiel,F,7,342,2.498960591133005,4.077899112925323,4.077899112925323
16667328,Gimnasia y Esgrima,Bautista Barros Schelotto,D,12,768,2.666318330362448,4.0745113338787275,4.0745113338787275
16667340,San Lorenzo,Facundo Farías,F,1,79,3.5752173913043475,4.0730324711062185,4.0730324711062185
16667328,Gimnasia y Esgrima,Pedro Silva,D,27,2299,3.806870085987031,4.0637289977244055,4.0637289977244055
16667330,Newell's Old Boys,Luca Regiardo,M,20,1770,3.998986780358675,4.0396044274174985,4.0396044274174985
16667332,Rosario Central,Agustín Sández,D,20,1416,3.0457513089936734,4.017562952391545,4.017562952391545
16667328,Banfield,Santiago López Garcia,D,17,1530,4.014990458704812,4.014990458704812,4.014990458704812
16667326,Club Atlético Belgrano,Leonardo Morales,D,27,2265,3.7930206049772988,4.008944286371522,4.008944286371522
16667333,CA Talleres,Augusto Schott,D,24,2042,3.767726037229213,3.994121231957921,3.994121231957921
16667331,Barracas Central,Kevin Jappert,D,13,1124,3.8864516311191477,3.988255945048462,3.988255945048462
16671623,Tigre,Jabes Saralegui,M,17,1130,2.9243153911131037,3.9734540257713062,3.9734540257713062
16671623,Vélez Sarsfield,Ronaldo Martinez,F,22,1560,3.2846475598579903,3.972919678598379,3.972919678598379
16671623,Vélez Sarsfield,Rodrigo Aliendro,M,26,1562,3.121853736614942,3.9552005501522034,3.9552005501522034
16667329,Defensa y Justicia,Santiago Sosa,M,24,2049,3.794218839410838,3.9462869918396657,3.9462869918396657
16667325,CA Independiente,Juan Miguel Arrayago,D,5,450,3.930455415713196,3.930455415713196,3.930455415713196
16667333,Instituto De Córdoba,Jonathan Galván,D,22,1619,3.3669153279668365,3.9184313514790174,3.9184313514790174
16667336,Gimnasia y Esgrima Mendoza,Fermin Antonini,M,21,1478,3.320813931699118,3.90846835560966,3.90846835560966
16667336,Gimnasia y Esgrima Mendoza,Diego Mondino,D,18,1417,3.4776439933426735,3.8994175791837202,3.8994175791837202
16667325,Club Atlético Unión de Santa Fe,Ignacio Malcorra,M,15,1211,3.679459697891652,3.889854564116932,3.889854564116932
16671623,Tigre,Valentín Moreno,D,16,1338,3.6583307365329425,3.875148220713597,3.875148220713597
16667335,Aldosivi,Felipe Anso,M,6,439,2.7248814865689863,3.8715500524400834,3.8715500524400834
16667335,Aldosivi,Lucas Castro,M,9,722,3.440052745755965,3.8686035518621193,3.8686035518621193
16667337,CA Lanús,José Canale,D,18,1575,3.6808922182430184,3.8435371457792495,3.8435371457792495
16667332,Argentinos Juniors,Hernán López Muñoz,F,8,563,3.3427511331869884,3.821668616521373,3.821668616521373
16667330,Club Atlético Platense,Maximiliano Amarfil,M,16,1122,3.1784747166027962,3.8147367277160242,3.8147367277160242
16667329,Central Córdoba,Alejandro Maciel,D,23,2070,3.793150363116654,3.793150363116654,3.793150363116654
16667329,Central Córdoba,Matías Vera,M,24,1994,3.449131429326385,3.7776680325326963,3.7776680325326963
16667338,Racing Club,Ignacio Rodríguez,D,7,616,3.672611100041189,3.7768953105675047,3.7768953105675047
16667335,Atlético Tucumán,Luciano Vallejo,D,15,1149,3.4065362386860985,3.763016673374866,3.763016673374866
16667340,San Lorenzo,Nicolás Tripichio,M,25,2180,3.6324952918635494,3.754775415147691,3.754775415147691
16667338,Sarmiento,Thyago Ayala,G,7,630,3.7517910898654585,3.7517910898654576,3.7517910898654576
16671623,Tigre,Juan Villalba,D,8,560,3.062961768427739,3.7279617684277384,3.7279617684277384
16667327,Huracán,Lucas Blondel,D,13,1079,3.722553729920561,3.7138833055173777,3.7138833055173777
16667338,Racing Club,Mateo Martinez,D,3,254,3.3933118022328546,3.7075839691366004,3.7075839691366004
16667326,Club Atlético Belgrano,Franco Vázquez,F,2,176,3.6360377358490563,3.7018516893374285,3.7018516893374285
16667327,Huracán,Máximo Palazzo,D,16,1244,3.7010529226949616,3.6773675778673756,3.6773675778673756
16667340,San Lorenzo,Ignacio Perruzzi,M,19,1230,2.6487988042153345,3.6304462937257496,3.6304462937257496
16667329,Central Córdoba,Facundo Mansilla,D,20,1719,3.441279415295108,3.6138115107072837,3.6138115107072837
16667333,CA Talleres,Gabriel Báez,D,12,891,2.69854742227765,3.612426492464565,3.612426492464565
16667330,Newell's Old Boys,Lucas Carrizo,D,14,1109,3.211726374646967,3.612347307002593,3.612347307002593
16667336,Deportivo Riestra,Milton Celiz,M,9,810,3.603231083823101,3.603231083823102,3.603231083823102
16667328,Banfield,Alexander Machado,F,5,415,3.293933333333333,3.5703457559681695,3.5703457559681695
16667338,Sarmiento,Juan Manuel Insaurralde,D,22,1913,3.4841089355889183,3.5679178408147068,3.5679178408147068
16667330,Club Atlético Platense,Víctor Cuesta,D,15,1350,3.5646337979690323,3.5646337979690323,3.5646337979690323
16667332,Argentinos Juniors,Tomás Molina,F,22,1753,3.204719041676897,3.561974810084681,3.561974810084681
16667337,Estudiantes de La Plata,Edwuin Cetré,F,13,385,1.2024398656898656,3.547069481800251,3.547069481800251
16671623,Vélez Sarsfield,Tomás Marchiori,G,9,810,3.535694297472075,3.535694297472075,3.535694297472075
16671623,Tigre,Nahuel Banegas,D,12,857,2.660571329338717,3.5309509523974607,3.5309509523974607
16667328,Banfield,Adrián Balboa,F,1,90,3.4869230769230763,3.486923076923077,3.486923076923077
16667336,Gimnasia y Esgrima Mendoza,Ignacio Sabatini,F,12,649,2.1239930683351735,3.4779249003920056,3.4779249003920056
16667330,Club Atlético Platense,Tomás Ariel Silva,D,21,1804,3.302403757963214,3.462752156186762,3.462752156186762
16667336,Deportivo Riestra,Carlos Quintana,D,6,495,3.2964759869759868,3.4562908017908014,3.4562908017908014
16667340,Boca Juniors,Sebastián Villa,F,6,216,1.1950220306513408,3.3807006511223148,3.3807006511223148
16667328,Gimnasia y Esgrima,Nacho Fernández,F,1,73,2.735,3.371917808219178,3.371917808219178
16667338,Sarmiento,Renzo Orihuela,D,15,1305,3.3030764267068338,3.365281554911962,3.365281554911962
16667340,San Lorenzo,Emiliano Amor,D,15,1306,3.289248815490161,3.365276864150523,3.365276864150523
16667330,Club Atlético Platense,Mateo Mendia,D,9,810,3.356069046224192,3.356069046224192,3.356069046224192
16667335,Aldosivi,Néstor Breitenbruch,D,9,810,3.347579987726514,3.347579987726514,3.347579987726514
16667328,Gimnasia y Esgrima,Lucas Janson,F,2,132,2.4720000000000004,3.3420000000000005,3.3420000000000005
16667331,Barracas Central,Nicolás Demartini,D,18,1596,3.270961931685369,3.3257583810272733,3.3257583810272733
16667331,Independiente Rivadavia,Nicolás Bolcato,G,24,2146,3.2890979817350323,3.313999297524506,3.313999297524506
16667327,Huracán,Rodrigo Fernández,M,12,482,1.0908233511314394,3.301889212536956,3.301889212536956
16667326,Club Atlético Belgrano,Thiago Cardozo,G,28,2550,3.3303224558490094,3.293745074896628,3.293745074896628
16667337,Estudiantes de La Plata,Fernando Muslera,G,18,1575,3.214711376777031,3.284949472015126,3.284949472015126
16667331,Barracas Central,Norberto Briasco,F,16,876,1.746550716507939,3.2831712953735934,3.2831712953735934
16667332,Argentinos Juniors,Brayan Cortés,G,28,2580,3.3441996121880537,3.2572137835512818,3.2572137835512818
16667335,Aldosivi,Joaquin Pombo,D,9,765,3.084730604439843,3.2258417155509544,3.2258417155509544
16667329,Defensa y Justicia,Juan Manuel Gutiérrez,F,14,1139,3.0915254987960092,3.1507583381963076,3.1507583381963076
16667330,Newell's Old Boys,Josué Reinatti,G,14,1260,3.1302514753632846,3.1302514753632846,3.1302514753632846
16667329,Central Córdoba,Marco Iacobellis,F,3,223,2.5970940685045947,3.079086092332148,3.079086092332148
16667340,San Lorenzo,José Devecchi,G,8,657,2.7005829041612928,3.0788917276907046,3.0788917276907046
16667328,Banfield,Nicolás Meriano,D,21,1564,2.3468093129828715,3.0631854070867752,3.0631854070867752
16667325,CA Independiente,Juan Fedorco,D,17,1085,2.7935445401940644,3.0479237791181952,3.0479237791181952
16667340,San Lorenzo,Rodrigo Auzmendi,F,7,182,0.6037746031746032,3.0449363689633335,3.0449363689633335
16667333,CA Talleres,Federico Fattori,D,2,148,2.890685714285714,3.042015763546798,3.042015763546798
16667327,Huracán,Hernán Galíndez,G,26,2400,3.0358596225574077,2.965621649827796,2.965621649827796
16667326,Estudiantes de Río Cuarto,Matias Valenti,D,18,1451,2.618346180551679,2.965285093490592,2.965285093490592
16667331,Barracas Central,Tomás Porra,F,1,70,2.3044444444444445,2.9628571428571426,2.9628571428571426
16667336,Deportivo Riestra,Cristian Paz,D,24,2143,2.87933912155242,2.907826564474794,2.907826564474794
16667340,San Lorenzo,Alexis Cuello,F,23,1981,2.786976339313071,2.905880736546273,2.905880736546273
16667328,Banfield,Ignacio Abraham,D,18,1553,2.782189292088636,2.903566103682839,2.903566103682839
16667335,Aldosivi,Elías López,D,6,386,2.2185422996310087,2.872712584166319,2.872712584166319
16667335,Atlético Tucumán,Nicolás Laméndola,F,7,442,1.7195411345411344,2.8695543443920464,2.8695543443920464
16667330,Newell's Old Boys,Santiago Solari,F,15,942,2.1992283112312525,2.8628983160984176,2.8628983160984176
16667327,River Plate,Santiago Beltrán,G,29,2595,2.7986901046001895,2.8371791328133558,2.8371791328133558
16667326,Club Atlético Belgrano,Federico Ricca,D,11,682,2.025415035130824,2.8101431939890915,2.8101431939890915
16667336,Deportivo Riestra,Nicolás Sansotre,D,20,1757,2.767409438664976,2.805628725183411,2.805628725183411
16667330,Newell's Old Boys,Rodrigo Herrera,M,20,1320,2.164410009756208,2.803918412227831,2.803918412227831
16667331,Barracas Central,Marcelo Agustín Miño,G,20,1790,2.7530587014316734,2.786022987145959,2.786022987145959
16667329,Central Córdoba,Diego Barrera,D,5,406,2.474818033205619,2.772047633993948,2.772047633993948
16667327,Huracán,Oscar Cortés,F,9,587,2.273879188712522,2.7419308469951287,2.7419308469951287
16667331,Independiente Rivadavia,Alex Vigo,D,9,383,1.4562156862745097,2.737584780988419,2.737584780988419
16667328,Gimnasia y Esgrima,Nelson Insfrán,G,25,2188,2.554587392770694,2.732320726104027,2.732320726104027
16667340,San Lorenzo,Teo Rodríguez Pagano,D,13,932,2.2971658395914902,2.7221690561776817,2.7221690561776817
16667337,CA Lanús,Nahuel Losada,G,24,2160,2.7084885198882387,2.7084885198882387,2.7084885198882387
16667330,Club Atlético Platense,Gonzalo Lencina,F,14,677,1.53570277026281,2.706026679587826,2.706026679587826
16667340,San Lorenzo,Danilo Arboleda,D,16,1375,2.487029699916393,2.681217199916393,2.681217199916393
16671623,Tigre,Felipe Zenobio,G,23,2070,2.681207660972258,2.681207660972258,2.681207660972258
16667338,Racing Club,Adrián Martínez,F,21,1698,2.4451158709368044,2.674548793265309,2.674548793265309
16667336,Gimnasia y Esgrima Mendoza,Cesar Rigamonti,G,23,2070,2.6619240877692465,2.6619240877692465,2.6619240877692465
16667336,Deportivo Riestra,Alexander Díaz,F,18,1041,1.7696707901983635,2.661542921912785,2.661542921912785
16667333,Instituto De Córdoba,Marcos Ledesma,G,9,810,2.653174802145981,2.653174802145981,2.653174802145981
16667329,Central Córdoba,Santiago Moyano,D,23,1664,2.2024765940138935,2.64910132311738,2.64910132311738
16667335,Atlético Tucumán,Leandro Díaz,F,20,1497,3.5702195449711573,2.6406439090946137,2.6406439090946137
16667336,Deportivo Riestra,Ignacio Arce,G,25,2250,2.6318675190025975,2.6318675190025975,2.6318675190025975
16667336,Deportivo Riestra,Yonatan Goitia,D,9,145,0.2444305555555555,2.621948176974266,2.621948176974266
16667340,Boca Juniors,Álvaro Montero,G,8,720,2.615302657978806,2.615302657978806,2.615302657978806
16667338,Sarmiento,Santiago Salle,D,6,506,2.63084969564749,2.601501751924546,2.601501751924546
16667326,Estudiantes de Río Cuarto,Gonzalo Maffini,D,20,1800,2.5967842193751975,2.5967842193751975,2.5967842193751975
16667333,Instituto De Córdoba,Giuliano Cerato,D,3,260,2.5778484042553194,2.5948484042553193,2.5948484042553193
16667329,Central Córdoba,Leonardo Marchi,D,7,301,1.1614347557204698,2.5014415414595206,2.5014415414595206
16667329,Defensa y Justicia,Fernando Román,D,14,937,2.135222539355405,2.4944369677841194,2.4944369677841194
16667326,Estudiantes de Río Cuarto,Ibrahim Hesar,F,5,437,2.471007792207792,2.487412554112553,2.487412554112553
16667336,Deportivo Riestra,Mariano Bracamonte,D,13,992,2.576464932841122,2.483322590134033,2.483322590134033
16667330,Club Atlético Platense,Juan Ignacio Saborido,D,22,1779,2.341516067624297,2.4831513330604413,2.4831513330604413
16667335,Atlético Tucumán,Ignacio Galván,D,19,1418,2.6324170292759885,2.4795784140712245,2.4795784140712245
16667329,Central Córdoba,Alan Aguerre,G,23,1939,2.42422469930711,2.46646072415183,2.46646072415183
16667338,Sarmiento,Nicolás Pasquini,D,6,439,3.2233810700944847,2.462511058357395,2.462511058357395
16667335,Atlético Tucumán,Luis Ingolotti,G,25,2250,2.446958213595742,2.446958213595742,2.446958213595742
16667325,CA Independiente,Chimy Ávila,F,2,111,1.5619999999999998,2.4063024193548386,2.4063024193548386
16667332,Rosario Central,Jeremías Ledesma,G,23,2100,2.440804199036626,2.3873844665951545,2.3873844665951545
16667336,Deportivo Riestra,Antony Alonso,F,7,397,1.7533892083149047,2.3794686003392522,2.3794686003392522
16667337,CA Lanús,Matías Sepúlveda,M,22,900,1.974779803209409,2.3673507863169734,2.3673507863169734
16667338,Racing Club,Facundo Cambeses,G,27,2460,2.3817823217012677,2.363911951330897,2.363911951330897
16667333,CA Talleres,Ezequiel Unsaín,G,9,810,2.3397950118825097,2.3397950118825097,2.3397950118825097
16667338,Racing Club,Lautaro Díaz,F,7,470,1.7031913230879394,2.3264417036851937,2.3264417036851937
16667333,Instituto De Córdoba,Diego Alejandro Sosa,D,3,261,2.205166278166278,2.309524302857636,2.309524302857636
16667328,Banfield,Santiago Esquivel,M,15,738,1.4317040143380808,2.2492362118693943,2.2492362118693943
16667325,CA Independiente,Rodrigo Rey,G,26,2340,2.2385519689814823,2.2385519689814823,2.2385519689814823
16667328,Banfield,Brandon Oviedo,D,5,424,2.2105507608333697,2.2353632608333696,2.2353632608333696
16667335,Aldosivi,Tomás Fernández,F,11,497,1.8026893106893105,2.2330316416930365,2.2330316416930365
16667326,Estudiantes de Río Cuarto,Juan Antonini,D,14,1133,1.9157090912994037,2.199651791384011,2.199651791384011
16667325,Club Atlético Unión de Santa Fe,Matías Mansilla,G,27,2430,2.148301441199569,2.148301441199569,2.148301441199569
16667326,Estudiantes de Río Cuarto,Tomas Gonzalez,F,2,179,2.0665232974910395,2.0864171801377314,2.0864171801377314
16667330,Newell's Old Boys,Facundo Guch,F,3,158,1.4257619047619048,2.085779377880184,2.085779377880184
16667336,Gimnasia y Esgrima Mendoza,Ulises Sánchez,M,16,848,1.5246553477730447,2.04014301040793,2.04014301040793
16667325,CA Independiente,Mateo Perez Curci,M,17,1111,1.9661044773585752,2.036173057156284,2.036173057156284
16667329,Defensa y Justicia,Matías Borgogno,G,16,1440,2.034027866337488,2.034027866337488,2.034027866337488
16667330,Club Atlético Platense,Juan Cozzani,G,8,720,1.9671459878161015,1.9671459878161013,1.9671459878161013
16667326,Estudiantes de Río Cuarto,Lucas Bruera,G,9,810,1.9538842189649206,1.9538842189649206,1.9538842189649206
16667331,Barracas Central,Gonzalo Maroni,F,5,382,1.83335078899595,1.9487929427674753,1.9487929427674753
16667326,Estudiantes de Río Cuarto,Gabriel Alanís,F,5,377,1.9456168498168496,1.8612379678292719,1.8612379678292719
16667335,Atlético Tucumán,Renzo Tesuri,F,2,161,1.6932142857142853,1.8015945674044263,1.8015945674044263
16667326,Estudiantes de Río Cuarto,Mauro Valiente,F,11,493,0.8588815737691334,1.7929900266020844,1.7929900266020844
16667325,Club Atlético Unión de Santa Fe,Tomás Fagioli,D,4,360,1.7927587865011365,1.7927587865011365,1.7927587865011365
16667326,Estudiantes de Río Cuarto,Alejandro Cabrera,D,2,39,0.2925000000000002,1.75673076923077,1.75673076923077
16667331,Barracas Central,Damián Martínez,D,7,318,1.0242009020999705,1.7533341509375775,1.7533341509375775
16667329,Defensa y Justicia,Leandro Fernández,F,7,153,0.40928571428571425,1.7516296560582272,1.7516296560582272
16667336,Gimnasia y Esgrima Mendoza,Luciano Paredes,D,19,1251,1.5404649705429911,1.7119596813221667,1.7119596813221667
16667335,Aldosivi,Lucas Acosta,G,6,540,1.6575592177029763,1.6575592177029763,1.6575592177029763
16667338,Racing Club,Ulises Ortegoza,F,2,146,1.1832666666666667,1.653969608416131,1.653969608416131
16667325,CA Independiente,Leonardo Godoy,D,16,1056,2.3938280957987907,1.6503396610508898,1.6503396610508898
16667335,Aldosivi,Martin Garcia,F,2,158,1.4537272727272725,1.6203360952269807,1.6203360952269807
16667328,Banfield,Diego Rodríguez,G,3,270,1.5013027894654822,1.501302789465482,1.501302789465482
16667338,Sarmiento,Jonathan Herrera,F,16,990,0.8173442520510533,1.4479612974798248,1.4479612974798248
16667330,Club Atlético Platense,Franco Zapiola,F,2,143,0.9872453222453222,1.3682565227547234,1.3682565227547234
16667335,Aldosivi,Mateo Vales,D,4,289,1.0653863636363636,1.2374244796299592,1.2374244796299592
16667329,Central Córdoba,Lucas Varaldo,F,14,426,0.545500603304563,1.2292430791583289,1.2292430791583289
16667336,Deportivo Riestra,Pedro Ramírez,D,13,984,1.2014352819523095,1.0995262978204994,1.0995262978204994
16667329,Defensa y Justicia,Jeremías Lucco,F,3,52,0.11315151515151511,0.9732580463015242,0.9732580463015242
16667330,Club Atlético Platense,Guido Mainero,F,5,227,0.18731837606837598,0.803736935768679,0.803736935768679
16667338,Racing Club,Matías Zaracho,F,1,60,0.49533333333333285,0.7429999999999992,0.7429999999999992
16667331,Barracas Central,Elías Pereyra,D,6,277,1.196328468359906,0.7288572554474615,0.7288572554474615
16667338,Sarmiento,Julian Contrera,F,7,292,0.4496934444865478,0.5166458254389286,0.5166458254389286
16671623,Tigre,Santiago López,F,9,337,0.4650277130277131,0.3194940697707287,0.3194940697707287
16667336,Deportivo Riestra,Nicolás Benegas,F,18,825,0.5209547538956931,0.14884903158584284,0.14884903158584284
16667335,Atlético Tucumán,Lautaro Agustin Godoy,F,1,59,0.04999999999999982,0.0762711864406777,0.0762711864406777
16667340,Boca Juniors,Carlos Palacios,F,1,31,0.012307692307692353,0.035732009925558444,0.035732009925558444
16667326,Estudiantes de Río Cuarto,Gonzalo Gonzalez,D,1,55,-0.023214285714285854,-0.037987012987013215,-0.037987012987013215
16667337,Estudiantes de La Plata,Fabricio Pérez,F,6,118,0.7149074074074074,-0.2723842592592595,-0.2723842592592595
16667325,CA Independiente,Facundo Zabala,D,24,1948,3.1036582579035215,-1.0499135385628646,-1.0499135385628646
16667330,Newell's Old Boys,Walter Mazzantti,F,5,93,-0.08828571428571433,-1.1464003759398498,-1.1464003759398498
16667328,Banfield,Lautaro Gomez,F,1,62,-1.2350000000000003,-1.7927419354838714,-1.7927419354838714
16667329,Central Córdoba,Fernando Martínez,D,13,531,0.6032197802197801,-2.5938910094880248,-2.5938910094880248
16667340,San Lorenzo,Guzmán Corujo,D,6,283,1.1389754901960785,-12.409357843137256,-12.409357843137256
